00:00:00.719192 VirtualBox VM 7.2.14 r174565 win.arm64 (Jul 17 2026 17:52:38) release log
00:00:00.719195 Log opened 2026-07-27T16:51:58.973870800Z
00:00:00.719195 Build Type: release
00:00:00.719197 OS Product: Windows 11
00:00:00.719261 OS Release: 10.0.26200.8655
00:00:00.719261 OS Service Pack: 
00:00:00.735755 DMI Product Name: Galaxy Book4 Edge
00:00:00.743611 DMI Product Version: 1.0
00:00:00.743623 Firmware type: UEFI
00:00:00.744650 Secure Boot: Enabled
00:00:00.744660 Host RAM: 15973MB (15.5GB) total, 4981MB (4.8GB) available
00:00:00.744662 Executable: C:\Program Files\Oracle\VirtualBox\VirtualBoxVM.exe
00:00:00.744662 Process ID: 38848
00:00:00.744663 Package type: WINDOWS_ARM64_GENERIC
00:00:00.744663 Windows Features:
00:00:00.744663   Core Isolation (Memory Integrity): ENABLED
00:00:00.745234 Installed Extension Packs:
00:00:00.745253   None installed!
00:00:00.745671 Console: Machine state changed to 'Restoring'
00:00:00.745781 GUI: Qt version: 6.8.0
00:00:00.745797 GUI: HID LEDs sync is enabled
00:00:00.752377 GUI: UIMediumEnumerator: Medium-enumeration finished!
00:00:00.762118 SUP: seg #0: R   0x00000000 LB 0x00001000
00:00:00.762142 SUP: seg #1: R X 0x00001000 LB 0x00011000
00:00:00.762145 SUP: seg #2: R   0x00012000 LB 0x00005000
00:00:00.762147 SUP: seg #3: RW  0x00017000 LB 0x00001000
00:00:00.762150 SUP: seg #4: R   0x00018000 LB 0x00002000
00:00:00.762153 SUP: seg #5: R X 0x0001a000 LB 0x00001000
00:00:00.762155 SUP: seg #6: R   0x0001b000 LB 0x00002000
00:00:00.762277 SUP: Loaded VMMR0.r0 (C:\Program Files\Oracle\VirtualBox/VMMR0.r0) at 0xXXXXXXXXXXXXXXXX - ModuleInit at XXXXXXXXXXXXXXXX and ModuleTerm at XXXXXXXXXXXXXXXX using the native ring-0 loader
00:00:00.762286 SUP: VMMR0EntryEx located at XXXXXXXXXXXXXXXX and VMMR0EntryFast at XXXXXXXXXXXXXXXX
00:00:00.762288 SUP: windbg> .reload /f C:\Program Files\Oracle\VirtualBox/VMMR0.r0=0xXXXXXXXXXXXXXXXX
00:00:00.774322 Guest architecture: ARM
00:00:00.774373 Guest OS type: 'Ubuntu_arm64'
00:00:00.776487 File system of 'C:\Users\rakhi\OneDrive\Desktop\Extra coding stuff\Nubes\Snapshots' (snapshots) is ntfs
00:00:00.776507 File system of 'C:\Users\rakhi\OneDrive\Desktop\Extra coding stuff\Nubes\Nubes.vdi' is ntfs
00:00:00.776817 File system of 'C:/Users/rakhi/Downloads/kali-linux-2026.2-installer-arm64.iso' (DVD) is ntfs
00:00:00.781228 Shared Clipboard: Initialized OLE
00:00:00.781252 Shared Clipboard: Service loaded
00:00:00.781257 Shared Clipboard: Mode: Off
00:00:00.781291 Shared Clipboard: Service running in normal mode
00:00:00.781748 Drag and drop service loaded
00:00:00.781764 Drag and drop mode: Off
00:00:00.782157 Audio: Detected default audio driver type is 'HostAudioWas'
00:00:00.784030 Memory Regions:
00:00:00.784036     0000000000000000 - 0000000003ffffff (67108864) ROM  firmware
00:00:00.784040     0000000004000000 - 0000000007ffffff (67108864) MMIO flash
00:00:00.784043     0000000008000000 - 00000000c37fffff (3145728000) RAM  RAM Base
00:00:00.784045     00000000c3800000 - 00000000d37fffff (268435456) MMIO pci-mmio32
00:00:00.784048     00000000d3800000 - 00000000fcd1ffff (693239808) FREE Free
00:00:00.784050     00000000fcd20000 - 00000000fcd2ffff (65536) MMIO pci-pio
00:00:00.784053     00000000fcd30000 - 00000000fed3ffff (33619968) MMIO gic
00:00:00.784055     00000000fed40000 - 00000000fed45fff (24576) MMIO tpm
00:00:00.784058     00000000fed46000 - 00000000fedddfff (622592) FREE Free
00:00:00.784060     00000000fedde000 - 00000000ffdddfff (16777216) MMIO pci-ecam
00:00:00.784062     00000000ffdde000 - 00000000ffddefff (4096) MMIO arm-pl061-gpio
00:00:00.784065     00000000ffddf000 - 00000000ffddffff (4096) MMIO arm-pl031-rtc
00:00:00.784067     00000000ffde0000 - 00000000ffdfffff (131072) MMIO gic-its
00:00:00.784070     00000000ffe00000 - 00000000ffffffff (2097152) ROM  platform-tables
00:00:00.784072     0000000100000000 - 000000017fffffff (2147483648) MMIO pci-mmio
00:00:00.784075     0000000180000000 - ffffffffffffffff (18446744067267100672) FREE Free
00:00:00.784367 ************************* CFGM dump *************************
00:00:00.784372 [/] (level 0)
00:00:00.784372   CpuExecutionCap <integer> = 0x0000000000000064 (100)
00:00:00.784373   Name            <string>  = "Nubes" (cb=6)
00:00:00.784374   NumCPUs         <integer> = 0x0000000000000003 (3)
00:00:00.784374   TimerMillies    <integer> = 0x000000000000000a (10)
00:00:00.784375   UUID            <bytes>   = "11 1a c9 e9 17 09 63 43 87 4f e7 54 75 dc 4d c5" (cb=16)
00:00:00.784376 
00:00:00.784376 [/CPUM/] (level 1)
00:00:00.784377   GicArchRev   <integer> = 0x0000000000000003 (3)
00:00:00.784377   NestedHWVirt <integer> = 0x0000000000000000 (0)
00:00:00.784378 
00:00:00.784378 [/DBGC/] (level 1)
00:00:00.784378   GlobalInitScript <string>  = "C:\Users\rakhi\.VirtualBox/dbgc-init" (cb=37)
00:00:00.784379   HistoryFile      <string>  = "C:\Users\rakhi\.VirtualBox/dbgc-history" (cb=40)
00:00:00.784379   LocalInitScript  <string>  = "C:\Users\rakhi\OneDrive\Desktop\Extra coding stuff\Nubes/dbgc-init" (cb=67)
00:00:00.784379 
00:00:00.784379 [/DBGF/] (level 1)
00:00:00.784380   Path <string>  = "C:\Users\rakhi\OneDrive\Desktop\Extra coding stuff\Nubes/debug/;C:\Users\rakhi\OneDrive\Desktop\Extra coding stuff\Nubes/;cache*C:\Users\rakhi\OneDrive\Desktop\Extra coding stuff\Nubes/dbgcache/;C:\Users\rakhi\" (cb=211)
00:00:00.784380 
00:00:00.784380 [/Devices/] (level 1)
00:00:00.784381 
00:00:00.784381 [/Devices/3c501/] (level 2)
00:00:00.784381 
00:00:00.784381 [/Devices/VMMDev/] (level 2)
00:00:00.784381 
00:00:00.784382 [/Devices/VMMDev/0/] (level 3)
00:00:00.784382   PCIBusNo      <integer> = 0x0000000000000000 (0)
00:00:00.784383   PCIDeviceNo   <integer> = 0x0000000000000001 (1)
00:00:00.784383   PCIFunctionNo <integer> = 0x0000000000000000 (0)
00:00:00.784383   Trusted       <integer> = 0x0000000000000001 (1)
00:00:00.784384 
00:00:00.784384 [/Devices/VMMDev/0/Config/] (level 4)
00:00:00.784384   GuestCoreDumpDir <string>  = "C:\Users\rakhi\OneDrive\Desktop\Extra coding stuff\Nubes\Snapshots" (cb=67)
00:00:00.784385   MmioReq          <integer> = 0x0000000000000001 (1)
00:00:00.784385 
00:00:00.784385 [/Devices/VMMDev/0/LUN#0/] (level 4)
00:00:00.784386   Driver <string>  = "HGCM" (cb=5)
00:00:00.784386 
00:00:00.784386 [/Devices/VMMDev/0/LUN#0/Config/] (level 5)
00:00:00.784387 
00:00:00.784387 [/Devices/VMMDev/0/LUN#999/] (level 4)
00:00:00.784387   Driver <string>  = "MainStatus" (cb=11)
00:00:00.784388 
00:00:00.784388 [/Devices/VMMDev/0/LUN#999/Config/] (level 5)
00:00:00.784388   First                <integer> = 0x0000000000000000 (0)
00:00:00.784389   HasMediumAttachments <integer> = 0x0000000000000000 (0)
00:00:00.784389   Last                 <integer> = 0x0000000000000000 (0)
00:00:00.784389   iLedSet              <integer> = 0x0000000000000004 (4)
00:00:00.784390 
00:00:00.784390 [/Devices/arm-pl011/] (level 2)
00:00:00.784390 
00:00:00.784390 [/Devices/arm-pl031-rtc/] (level 2)
00:00:00.784391 
00:00:00.784391 [/Devices/arm-pl031-rtc/0/] (level 3)
00:00:00.784391 
00:00:00.784391 [/Devices/arm-pl031-rtc/0/Config/] (level 4)
00:00:00.784392   Irq       <integer> = 0x0000000000000000 (0)
00:00:00.784393   MmioBase  <integer> = 0x00000000ffddf000 (4 292 734 976)
00:00:00.784393   UtcOffset <integer> = 0x0000000000000001 (1)
00:00:00.784393 
00:00:00.784394 [/Devices/arm-pl061-gpio/] (level 2)
00:00:00.784394 
00:00:00.784394 [/Devices/arm-pl061-gpio/0/] (level 3)
00:00:00.784395 
00:00:00.784395 [/Devices/arm-pl061-gpio/0/Config/] (level 4)
00:00:00.784395   Irq      <integer> = 0x0000000000000001 (1)
00:00:00.784395   MmioBase <integer> = 0x00000000ffdde000 (4 292 730 880)
00:00:00.784396 
00:00:00.784396 [/Devices/arm-pl061-gpio/0/LUN#0/] (level 4)
00:00:00.784396   Driver <string>  = "GpioButton" (cb=11)
00:00:00.784397 
00:00:00.784397 [/Devices/arm-pl061-gpio/0/LUN#0/Config/] (level 5)
00:00:00.784397   PowerButtonGpio <integer> = 0x0000000000000003 (3)
00:00:00.784397   SleepButtonGpio <integer> = 0x0000000000000004 (4)
00:00:00.784398 
00:00:00.784398 [/Devices/dp8390/] (level 2)
00:00:00.784398 
00:00:00.784398 [/Devices/e1000/] (level 2)
00:00:00.784399 
00:00:00.784399 [/Devices/e1000/0/] (level 3)
00:00:00.784399   PCIBusNo      <integer> = 0x0000000000000000 (0)
00:00:00.784399   PCIDeviceNo   <integer> = 0x0000000000000008 (8)
00:00:00.784400   PCIFunctionNo <integer> = 0x0000000000000000 (0)
00:00:00.784400   Trusted       <integer> = 0x0000000000000001 (1)
00:00:00.784400 
00:00:00.784400 [/Devices/e1000/0/Config/] (level 4)
00:00:00.784401   AdapterType    <integer> = 0x0000000000000000 (0)
00:00:00.784401   CableConnected <integer> = 0x0000000000000001 (1)
00:00:00.784401   LineSpeed      <integer> = 0x0000000000000000 (0)
00:00:00.784402   MAC            <bytes>   = "08 00 27 d0 2b 6e" (cb=6)
00:00:00.784402 
00:00:00.784402 [/Devices/e1000/0/LUN#0/] (level 4)
00:00:00.784403   Driver <string>  = "NAT" (cb=4)
00:00:00.784403 
00:00:00.784403 [/Devices/e1000/0/LUN#0/Config/] (level 5)
00:00:00.784404   AliasMode          <integer> = 0x0000000000000000 (0)
00:00:00.784404   DNSProxy           <integer> = 0x0000000000000000 (0)
00:00:00.784404   EnableTFTP         <integer> = 0x0000000000000000 (0)
00:00:00.784405   ForwardBroadcast   <integer> = 0x0000000000000000 (0)
00:00:00.784405   LocalhostReachable <integer> = 0x0000000000000000 (0)
00:00:00.784405   Network            <string>  = "10.0.2.0/24" (cb=12)
00:00:00.784406   PassDomain         <integer> = 0x0000000000000001 (1)
00:00:00.784406   UseHostResolver    <integer> = 0x0000000000000000 (0)
00:00:00.784406 
00:00:00.784406 [/Devices/e1000/0/LUN#999/] (level 4)
00:00:00.784407   Driver <string>  = "MainStatus" (cb=11)
00:00:00.784407 
00:00:00.784407 [/Devices/e1000/0/LUN#999/Config/] (level 5)
00:00:00.784408   First                <integer> = 0x0000000000000000 (0)
00:00:00.784408   HasMediumAttachments <integer> = 0x0000000000000000 (0)
00:00:00.784408   Last                 <integer> = 0x0000000000000000 (0)
00:00:00.784409   iLedSet              <integer> = 0x0000000000000003 (3)
00:00:00.784409 
00:00:00.784409 [/Devices/flash-cfi/] (level 2)
00:00:00.784410 
00:00:00.784410 [/Devices/flash-cfi/0/] (level 3)
00:00:00.784410 
00:00:00.784410 [/Devices/flash-cfi/0/Config/] (level 4)
00:00:00.784411   BaseAddress <integer> = 0x0000000004000000 (67 108 864)
00:00:00.784411   FlashFile   <string>  = "nvram" (cb=6)
00:00:00.784411   Size        <integer> = 0x00000000000c0000 (786 432, 768.0 KiB)
00:00:00.784414 
00:00:00.784414 [/Devices/flash-cfi/0/LUN#0/] (level 4)
00:00:00.784415   Driver <string>  = "NvramStore" (cb=11)
00:00:00.784415 
00:00:00.784415 [/Devices/gic-nem/] (level 2)
00:00:00.784415 
00:00:00.784415 [/Devices/gic-nem/0/] (level 3)
00:00:00.784416   Trusted <integer> = 0x0000000000000001 (1)
00:00:00.784416 
00:00:00.784416 [/Devices/gic-nem/0/Config/] (level 4)
00:00:00.784416   ArchRev               <integer> = 0x0000000000000003 (3)
00:00:00.784417   DistributorMmioBase   <integer> = 0x00000000fcd30000 (4 241 686 528)
00:00:00.784417   RedistributorMmioBase <integer> = 0x00000000fcd40000 (4 241 752 064)
00:00:00.784417 
00:00:00.784418 [/Devices/hda/] (level 2)
00:00:00.784418 
00:00:00.784418 [/Devices/hda/0/] (level 3)
00:00:00.784418   PCIBusNo      <integer> = 0x0000000000000000 (0)
00:00:00.784419   PCIDeviceNo   <integer> = 0x0000000000000002 (2)
00:00:00.784419   PCIFunctionNo <integer> = 0x0000000000000000 (0)
00:00:00.784419   Trusted       <integer> = 0x0000000000000001 (1)
00:00:00.784420 
00:00:00.784420 [/Devices/hda/0/AudioConfig/] (level 4)
00:00:00.784420 
00:00:00.784420 [/Devices/hda/0/Config/] (level 4)
00:00:00.784421   DebugEnabled <integer> = 0x0000000000000000 (0)
00:00:00.784421 
00:00:00.784421 [/Devices/hda/0/LUN#0/] (level 4)
00:00:00.784421   Driver <string>  = "AUDIO" (cb=6)
00:00:00.784422 
00:00:00.784422 [/Devices/hda/0/LUN#0/AttachedDriver/] (level 5)
00:00:00.784422   Driver <string>  = "HostAudioWas" (cb=13)
00:00:00.784423 
00:00:00.784423 [/Devices/hda/0/LUN#0/AttachedDriver/Config/] (level 6)
00:00:00.784423   VmName <string>  = "Nubes" (cb=6)
00:00:00.784424   VmUuid <string>  = "e9c91a11-0917-4363-874f-e75475dc4dc5" (cb=37)
00:00:00.784424 
00:00:00.784424 [/Devices/hda/0/LUN#0/Config/] (level 5)
00:00:00.784425   DriverName    <string>  = "HostAudioWas" (cb=13)
00:00:00.784425   InputEnabled  <integer> = 0x0000000000000000 (0)
00:00:00.784425   OutputEnabled <integer> = 0x0000000000000001 (1)
00:00:00.784425 
00:00:00.784426 [/Devices/hda/0/LUN#1/] (level 4)
00:00:00.784426   Driver <string>  = "AUDIO" (cb=6)
00:00:00.784426 
00:00:00.784426 [/Devices/hda/0/LUN#2/] (level 4)
00:00:00.784427   Driver <string>  = "AUDIO" (cb=6)
00:00:00.784427 
00:00:00.784427 [/Devices/pci-generic-ecam/] (level 2)
00:00:00.784427 
00:00:00.784428 [/Devices/pci-generic-ecam/0/] (level 3)
00:00:00.784428 
00:00:00.784428 [/Devices/pci-generic-ecam/0/Config/] (level 4)
00:00:00.784429   IntPinA        <integer> = 0x0000000000000002 (2)
00:00:00.784429   IntPinB        <integer> = 0x0000000000000003 (3)
00:00:00.784429   IntPinC        <integer> = 0x0000000000000004 (4)
00:00:00.784429   IntPinD        <integer> = 0x0000000000000005 (5)
00:00:00.784430   MmioEcamBase   <integer> = 0x00000000fedde000 (4 275 953 664)
00:00:00.784430   MmioEcamLength <integer> = 0x0000000001000000 (16 777 216)
00:00:00.784430   MmioPioBase    <integer> = 0x00000000fcd20000 (4 241 620 992)
00:00:00.784431   MmioPioSize    <integer> = 0x0000000000010000 (65 536, 64.0 KiB)
00:00:00.784431 
00:00:00.784431 [/Devices/pci-generic-ecam-bridge/] (level 2)
00:00:00.784432 
00:00:00.784432 [/Devices/pci-generic-ecam-bridge/0/] (level 3)
00:00:00.784432 
00:00:00.784432 [/Devices/pci-generic-ecam-bridge/0/Config/] (level 4)
00:00:00.784433 
00:00:00.784433 [/Devices/pcnet/] (level 2)
00:00:00.784433 
00:00:00.784433 [/Devices/platform/] (level 2)
00:00:00.784434 
00:00:00.784434 [/Devices/platform/0/] (level 3)
00:00:00.784434 
00:00:00.784434 [/Devices/platform/0/Config/] (level 4)
00:00:00.784435   ResourceNamespace <string>  = "resources" (cb=10)
00:00:00.784435 
00:00:00.784435 [/Devices/platform/0/Config/Resources/] (level 5)
00:00:00.784436 
00:00:00.784436 [/Devices/platform/0/Config/Resources/ArmV8Desc/] (level 6)
00:00:00.784436   GCPhysLoadAddress <integer> = 0x00000000ffe00000 (4 292 870 144)
00:00:00.784437   RegisterAsRom     <integer> = 0x0000000000000001 (1)
00:00:00.784437   ResourceId        <string>  = "VBoxArmV8Desc" (cb=14)
00:00:00.784437 
00:00:00.784437 [/Devices/platform/0/Config/Resources/EfiRom/] (level 6)
00:00:00.784438   GCPhysLoadAddress <integer> = 0x0000000000000000 (0)
00:00:00.784438   RegisterAsRom     <integer> = 0x0000000000000001 (1)
00:00:00.784438   ResourceId        <string>  = "VBoxEFI-arm64.fd" (cb=17)
00:00:00.784439 
00:00:00.784439 [/Devices/platform/0/LUN#0/] (level 4)
00:00:00.784439   Driver <string>  = "ResourceStore" (cb=14)
00:00:00.784440 
00:00:00.784440 [/Devices/pmu/] (level 2)
00:00:00.784440 
00:00:00.784440 [/Devices/pmu/0/] (level 3)
00:00:00.784441   Trusted <integer> = 0x0000000000000001 (1)
00:00:00.784441 
00:00:00.784441 [/Devices/pmu/0/Config/] (level 4)
00:00:00.784441 
00:00:00.784441 [/Devices/usb-xhci/] (level 2)
00:00:00.784442 
00:00:00.784442 [/Devices/usb-xhci/0/] (level 3)
00:00:00.784443   PCIBusNo      <integer> = 0x0000000000000000 (0)
00:00:00.784443   PCIDeviceNo   <integer> = 0x0000000000000006 (6)
00:00:00.784443   PCIFunctionNo <integer> = 0x0000000000000000 (0)
00:00:00.784444   Trusted       <integer> = 0x0000000000000001 (1)
00:00:00.784444 
00:00:00.784444 [/Devices/usb-xhci/0/Config/] (level 4)
00:00:00.784444 
00:00:00.784444 [/Devices/usb-xhci/0/LUN#0/] (level 4)
00:00:00.784445   Driver <string>  = "VUSBRootHub" (cb=12)
00:00:00.784445 
00:00:00.784445 [/Devices/usb-xhci/0/LUN#0/Config/] (level 5)
00:00:00.784446 
00:00:00.784446 [/Devices/usb-xhci/0/LUN#1/] (level 4)
00:00:00.784446   Driver <string>  = "VUSBRootHub" (cb=12)
00:00:00.784447 
00:00:00.784447 [/Devices/usb-xhci/0/LUN#1/Config/] (level 5)
00:00:00.784447 
00:00:00.784447 [/Devices/usb-xhci/0/LUN#999/] (level 4)
00:00:00.784448   Driver <string>  = "MainStatus" (cb=11)
00:00:00.784448 
00:00:00.784448 [/Devices/usb-xhci/0/LUN#999/Config/] (level 5)
00:00:00.784449   First                <integer> = 0x0000000000000000 (0)
00:00:00.784449   HasMediumAttachments <integer> = 0x0000000000000000 (0)
00:00:00.784449   Last                 <integer> = 0x0000000000000001 (1)
00:00:00.784450   iLedSet              <integer> = 0x0000000000000001 (1)
00:00:00.784450 
00:00:00.784450 [/Devices/vga/] (level 2)
00:00:00.784451 
00:00:00.784451 [/Devices/vga/0/] (level 3)
00:00:00.784451   PCIBusNo      <integer> = 0x0000000000000000 (0)
00:00:00.784451   PCIDeviceNo   <integer> = 0x0000000000000000 (0)
00:00:00.784451   PCIFunctionNo <integer> = 0x0000000000000000 (0)
00:00:00.784452   Trusted       <integer> = 0x0000000000000001 (1)
00:00:00.784452 
00:00:00.784452 [/Devices/vga/0/Config/] (level 4)
00:00:00.784453   3DEnabled             <integer> = 0x0000000000000000 (0)
00:00:00.784453   CustomVideoModes      <integer> = 0x0000000000000000 (0)
00:00:00.784453   FadeIn                <integer> = 0x0000000000000001 (1)
00:00:00.784454   FadeOut               <integer> = 0x0000000000000001 (1)
00:00:00.784454   HeightReduction       <integer> = 0x0000000000000000 (0)
00:00:00.784454   LogoFile              <string>  = "" (cb=1)
00:00:00.784455   LogoTime              <integer> = 0x0000000000000000 (0)
00:00:00.784455   MonitorCount          <integer> = 0x0000000000000001 (1)
00:00:00.784455   ShowBootMenu          <integer> = 0x0000000000000002 (2)
00:00:00.784456   VMSVGA3dEnabled       <integer> = 0x0000000000000000 (0)
00:00:00.784456   VMSVGAEnabled         <integer> = 0x0000000000000001 (1)
00:00:00.784456   VMSVGAPciBarLayout    <integer> = 0x0000000000000001 (1)
00:00:00.784457   VMSVGAPciId           <integer> = 0x0000000000000001 (1)
00:00:00.784457   VRamSize              <integer> = 0x0000000006400000 (104 857 600, 100.0 MiB)
00:00:00.784458   VmSvga3               <integer> = 0x0000000000000001 (1)
00:00:00.784458   VmSvgaExposeLegacyVga <integer> = 0x0000000000000000 (0)
00:00:00.784458 
00:00:00.784458 [/Devices/vga/0/LUN#0/] (level 4)
00:00:00.784459   Driver <string>  = "MainDisplay" (cb=12)
00:00:00.784459 
00:00:00.784459 [/Devices/vga/0/LUN#0/Config/] (level 5)
00:00:00.784460 
00:00:00.784460 [/Devices/vga/0/LUN#999/] (level 4)
00:00:00.784460   Driver <string>  = "MainStatus" (cb=11)
00:00:00.784461 
00:00:00.784461 [/Devices/vga/0/LUN#999/Config/] (level 5)
00:00:00.784461   First                <integer> = 0x0000000000000000 (0)
00:00:00.784461   HasMediumAttachments <integer> = 0x0000000000000000 (0)
00:00:00.784462   Last                 <integer> = 0x0000000000000000 (0)
00:00:00.784462   iLedSet              <integer> = 0x0000000000000000 (0)
00:00:00.784463 
00:00:00.784463 [/Devices/virtio-net/] (level 2)
00:00:00.784463 
00:00:00.784463 [/Devices/virtio-scsi/] (level 2)
00:00:00.784464 
00:00:00.784464 [/Devices/virtio-scsi/0/] (level 3)
00:00:00.784464   PCIBusNo      <integer> = 0x0000000000000000 (0)
00:00:00.784465   PCIDeviceNo   <integer> = 0x0000000000000003 (3)
00:00:00.784465   PCIFunctionNo <integer> = 0x0000000000000000 (0)
00:00:00.784465   Trusted       <integer> = 0x0000000000000001 (1)
00:00:00.784465 
00:00:00.784465 [/Devices/virtio-scsi/0/Config/] (level 4)
00:00:00.784466   Bootable   <integer> = 0x0000000000000001 (1)
00:00:00.784466   NumTargets <integer> = 0x0000000000000002 (2)
00:00:00.784466 
00:00:00.784467 [/Devices/virtio-scsi/0/LUN#0/] (level 4)
00:00:00.784467   Driver <string>  = "SCSI" (cb=5)
00:00:00.784467 
00:00:00.784467 [/Devices/virtio-scsi/0/LUN#0/AttachedDriver/] (level 5)
00:00:00.784468   Driver <string>  = "VD" (cb=3)
00:00:00.784468 
00:00:00.784468 [/Devices/virtio-scsi/0/LUN#0/AttachedDriver/Config/] (level 6)
00:00:00.784469   BlockCache <integer> = 0x0000000000000001 (1)
00:00:00.784469   Format     <string>  = "VDI" (cb=4)
00:00:00.784470   Mountable  <integer> = 0x0000000000000000 (0)
00:00:00.784470   Path       <string>  = "C:\Users\rakhi\OneDrive\Desktop\Extra coding stuff\Nubes\Nubes.vdi" (cb=67)
00:00:00.784470   Type       <string>  = "HardDisk" (cb=9)
00:00:00.784470   UseNewIo   <integer> = 0x0000000000000001 (1)
00:00:00.784471 
00:00:00.784471 [/Devices/virtio-scsi/0/LUN#0/AttachedDriver/Config/VDConfig/] (level 7)
00:00:00.784471   AllocationBlockSize <string>  = "1048576" (cb=8)
00:00:00.784472 
00:00:00.784472 [/Devices/virtio-scsi/0/LUN#1/] (level 4)
00:00:00.784472   Driver <string>  = "SCSI" (cb=5)
00:00:00.784472 
00:00:00.784473 [/Devices/virtio-scsi/0/LUN#1/AttachedDriver/] (level 5)
00:00:00.784473   Driver <string>  = "VD" (cb=3)
00:00:00.784473 
00:00:00.784473 [/Devices/virtio-scsi/0/LUN#1/AttachedDriver/Config/] (level 6)
00:00:00.784474   Format    <string>  = "RAW" (cb=4)
00:00:00.784474   Mountable <integer> = 0x0000000000000001 (1)
00:00:00.784474   Path      <string>  = "C:/Users/rakhi/Downloads/kali-linux-2026.2-installer-arm64.iso" (cb=63)
00:00:00.784475   ReadOnly  <integer> = 0x0000000000000001 (1)
00:00:00.784475   Type      <string>  = "DVD" (cb=4)
00:00:00.784475   UseNewIo  <integer> = 0x0000000000000001 (1)
00:00:00.784476 
00:00:00.784476 [/Devices/virtio-scsi/0/LUN#999/] (level 4)
00:00:00.784476   Driver <string>  = "MainStatus" (cb=11)
00:00:00.784476 
00:00:00.784477 [/Devices/virtio-scsi/0/LUN#999/Config/] (level 5)
00:00:00.784477   DeviceInstance       <string>  = "virtio-scsi/0" (cb=14)
00:00:00.784477   First                <integer> = 0x0000000000000000 (0)
00:00:00.784478   HasMediumAttachments <integer> = 0x0000000000000001 (1)
00:00:00.784478   Last                 <integer> = 0x0000000000000001 (1)
00:00:00.784478   iLedSet              <integer> = 0x0000000000000002 (2)
00:00:00.784479 
00:00:00.784479 [/MM/] (level 1)
00:00:00.784479 
00:00:00.784479 [/MM/MemRegions/] (level 2)
00:00:00.784480 
00:00:00.784480 [/MM/MemRegions/Base/] (level 3)
00:00:00.784480   GCPhysStart <integer> = 0x0000000008000000 (134 217 728)
00:00:00.784481   Size        <integer> = 0x00000000bb800000 (3 145 728 000, 2.9 GiB)
00:00:00.784481 
00:00:00.784481 [/NEM/] (level 1)
00:00:00.784481   VTimerInterrupt <integer> = 0x000000000000000b (11)
00:00:00.784482 
00:00:00.784482 [/PDM/] (level 1)
00:00:00.784482 
00:00:00.784482 [/PDM/AsyncCompletion/] (level 2)
00:00:00.784483 
00:00:00.784483 [/PDM/AsyncCompletion/File/] (level 3)
00:00:00.784483 
00:00:00.784483 [/PDM/AsyncCompletion/File/BwGroups/] (level 4)
00:00:00.784484 
00:00:00.784484 [/PDM/BlkCache/] (level 2)
00:00:00.784484   CacheSize <integer> = 0x0000000000500000 (5 242 880, 5.0 MiB)
00:00:00.784485 
00:00:00.784485 [/PDM/Devices/] (level 2)
00:00:00.784485 
00:00:00.784485 [/PDM/Drivers/] (level 2)
00:00:00.784486 
00:00:00.784486 [/PDM/Drivers/VBoxC/] (level 3)
00:00:00.784486   Path <string>  = "VBoxC" (cb=6)
00:00:00.784486 
00:00:00.784486 [/PDM/NetworkShaper/] (level 2)
00:00:00.784487 
00:00:00.784487 [/PDM/NetworkShaper/BwGroups/] (level 3)
00:00:00.784487 
00:00:00.784487 [/USB/] (level 1)
00:00:00.784488 
00:00:00.784488 [/USB/HidKeyboard/] (level 2)
00:00:00.784488 
00:00:00.784488 [/USB/HidKeyboard/0/] (level 3)
00:00:00.784488 
00:00:00.784488 [/USB/HidKeyboard/0/Config/] (level 4)
00:00:00.784489 
00:00:00.784489 [/USB/HidKeyboard/0/LUN#0/] (level 4)
00:00:00.784490   Driver <string>  = "KeyboardQueue" (cb=14)
00:00:00.784490 
00:00:00.784490 [/USB/HidKeyboard/0/LUN#0/AttachedDriver/] (level 5)
00:00:00.784491   Driver <string>  = "MainKeyboard" (cb=13)
00:00:00.784491 
00:00:00.784491 [/USB/HidKeyboard/0/LUN#0/Config/] (level 5)
00:00:00.784491   QueueSize <integer> = 0x0000000000000040 (64, 64 B)
00:00:00.784492 
00:00:00.784492 [/USB/HidMouse/] (level 2)
00:00:00.784492 
00:00:00.784492 [/USB/HidMouse/0/] (level 3)
00:00:00.784493 
00:00:00.784493 [/USB/HidMouse/0/Config/] (level 4)
00:00:00.784493   Mode <string>  = "absolute" (cb=9)
00:00:00.784493 
00:00:00.784494 [/USB/HidMouse/0/LUN#0/] (level 4)
00:00:00.784494   Driver <string>  = "MouseQueue" (cb=11)
00:00:00.784494 
00:00:00.784494 [/USB/HidMouse/0/LUN#0/AttachedDriver/] (level 5)
00:00:00.784495   Driver <string>  = "MainMouse" (cb=10)
00:00:00.784495 
00:00:00.784495 [/USB/HidMouse/0/LUN#0/Config/] (level 5)
00:00:00.784506   QueueSize <integer> = 0x0000000000000080 (128, 128 B)
00:00:00.784506 
00:00:00.784506 [/USB/USBProxy/] (level 2)
00:00:00.784507 
00:00:00.784507 [/USB/USBProxy/GlobalConfig/] (level 3)
00:00:00.784507 
00:00:00.784507 ********************* End of CFGM dump **********************
00:00:00.786694 NEM:  info: Found optional import WinHvPlatform.dll!WHvQueryGpaRangeDirtyBitmap.
00:00:00.788174 NEM: WHvCapabilityCodeHypervisorPresent is TRUE, so this might work...
00:00:00.788194 NEM: WHvCapabilityCodeExtendedVmExits      = 0x0000000000004c20
00:00:00.788200 NEM:                         fHypercallExit: 1
00:00:00.788204 NEM:                    fGpaAccessFaultExit: 1
00:00:00.788208 NEM: Warning! Unknown VM exit definitions: 0x4c20
00:00:00.788212 NEM: Warning! Unknown feature definitions: 0xad9
00:00:00.788220 NEM: WHvCapabilityCodeProcessorVendor      = 16 - ARM
00:00:00.788233 NEM: WHvCapabilityCodeProcessorFeatures    = 0x7fe1ff87fff33ee5
00:00:00.788236 NEM:                                 Asid16: 1
00:00:00.788239 NEM:                                TGran16: 0
00:00:00.788241 NEM:                                TGran64: 1
00:00:00.788244 NEM:                                    Haf: 0
00:00:00.788246 NEM:                                   Hdbs: 0
00:00:00.788248 NEM:                                    Pan: 1
00:00:00.788251 NEM:                                 AtS1E1: 1
00:00:00.788253 NEM:                                    Uao: 1
00:00:00.788256 NEM:                             El0Aarch32: 0
00:00:00.788258 NEM:                                     Fp: 1
00:00:00.788261 NEM:                                   FpHp: 1
00:00:00.788263 NEM:                                AdvSimd: 1
00:00:00.788265 NEM:                              AdvSimdHp: 1
00:00:00.788268 NEM:                                GicV3V4: 1
00:00:00.788270 NEM:                                 GicV41: 0
00:00:00.788272 NEM:                                    Ras: 0
00:00:00.788275 NEM:                                  PmuV3: 1
00:00:00.788277 NEM:                            PmuV3ArmV81: 1
00:00:00.788280 NEM:                            PmuV3ArmV84: 0
00:00:00.788282 NEM:                            PmuV3ArmV85: 0
00:00:00.788284 NEM:                                    Aes: 1
00:00:00.788287 NEM:                                PolyMul: 1
00:00:00.788289 NEM:                                   Sha1: 1
00:00:00.788292 NEM:                                 Sha256: 1
00:00:00.788294 NEM:                                 Sha512: 1
00:00:00.788296 NEM:                                  Crc32: 1
00:00:00.788299 NEM:                                 Atomic: 1
00:00:00.788302 NEM:                                    Rdm: 1
00:00:00.788304 NEM:                                   Sha3: 1
00:00:00.788306 NEM:                                    Sm3: 1
00:00:00.788309 NEM:                                    Sm4: 1
00:00:00.788311 NEM:                                     Dp: 1
00:00:00.788314 NEM:                                    Fhm: 1
00:00:00.788316 NEM:                                 DcCvap: 1
00:00:00.788319 NEM:                                DcCvadp: 1
00:00:00.788321 NEM:                                ApaBase: 0
00:00:00.788323 NEM:                                  ApaEp: 0
00:00:00.788326 NEM:                                 ApaEp2: 0
00:00:00.788328 NEM:                               ApaEp2Fp: 0
00:00:00.788330 NEM:                              ApaEp2Fpc: 1
00:00:00.788333 NEM:                                  Jscvt: 1
00:00:00.788335 NEM:                                   Fcma: 1
00:00:00.788338 NEM:                                RcpcV83: 1
00:00:00.788344 NEM:                                RcpcV84: 1
00:00:00.788347 NEM:                                    Gpa: 1
00:00:00.788349 NEM:                               L1ipPipt: 1
00:00:00.788352 NEM:                            DzPermitted: 1
00:00:00.788354 NEM: Warning! Unknown CPU features: 0x7fe1ff87fff33ee5
00:00:00.788362 NEM: WHvCapabilityCodeProcessorClFlushSize = 2^64
00:00:00.788370 NEM: WHvCapabilityCodePhysicalAddressWidth = 2^39
00:00:00.788561 NEM: Warning! Unknown capability 0x5 returning: 03 00 00 00 00 00 00 00 00 00 00 00 00 00 00 00 00 00 00 00 00 00 00 00
00:00:00.788624 NEM: Warning! Unknown capability 0x6 returning: 00 00 00 00 00 00 00 00 00 00 00 00 00 00 00 00 00 00 00 00 00 00 00 00
00:00:00.788821 NEM: Warning! Unknown capability 0x1004 returning: 00 f8 24 01 00 00 00 00 00 00 00 00 00 00 00 00 00 00 00 00 00 00 00 00
00:00:00.788885 NEM: Warning! Unknown capability 0x1006 returning: 02 00 00 00 00 00 00 00 e5 3e f3 ff 87 ff e1 7f b4 ff 40 00 18 01 00 00
00:00:00.788895 NEM: Warning! Unknown capability 0x1007 returning: 00 00 00 00 00 00 00 00 00 00 00 00 00 00 00 00 00 00 00 00 00 00 00 00
00:00:00.788910 NEM: Warning! Unknown capability 0x1008 returning: 01 00 00 00 00 00 00 00 ff 03 44 7f e0 00 00 00 00 00 00 00 00 00 00 00
00:00:00.788928 NEM: Warning! Unknown capability 0x100a returning: 27 00 00 00 00 00 00 00 00 00 00 00 00 00 00 00 00 00 00 00 00 00 00 00
00:00:00.789448 NEM: Created partition 0000018809bfd690.
00:00:00.796778 ERROR [COM]: aRC=VBOX_E_IPRT_ERROR (0x80bb0005) aIID={6ac83d89-6ee7-4e33-8ae6-b257b2e81be8} aComponent={ConsoleWrap} aText={The VBoxGuestPropSvc service call failed with the error VERR_HGCM_SERVICE_NOT_FOUND}, preserve=false aResultDetail=-2900
00:00:00.797934 GUI: Cannot notify guest about VM window out-of-focus event
00:00:00.800801 NEM: Debug: CPU #0: default MIDR_EL1=0x511f0011 (VINF_SUCCESS),  default MPIDR_EL1=0x80000000 (VINF_SUCCESS)
00:00:00.801216 CPUM: 59 guest ID registers
00:00:00.801545 nemR3WinCpuIdRegUpdate: idCpu=-1 idReg=0xc020 (ID_AA64PFR0_EL1): old=0x1100000001111111 new=0x1100000001110011
00:00:00.801696 nemR3WinCpuIdRegUpdate: idCpu=-1 idReg=0xc030 (ID_AA64ISAR0_EL1): old=0x1221111110212120 new=0x1221111010200000
00:00:00.805185 NEM: Debug: CPU #1: default MIDR_EL1=0x511f0011 (VINF_SUCCESS),  default MPIDR_EL1=0x80000001 (VINF_SUCCESS)
00:00:00.809228 NEM: Debug: CPU #2: default MIDR_EL1=0x511f0011 (VINF_SUCCESS),  default MPIDR_EL1=0x80000002 (VINF_SUCCESS)
00:00:00.809501 NEM: Successfully set up partition
00:00:00.809611 CPUM: Collected 42 host ID registers using SUPR3ArmQuerySysRegs.
00:00:00.937766 TM: GIP - u32Mode=3 (Invariant) u32UpdateHz=93 u32UpdateIntervalNS=10741500 enmUseTscDelta=2 (Practically Zero) fGetGipCpu=0x100 cCpus=8
00:00:00.937790 TM: GIP - u64CpuHz=19 199 994 (0x124f7fa)  SUPGetCpuHzFromGip => 19 199 994
00:00:00.937795 TM: GIP - CPU: iCpuSet=0x0 idCpu=0x0 idApic=0x0 iGipCpu=0x3 i64TSCDelta=0 enmState=3 u64CpuHz=19199973(*) cErrors=0
00:00:00.937799 TM: GIP - CPU: iCpuSet=0x1 idCpu=0x1 idApic=0x1 iGipCpu=0x7 i64TSCDelta=0 enmState=3 u64CpuHz=19199987(*) cErrors=0
00:00:00.937802 TM: GIP - CPU: iCpuSet=0x2 idCpu=0x2 idApic=0x2 iGipCpu=0x5 i64TSCDelta=0 enmState=3 u64CpuHz=19199997(*) cErrors=0
00:00:00.937805 TM: GIP - CPU: iCpuSet=0x3 idCpu=0x3 idApic=0x3 iGipCpu=0x6 i64TSCDelta=0 enmState=3 u64CpuHz=19199998(*) cErrors=0
00:00:00.937807 TM: GIP - CPU: iCpuSet=0x4 idCpu=0x4 idApic=0x4 iGipCpu=0x0 i64TSCDelta=0 enmState=3 u64CpuHz=19199994(*) cErrors=0
00:00:00.937810 TM: GIP - CPU: iCpuSet=0x5 idCpu=0x5 idApic=0x5 iGipCpu=0x4 i64TSCDelta=0 enmState=3 u64CpuHz=19199995(*) cErrors=0
00:00:00.937813 TM: GIP - CPU: iCpuSet=0x6 idCpu=0x6 idApic=0x6 iGipCpu=0x1 i64TSCDelta=0 enmState=3 u64CpuHz=19199934(*) cErrors=0
00:00:00.937816 TM: GIP - CPU: iCpuSet=0x7 idCpu=0x7 idApic=0x7 iGipCpu=0x2 i64TSCDelta=0 enmState=3 u64CpuHz=19199785(*) cErrors=0
00:00:00.937824 TM: NEM overrides the /TM/TSCModeSwitchAllowed setting.
00:00:00.937834 TM:     cTSCTicksPerSecond=825 599 742 (0x3135a6fe) enmTSCMode=4 (NativeApi) TSCMultiplier=43
00:00:00.937836 TM: cTSCTicksPerSecondHost=19 199 994 (0x124f7fa)
00:00:00.937836 TM: TSCTiedToExecution=false TSCNotTiedToHalt=false
00:00:00.938404 EMR3Init: fIemExecutesAll=false fGuruOnTripleFault=true
00:00:00.938915 IEM: Microarch=Qualcomm_Oryon aidxTargetCpuEflFlavour={0,0}
00:00:00.938984 GIM: Using provider 'None' (Implementation version: 0)
00:00:00.939034 AIOMgr: Default manager type is 'Async'
00:00:00.939037 AIOMgr: Default file backend is 'NonBuffered'
00:00:00.939057 BlkCache: Cache successfully initialized. Cache size is 5242880 bytes
00:00:00.939061 BlkCache: Cache commit interval is 10000 ms
00:00:00.939063 BlkCache: Cache commit threshold is 2621440 bytes
00:00:00.940743 Registered 768KB flash at 0000000004000000
00:00:00.944980 PCI: Registered bridge instance #0 as PDM bus no 1.
00:00:00.945006 PDM: Hyper-V GIC backend registered
00:00:00.945035 TMR3UtcNow: nsNow=1 785 171 119 200 107 700 nsPrev=0 -> cNsDelta=1 785 171 119 200 107 700 (offLag=0 offVirtualSync=0 offVirtualSyncGivenUp=0, NowAgain=1 785 171 119 200 107 700)
00:00:00.945115 VMMDev: cbDefaultBudget: 697 909 930 (299942aa)
00:00:00.946827 Shared Folders service loaded
00:00:00.947107 Guest Control service loaded
00:00:00.978959 VIRTIOSCSI0: Targets=2 Bootable=true (unimplemented) R0Enabled=false RCEnabled=false
00:00:00.979263 DrvVD: Flushes will be ignored
00:00:00.979267 DrvVD: Async flushes will be passed to the disk
00:00:00.980068 VD: VDInit finished with VINF_SUCCESS
00:00:00.980659 AIOMgr: Endpoint for file 'C:\Users\rakhi\OneDrive\Desktop\Extra coding stuff\Nubes\Nubes.vdi' (flags 000c0723) created successfully
00:00:00.980682 AioMgr0-N: Request 0x000188096c89d0 failed with rc=VERR_INVALID_PARAMETER, migrating endpoint C:\Users\rakhi\OneDrive\Desktop\Extra coding stuff\Nubes\Nubes.vdi to failsafe manager.
00:00:00.981645 VD: Opening the disk took 1773219 ns
00:00:00.981744 DrvVD: Flushes will be ignored
00:00:00.981747 DrvVD: Async flushes will be passed to the disk
00:00:00.982487 AIOMgr: Endpoint for file 'C:/Users/rakhi/Downloads/kali-linux-2026.2-installer-arm64.iso' (flags 000c0781) created successfully
00:00:00.982496 VD: Opening the disk took 101457 ns
00:00:00.982573 E1000#0: Chip=82540EM LinkUpDelay=5000ms EthernetCRC=on GSO=enabled Itr=disabled ItrRx=enabled TID=disabled R0=disabled RC=disabled
00:00:00.986531 WasAPI: Input device is: {Default} (iface 00000188092d6680)
00:00:00.986732 WasAPI: Output device is: {Default} (iface 00000188092d68b0)
00:00:00.987715 Audio: Found 4 devices for driver 'WasAPI'
00:00:00.987721 Audio: Device 'Speakers (Qualcomm(R) Aqstic(TM) Audio Adapter Device)':
00:00:00.987721 Audio:   ID              = {0.0.0.00000000}.{e85cf87f-3f4b-4636-bf6a-5211309c9943}
00:00:00.987721 Audio:   Usage           = output
00:00:00.987721 Audio:   Flags           = DEFAULT_OUT
00:00:00.987722 Audio:   Input channels  = 0
00:00:00.987722 Audio:   Output channels = 2
00:00:00.987724 Audio: Device 'Speakers (Qualcomm(R) Aqstic(TM) Audio Adapter Device)':
00:00:00.987725 Audio:   ID              = {0.0.0.00000000}.{e85cf87f-3f4b-4636-bf6a-5211309c9943}
00:00:00.987725 Audio:   Usage           = output
00:00:00.987725 Audio:   Flags           = NONE
00:00:00.987725 Audio:   Input channels  = 0
00:00:00.987725 Audio:   Output channels = 2
00:00:00.987727 Audio: Device 'Microphone Array (Qualcomm(R) Aqstic(TM) ACX Static Endpoints Audio Device)':
00:00:00.987727 Audio:   ID              = {0.0.1.00000000}.{00ab674f-4a4d-43de-b06a-2069f09a27a5}
00:00:00.987728 Audio:   Usage           = input
00:00:00.987728 Audio:   Flags           = DEFAULT_IN
00:00:00.987728 Audio:   Input channels  = 2
00:00:00.987728 Audio:   Output channels = 0
00:00:00.987730 Audio: Device 'Microphone Array (Qualcomm(R) Aqstic(TM) ACX Static Endpoints Audio Device)':
00:00:00.987730 Audio:   ID              = {0.0.1.00000000}.{00ab674f-4a4d-43de-b06a-2069f09a27a5}
00:00:00.987731 Audio:   Usage           = input
00:00:00.987731 Audio:   Flags           = NONE
00:00:00.987731 Audio:   Input channels  = 2
00:00:00.987731 Audio:   Output channels = 0
00:00:00.987819 Audio Mixer: Setting master volume of 'HDA Mixer' -- channel volumes: ff ff ff ff ff ff ff ff ff ff ff ff
00:00:00.987827 Audio Mixer: Setting sink 'HDA Mixer/PCM Output' -- channel volumes: ff ff ff ff ff ff ff ff ff ff ff ff
00:00:00.987831 Audio Mixer: Setting sink 'HDA Mixer/Line In' -- channel volumes: ff ff ff ff ff ff ff ff ff ff ff ff
00:00:00.987841 Audio Mixer: MUTING sink 'HDA Mixer/PCM Output' -- channel volumes: 00 00 00 00 00 00 00 00 00 00 00 00
00:00:00.987844 Audio Mixer: MUTING sink 'HDA Mixer/Line In' -- channel volumes: 00 00 00 00 00 00 00 00 00 00 00 00
00:00:00.987856 HDA: Codec reset
00:00:00.987862 HDA: Reset
00:00:00.988322 VUSB: Attached 'HidKeyboard' to port 1 on RootHub#1 (FullSpeed)
00:00:00.988322 VUSB: Attached 'HidMouse' to port 2 on RootHub#1 (FullSpeed)
00:00:00.988322 PGM: PGMR3InitFinalize: -> VINF_SUCCESS
00:00:00.988322 TM: TMR3InitFinalize: fTSCModeSwitchAllowed=false
00:00:00.988322 VMM: Thread-context hooks unavailable
00:00:00.988322 VMM: RTThreadPreemptIsPending() can be trusted
00:00:00.988322 VMM: Kernel preemption is possible
00:00:00.989061 EM: Exit history optimizations: enabled=true enabled-r0=true enabled-r0-no-preemption=false
00:00:00.989147 CPUM: Logical host processors: 8 present, 8 max, 8 online, online mask: 00000000000000ff
00:00:00.989148 CPUM: Physical host cores: 8
00:00:00.989148 ************************ CPUID dump *************************
00:00:00.989158 Guest: 59 registers;  Host: 42 registers
00:00:00.989160 Guest         MIDR_EL1: 0x00000000511f0011 (Host 0x00000000511f0011)
00:00:00.989161 Guest        MPIDR_EL1: 0x0000000080000000 (Host 0x0000000080010100)
00:00:00.989162 Guest       REVIDR_EL1: 0x0000000000000000 (Host 0x0000000000000000)
00:00:00.989163 Guest      ID_PFR0_EL1: 0x0000000000000000
00:00:00.989163 Guest      ID_PFR1_EL1: 0x0000000000000000
00:00:00.989163 Guest      ID_DFR0_EL1: 0x0000000000000000
00:00:00.989163 Guest      ID_AFR0_EL1: 0x0000000000000000
00:00:00.989164 Guest     ID_MMFR0_EL1: 0x0000000000000000
00:00:00.989164 Guest     ID_MMFR1_EL1: 0x0000000000000000
00:00:00.989164 Guest     ID_MMFR2_EL1: 0x0000000000000000
00:00:00.989164 Guest     ID_MMFR3_EL1: 0x0000000000000000
00:00:00.989165 Guest     ID_ISAR0_EL1: 0x0000000000000000
00:00:00.989165 Guest     ID_ISAR1_EL1: 0x0000000000000000
00:00:00.989165 Guest     ID_ISAR2_EL1: 0x0000000000000000
00:00:00.989165 Guest     ID_ISAR3_EL1: 0x0000000000000000
00:00:00.989166 Guest     ID_ISAR4_EL1: 0x0000000000000000
00:00:00.989166 Guest     ID_ISAR5_EL1: 0x0000000000000000
00:00:00.989166 Guest     ID_MMFR4_EL1: 0x0000000000000000
00:00:00.989166 Guest     ID_ISAR6_EL1: 0x0000000000000000
00:00:00.989167 Guest        MVFR0_EL1: 0x0000000000000000
00:00:00.989167 Guest        MVFR1_EL1: 0x0000000000000000
00:00:00.989167 Guest        MVFR2_EL1: 0x0000000000000000
00:00:00.989168 Guest     s3_0_c0_c3_3: 0x0000000000000000
00:00:00.989168 Guest      ID_PFR2_EL1: 0x0000000000000000
00:00:00.989169 Guest      ID_DFR1_EL1: 0x0000000000000000
00:00:00.989169 Guest     ID_MMFR5_EL1: 0x0000000000000000
00:00:00.989169 Guest     s3_0_c0_c3_7: 0x0000000000000000
00:00:00.989170 Guest  ID_AA64PFR0_EL1: 0x1100000001110011 (Host 0x1101201021111111)
00:00:00.989170   Mnemonic - Description                                      = Guest (Host)
00:00:00.989171   EL0 - EL0 Exception level handling                          = 0x1 (0x1)
00:00:00.989172   EL1 - EL1 Exception level handling                          = 0x1 (0x1)
00:00:00.989173   EL2 - EL2 Exception level handling                          = 0x0 (0x1)
00:00:00.989174   EL3 - EL3 Exception level handling                          = 0x0 (0x1)
00:00:00.989174   FP - Floating-point                                         = 0x1 (0x1)
00:00:00.989175   AdvSIMD - Advanced SIMD                                     = 0x1 (0x1)
00:00:00.989176   GIC - System register GIC CPU interface                     = 0x1 (0x1)
00:00:00.989176   RAS - RAS Extension version                                 = 0x0 (0x2)
00:00:00.989177   SVE - Scalable Vector Extension                             = 0x0 (0x0)
00:00:00.989177   SEL2 - Secure EL2                                           = 0x0 (0x1)
00:00:00.989178   MPAM - MPAM Extension major version number                  = 0x0 (0x0)
00:00:00.989179   AMU - Activity Monitors Extension support                   = 0x0 (0x2)
00:00:00.989179   DIT - Data Independent Timing                               = 0x0 (0x1)
00:00:00.989180   RME - Realm Management Extension                            = 0x0 (0x0)
00:00:00.989180   CSV2 - Speculative use of out of branch targets             = 0x1 (0x1)
00:00:00.989181   CSV3 - Speculative use of faulting data                     = 0x1 (0x1)
00:00:00.989181 Guest  ID_AA64PFR1_EL1: 0x0000000000000020 (Host 0x0000000000000020)
00:00:00.989182   Mnemonic - Description                                      = Guest (Host)
00:00:00.989182   BT - Branch Target Identification mechanism                 = 0x0 (0x0)
00:00:00.989183   SSBS - Speculative Store Bypassing controls                 = 0x2 (0x2)
00:00:00.989183   MTE - Memory Tagging Extension support                      = 0x0 (0x0)
00:00:00.989184   RAS_frac - RAS Extension fractional field                   = 0x0 (0x0)
00:00:00.989184   MPAM_frac - MPAM Extension minor version                    = 0x0 (0x0)
00:00:00.989185   Res0 - Reserved                                             = 0x0 (0x0)
00:00:00.989186   SME - Scalable Matrix Extension                             = 0x0 (0x0)
00:00:00.989186   RNDR_trap - Random Number trap to EL3                       = 0x0 (0x0)
00:00:00.989187   CSV2_frac - CSV2 fractional version field                   = 0x0 (0x0)
00:00:00.989187   NMI - Non-maskable Interrupt support                        = 0x0 (0x0)
00:00:00.989188   Res0 - Reserved                                             = 0x0 (0x0)
00:00:00.989189   Res0 - Reserved                                             = 0x0 (0x0)
00:00:00.989189   Res0 - Reserved                                             = 0x0 (0x0)
00:00:00.989190   Res0 - Reserved                                             = 0x0 (0x0)
00:00:00.989190   Res0 - Reserved                                             = 0x0 (0x0)
00:00:00.989191   Res0 - Reserved                                             = 0x0 (0x0)
00:00:00.989192 Guest  ID_AA64PFR2_EL1: 0x0000000000000000 (Host 0x0000000000000000)
00:00:00.989192 Guest     s3_0_c0_c4_3: 0x0000000000000000 (Host 0x0000000000000000)
00:00:00.989193 Guest  ID_AA64ZFR0_EL1: 0x0000000000000000 (Host 0x0000000000000000)
00:00:00.989193 Guest ID_AA64SMFR0_EL1: 0x0000000000000000 (Host 0x0000000000000000)
00:00:00.989193 Guest     s3_0_c0_c4_6: 0x0000000000000000 (Host 0x0000000000000000)
00:00:00.989194 Guest ID_AA64FPFR0_EL1: 0x0000000000000000 (Host 0x0000000000000000)
00:00:00.989194 Guest  ID_AA64DFR0_EL1: 0x000000f010305408 (Host 0x000000f010305709)
00:00:00.989195   Mnemonic - Description                                      = Guest (Host)
00:00:00.989195   DebugVer - Debug architecture version                       = 0x8 (0x9)
00:00:00.989196   TraceVer - Trace support                                    = 0x0 (0x0)
00:00:00.989196   PMUVer - Performance Monitors Extension version             = 0x4 (0x7)
00:00:00.989197   BRPs - Number of breakpoints minus 1                        = 0x5 (0x5)
00:00:00.989197   Res0 - Reserved                                             = 0x0 (0x0)
00:00:00.989198   WRPs - Number of watchpoints minus 1                        = 0x3 (0x3)
00:00:00.989199   Res0 - Reserved                                             = 0x0 (0x0)
00:00:00.989199   CTX_CMPs - Number of context-aware breakpoints minus 1      = 0x1 (0x1)
00:00:00.989200   PMSVer - Statistical Profiling Extension version            = 0x0 (0x0)
00:00:00.989200   DoubleLock - OS Double Lock support                         = 0xf (0xf)
00:00:00.989201   TraceFilt - Armv8.4 Self-hosted Trace Extension version     = 0x0 (0x0)
00:00:00.989201   TraceBuffer - Trace Buffer Extension                        = 0x0 (0x0)
00:00:00.989202   MTPMU - Multi-threaded PMU extension                        = 0x0 (0x0)
00:00:00.989202   BRBE - Branch Record Buffer Extension                       = 0x0 (0x0)
00:00:00.989203   Res0 - Reserved                                             = 0x0 (0x0)
00:00:00.989203   HPMN0 - Zero PMU event counters for guest                   = 0x0 (0x0)
00:00:00.989204 Guest  ID_AA64DFR1_EL1: 0x0000000000000000 (Host 0x0000000000000000)
00:00:00.989204   Mnemonic - Description                                      = Guest (Host)
00:00:00.989205   Res0 - Reserved                                             = 0x0 (0x0)
00:00:00.989206   Res0 - Reserved                                             = 0x0 (0x0)
00:00:00.989206   Res0 - Reserved                                             = 0x0 (0x0)
00:00:00.989207   Res0 - Reserved                                             = 0x0 (0x0)
00:00:00.989207   Res0 - Reserved                                             = 0x0 (0x0)
00:00:00.989208   Res0 - Reserved                                             = 0x0 (0x0)
00:00:00.989209   Res0 - Reserved                                             = 0x0 (0x0)
00:00:00.989209   Res0 - Reserved                                             = 0x0 (0x0)
00:00:00.989210   Res0 - Reserved                                             = 0x0 (0x0)
00:00:00.989211   Res0 - Reserved                                             = 0x0 (0x0)
00:00:00.989211   Res0 - Reserved                                             = 0x0 (0x0)
00:00:00.989212   Res0 - Reserved                                             = 0x0 (0x0)
00:00:00.989212   Res0 - Reserved                                             = 0x0 (0x0)
00:00:00.989213   Res0 - Reserved                                             = 0x0 (0x0)
00:00:00.989214   Res0 - Reserved                                             = 0x0 (0x0)
00:00:00.989214   Res0 - Reserved                                             = 0x0 (0x0)
00:00:00.989215 Guest  ID_AA64DFR2_EL1: 0x0000000000000000 (Host 0x0000000000000000)
00:00:00.989216 Guest     s3_0_c0_c5_3: 0x0000000000000000 (Host 0x0000000000000000)
00:00:00.989216 Guest  ID_AA64AFR0_EL1: 0x0000000000000000 (Host 0x0000000000000000)
00:00:00.989216   Mnemonic - Description                                      = Guest (Host)
00:00:00.989217   ImpDef - Implementation defined                             = 0x0 (0x0)
00:00:00.989218 Guest  ID_AA64AFR1_EL1: 0x0000000000000000 (Host 0x0000000000000000)
00:00:00.989218   Mnemonic - Description                                      = Guest (Host)
00:00:00.989218   ImpDef - Implementation defined                             = 0x0 (0x0)
00:00:00.989219 Guest     s3_0_c0_c5_6: 0x0000000000000000 (Host 0x0000000000000000)
00:00:00.989220 Guest     s3_0_c0_c5_7: 0x0000000000000000 (Host 0x0000000000000000)
00:00:00.989220 Guest ID_AA64ISAR0_EL1: 0x1221111010200000 (Host 0x1221111110212120)
00:00:00.989221   Mnemonic - Description                                      = Guest (Host)
00:00:00.989222   AES - AES instruction support in AArch64                    = 0x0 (0x2)
00:00:00.989222   SHA1 - SHA1 instruction support in AArch64                  = 0x0 (0x1)
00:00:00.989223   SHA2 - SHA256/512 instruction support in AArch64            = 0x0 (0x2)
00:00:00.989223   CRC32 - CRC32 instruction support in AArch64                = 0x0 (0x1)
00:00:00.989224   ATOMIC - Atomic instruction support in AArch64              = 0x2 (0x2)
00:00:00.989224   TME - TME instruction support in AArch64                    = 0x0 (0x0)
00:00:00.989225   RDM - SQRDMLAH/SQRDMLSH instruction support in AArch64      = 0x1 (0x1)
00:00:00.989225   SHA3 - SHA3 instruction support in AArch64                  = 0x0 (0x1)
00:00:00.989226   SM3 - SM3 instruction support in AArch64                    = 0x1 (0x1)
00:00:00.989226   SM4 - SM4 instruction support in AArch64                    = 0x1 (0x1)
00:00:00.989227   DP - Dot Product instruction support in AArch64             = 0x1 (0x1)
00:00:00.989227   FHM - FMLAL/FMLSL instruction support in AArch64            = 0x1 (0x1)
00:00:00.989228   TS - Flag manipulation instruction support in AArch64       = 0x2 (0x2)
00:00:00.989228   TLB - TLB maintenance instruction support in AArch64        = 0x2 (0x2)
00:00:00.989229   RNDR - Random number instruction support in AArch64         = 0x1 (0x1)
00:00:00.989229 Guest ID_AA64ISAR1_EL1: 0x0010111101211052 (Host 0x0010111101211052)
00:00:00.989230   Mnemonic - Description                                      = Guest (Host)
00:00:00.989230   DPB - Data Persistance writeback support in AArch64         = 0x2 (0x2)
00:00:00.989230   APA - QARMA5 PAuth support in AArch64                       = 0x5 (0x5)
00:00:00.989231   API - Impl defined PAuth support in AArch64                 = 0x0 (0x0)
00:00:00.989232   JSCVT - FJCVTZS instruction support in AArch64              = 0x1 (0x1)
00:00:00.989232   FCMA - FCMLA/FCADD instruction support in AArch64           = 0x1 (0x1)
00:00:00.989233   LRCPC - RCpc instruction support in AArch64                 = 0x2 (0x2)
00:00:00.989233   GPA - QARMA5 code authentication support in AArch64         = 0x1 (0x1)
00:00:00.989233   GPI - Impl defined code authentication support in AArch64   = 0x0 (0x0)
00:00:00.989234   FRINTTS - FRINT{32,64}{Z,X} instruction support in AArch64  = 0x1 (0x1)
00:00:00.989234   SB - SB instruction support in AArch64                      = 0x1 (0x1)
00:00:00.989235   SPECRES - Prediction invalidation support in AArch64        = 0x1 (0x1)
00:00:00.989235   BF16 - BFloat16 support in AArch64                          = 0x1 (0x1)
00:00:00.989236   DGH - Data Gathering Hint support in AArch64                = 0x0 (0x0)
00:00:00.989236   I8MM - Int8 matrix mul instruction support in AArch64       = 0x1 (0x1)
00:00:00.989237   XS - XS attribute support in AArch64                        = 0x0 (0x0)
00:00:00.989237   LS64 - LD64B and ST64B* instruction support in AArch64      = 0x0 (0x0)
00:00:00.989238 Guest ID_AA64ISAR2_EL1: 0x0000000000000010 (Host 0x0000000010000010)
00:00:00.989238   Mnemonic - Description                                      = Guest (Host)
00:00:00.989239   WFxT - WFET/WFIT intruction support in AArch64              = 0x0 (0x0)
00:00:00.989239   RPRES - Reciprocal 12 bit mantissa support in AArch64       = 0x1 (0x1)
00:00:00.989240   GPA3 - QARMA3 code authentication support in AArch64        = 0x0 (0x0)
00:00:00.989240   APA3 - QARMA3 PAuth support in AArch64                      = 0x0 (0x0)
00:00:00.989241   MOPS - Memory Copy and Set instruction support in AArch64   = 0x0 (0x0)
00:00:00.989241   BC - BC instruction support in AArch64                      = 0x0 (0x0)
00:00:00.989242   PAC_frac - ConstPACField() returns TRUE                     = 0x0 (0x0)
00:00:00.989242   28 - Reserved                                               = 0 (1)
00:00:00.989243 Guest ID_AA64ISAR3_EL1: 0x0000000000000000 (Host 0x0000000000000000)
00:00:00.989243 Guest     s3_0_c0_c6_4: 0x0000000000000000 (Host 0x0000000000000000)
00:00:00.989244 Guest     s3_0_c0_c6_5: 0x0000000000000000 (Host 0x0000000000000000)
00:00:00.989244 Guest     s3_0_c0_c6_6: 0x0000000000000000 (Host 0x0000000000000000)
00:00:00.989245 Guest     s3_0_c0_c6_7: 0x0000000000000000 (Host 0x0000000000000000)
00:00:00.989245 Guest ID_AA64MMFR0_EL1: 0x0000111100001022 (Host 0x0000111100001024)
00:00:00.989246   Mnemonic - Description                                      = Guest (Host)
00:00:00.989246   PARange - Physical address width                            = 0x2 (0x4)
00:00:00.989247   ASIDBits - Number of ASID bits                              = 0x2 (0x2)
00:00:00.989247   BigEnd - Mixed-endian configuration support                 = 0x0 (0x0)
00:00:00.989248   SNSMem - Secure and Non-secure memory distinction           = 0x1 (0x1)
00:00:00.989248   BigEndEL0 - Mixed-endian support in EL0 only                = 0x0 (0x0)
00:00:00.989249   TGran16 - 16KiB memory granule size                         = 0x0 (0x0)
00:00:00.989249   TGran64 - 64KiB memory granule size                         = 0x0 (0x0)
00:00:00.989250   TGran4 - 4KiB memory granule size                           = 0x0 (0x0)
00:00:00.989250   TGran16_2 - 16KiB memory granule size at stage 2            = 0x1 (0x1)
00:00:00.989251   TGran64_2 - 64KiB memory granule size at stage 2            = 0x1 (0x1)
00:00:00.989251   TGran4_2 - 4KiB memory granule size at stage 2              = 0x1 (0x1)
00:00:00.989252   ExS - Disabling context synchronizing exception             = 0x1 (0x1)
00:00:00.989252   Res0 - Reserved                                             = 0x0 (0x0)
00:00:00.989253   Res0 - Reserved                                             = 0x0 (0x0)
00:00:00.989254   FGT - Fine-grained trap controls support                    = 0x0 (0x0)
00:00:00.989254   ECV - Enhanced Counter Virtualization support               = 0x0 (0x0)
00:00:00.989255 Guest ID_AA64MMFR1_EL1: 0x0000101001201000 (Host 0x0000101001201000)
00:00:00.989255   Mnemonic - Description                                      = Guest (Host)
00:00:00.989256   HAFDBS - Hardware updates to Access/Dirty state             = 0x0 (0x0)
00:00:00.989256   VMIDBit - Number of VMID bits                               = 0x0 (0x0)
00:00:00.989257   VH - Virtualization Host Extensions                         = 0x0 (0x0)
00:00:00.989257   HPDS - Hierarchical Permission Disables                     = 0x1 (0x1)
00:00:00.989258   LO - LORegions support                                      = 0x0 (0x0)
00:00:00.989258   PAN - Privileged Access Never                               = 0x2 (0x2)
00:00:00.989259   SpecSEI - SError interrupt exception for speculative reads  = 0x1 (0x1)
00:00:00.989259   XNX - Execute-never control support                         = 0x0 (0x0)
00:00:00.989260   TWED - Configurable delayed WFE trapping                    = 0x0 (0x0)
00:00:00.989260   ETS - Enhanced Translation Synchronization support          = 0x1 (0x1)
00:00:00.989261   HCX - HCRX_EL2 support                                      = 0x0 (0x0)
00:00:00.989261   AFP - FPCR.{AH,FIZ,NEP} support                             = 0x1 (0x1)
00:00:00.989262   nTLBPA - Caching of translation table walks                 = 0x0 (0x0)
00:00:00.989262   TIDCP1 - FEAT_TIDCP1 support                                = 0x0 (0x0)
00:00:00.989263   CMOW - Cache maintenance instruction permission             = 0x0 (0x0)
00:00:00.989264   Res0 - Reserved                                             = 0x0 (0x0)
00:00:00.989264 Guest ID_AA64MMFR2_EL1: 0x0000001100101011 (Host 0x0000001100101011)
00:00:00.989265   Mnemonic - Description                                      = Guest (Host)
00:00:00.989265   CnP - Common not Private translation support                = 0x1 (0x1)
00:00:00.989266   UAO - User Access Override                                  = 0x1 (0x1)
00:00:00.989266   LSM - LSMAOE/nTLSMD bit support                             = 0x0 (0x0)
00:00:00.989267   IESB - IESB bit support in SCTLR_ELx                        = 0x1 (0x1)
00:00:00.989267   VARange - Large virtual address space support               = 0x0 (0x0)
00:00:00.989268   CCIDX - 64-bit CCSIDR_EL1 format                            = 0x1 (0x1)
00:00:00.989268   NV - Nested Virtualization support                          = 0x0 (0x0)
00:00:00.989269   ST - Small translation table support                        = 0x0 (0x0)
00:00:00.989270   AT - Unaligned single-copy atomicity support                = 0x1 (0x1)
00:00:00.989270   IDS - FEAT_IDST support                                     = 0x1 (0x1)
00:00:00.989271   FWB - HCR_EL2.FWB support                                   = 0x0 (0x0)
00:00:00.989271   Res0 - Reserved                                             = 0x0 (0x0)
00:00:00.989272   TTL - TTL field support in address operations               = 0x0 (0x0)
00:00:00.989272   BBM - FEAT_BBM support                                      = 0x0 (0x0)
00:00:00.989273   EVT - Enhanced Virtualization Traps support                 = 0x0 (0x0)
00:00:00.989274   E0PD - E0PD mechanism support                               = 0x0 (0x0)
00:00:00.989274 Guest ID_AA64MMFR3_EL1: 0x1000000000000000 (Host 0x1000000000000000)
00:00:00.989275 Guest ID_AA64MMFR4_EL1: 0x0000000000000000 (Host 0x0000000000000000)
00:00:00.989275 Guest     s3_0_c0_c7_5: 0x0000000000000000 (Host 0x0000000000000000)
00:00:00.989276 Guest     s3_0_c0_c7_6: 0x0000000000000000 (Host 0x0000000000000000)
00:00:00.989276 Guest     s3_0_c0_c7_7: 0x0000000000000000 (Host 0x0000000000000000)
00:00:00.989276 Guest       ERRIDR_EL1: .................. (Host 0x0000000000000003)
00:00:00.989277 Guest        PMMIR_EL1: .................. (Host 0x0000000000060408)
00:00:00.989277 Guest        CLIDR_EL1: .................. (Host 0x0000000002000023)
00:00:00.989278 Guest         AIDR_EL1: .................. (Host 0x0000000000000000)
00:00:00.989278 Guest          CTR_EL0: .................. (Host 0x00000000b444c004)
00:00:00.989279 Guest        DCZID_EL0: .................. (Host 0x0000000000000004)
00:00:00.989279 Guest       CNTFRQ_EL0: .................. (Host 0x000000000124f800)
00:00:00.989279 ********************* End of CPUID dump *********************
00:00:00.989280 ******************** CPU feature dump ***********************
00:00:00.989281                   Features = guest (host)
00:00:00.989281                  FEAT_AA32 = 0 (0)
00:00:00.989283              FEAT_AA32BF16 = 0 (0)
00:00:00.989284               FEAT_AA32EL0 = 0 (0)
00:00:00.989284               FEAT_AA32EL1 = 0 (0)
00:00:00.989285               FEAT_AA32EL2 = 0 (0)
00:00:00.989285               FEAT_AA32EL3 = 0 (0)
00:00:00.989285               FEAT_AA32HPD = 0 (0)
00:00:00.989286              FEAT_AA32I8MM = 0 (0)
00:00:00.989286                  FEAT_AA64 = 1 (1)
00:00:00.989287               FEAT_AA64EL0 = 1 (1)
00:00:00.989287               FEAT_AA64EL1 = 1 (1)
00:00:00.989287               FEAT_AA64EL2 = 0 (1)
00:00:00.989288               FEAT_AA64EL3 = 0 (1)
00:00:00.989288                  FEAT_ABLE = 0 (0)
00:00:00.989288                 FEAT_ADERR = 0 (0)
00:00:00.989289                   FEAT_AES = 0 (1)
00:00:00.989289                   FEAT_AFP = 1 (1)
00:00:00.989289                   FEAT_AIE = 0 (0)
00:00:00.989290                 FEAT_AMUv1 = 0 (1)
00:00:00.989290               FEAT_AMUv1p1 = 0 (1)
00:00:00.989291                 FEAT_ANERR = 0 (0)
00:00:00.989291                FEAT_ASID16 = 1 (1)
00:00:00.989291                 FEAT_ASID2 = 0 (0)
00:00:00.989293                 FEAT_ATS1A = 0 (0)
00:00:00.989293               FEAT_AdvSIMD = 1 (1)
00:00:00.989293                   FEAT_BBM = 0 (0)
00:00:00.989294                  FEAT_BF16 = 1 (1)
00:00:00.989294                  FEAT_BRBE = 0 (0)
00:00:00.989295              FEAT_BRBEv1p1 = 0 (0)
00:00:00.989295                   FEAT_BTI = 0 (0)
00:00:00.989295                   FEAT_BWE = 0 (0)
00:00:00.989296                  FEAT_BWE2 = 0 (0)
00:00:00.989296                 FEAT_CCIDX = 1 (1)
00:00:00.989297                   FEAT_CHK = 0 (0)
00:00:00.989297                FEAT_CLRBHB = 0 (1)
00:00:00.989298                  FEAT_CMOW = 0 (0)
00:00:00.989299                 FEAT_CMPBR = 0 (0)
00:00:00.989299         FEAT_CONSTPACFIELD = 0 (0)
00:00:00.989300                   FEAT_CPA = 0 (0)
00:00:00.989300                  FEAT_CPA2 = 0 (0)
00:00:00.989300                 FEAT_CRC32 = 0 (1)
00:00:00.989301                  FEAT_CSSC = 0 (0)
00:00:00.989301                  FEAT_CSV2 = 1 (1)
00:00:00.989302              FEAT_CSV2_1p1 = 0 (0)
00:00:00.989302              FEAT_CSV2_1p2 = 0 (0)
00:00:00.989302                FEAT_CSV2_2 = 0 (0)
00:00:00.989303                FEAT_CSV2_3 = 0 (0)
00:00:00.989304                  FEAT_CSV3 = 1 (1)
00:00:00.989304                  FEAT_D128 = 0 (0)
00:00:00.989305                   FEAT_DGH = 0 (0)
00:00:00.989305                   FEAT_DIT = 0 (1)
00:00:00.989306                   FEAT_DPB = 1 (1)
00:00:00.989306                  FEAT_DPB2 = 1 (1)
00:00:00.989306             FEAT_Debugv8p1 = 1 (1)
00:00:00.989307             FEAT_Debugv8p2 = 1 (1)
00:00:00.989307             FEAT_Debugv8p4 = 0 (1)
00:00:00.989307             FEAT_Debugv8p8 = 0 (0)
00:00:00.989308             FEAT_Debugv8p9 = 0 (0)
00:00:00.989308               FEAT_DotProd = 1 (1)
00:00:00.989308           FEAT_DoubleFault = 0 (1)
00:00:00.989309          FEAT_DoubleFault2 = 0 (0)
00:00:00.989309            FEAT_DoubleLock = 0 (0)
00:00:00.989310                  FEAT_E0PD = 0 (0)
00:00:00.989310                  FEAT_E2H0 = 1 (1)
00:00:00.989310                 FEAT_E3DSE = 0 (0)
00:00:00.989311                  FEAT_EBEP = 0 (0)
00:00:00.989311                 FEAT_EBF16 = 0 (0)
00:00:00.989311                 FEAT_ECBHB = 0 (0)
00:00:00.989312                   FEAT_ECV = 0 (0)
00:00:00.989312              FEAT_ECV_POFF = 0 (0)
00:00:00.989314                   FEAT_EL2 = 0 (1)
00:00:00.989314                   FEAT_EL3 = 0 (1)
00:00:00.989314                  FEAT_EPAC = 0 (0)
00:00:00.989315                   FEAT_ETE = 0 (0)
00:00:00.989315               FEAT_ETEv1p1 = 0 (0)
00:00:00.989315               FEAT_ETEv1p2 = 0 (0)
00:00:00.989316               FEAT_ETEv1p3 = 0 (0)
00:00:00.989316                 FEAT_ETMv4 = 0 (0)
00:00:00.989316               FEAT_ETMv4p1 = 0 (0)
00:00:00.989317               FEAT_ETMv4p2 = 0 (0)
00:00:00.989317               FEAT_ETMv4p3 = 0 (0)
00:00:00.989318               FEAT_ETMv4p4 = 0 (0)
00:00:00.989318               FEAT_ETMv4p5 = 0 (0)
00:00:00.989318               FEAT_ETMv4p6 = 0 (0)
00:00:00.989319                  FEAT_ETS2 = 0 (0)
00:00:00.989319                  FEAT_ETS3 = 0 (0)
00:00:00.989319                   FEAT_EVT = 0 (0)
00:00:00.989320                   FEAT_ExS = 1 (1)
00:00:00.989320                 FEAT_F32MM = 0 (0)
00:00:00.989321                 FEAT_F64MM = 0 (0)
00:00:00.989321               FEAT_F8F16MM = 0 (0)
00:00:00.989321               FEAT_F8F32MM = 0 (0)
00:00:00.989322              FEAT_FAMINMAX = 0 (0)
00:00:00.989322                  FEAT_FCMA = 1 (1)
00:00:00.989323                   FEAT_FGT = 0 (0)
00:00:00.989324                  FEAT_FGT2 = 0 (0)
00:00:00.989324                FEAT_FGWTE3 = 0 (0)
00:00:00.989324                   FEAT_FHM = 1 (1)
00:00:00.989325                    FEAT_FP = 1 (1)
00:00:00.989325                  FEAT_FP16 = 1 (1)
00:00:00.989326                   FEAT_FP8 = 0 (0)
00:00:00.989326               FEAT_FP8DOT2 = 0 (0)
00:00:00.989326               FEAT_FP8DOT4 = 0 (0)
00:00:00.989327                FEAT_FP8FMA = 0 (0)
00:00:00.989327                  FEAT_FPAC = 1 (1)
00:00:00.989328           FEAT_FPACCOMBINE = 1 (1)
00:00:00.989328            FEAT_FPACC_SPEC = 1 (1)
00:00:00.989328                  FEAT_FPMR = 0 (0)
00:00:00.989329                FEAT_FPRCVT = 0 (0)
00:00:00.989329               FEAT_FRINTTS = 1 (1)
00:00:00.989329                 FEAT_FlagM = 1 (1)
00:00:00.989330                FEAT_FlagM2 = 1 (1)
00:00:00.989330                   FEAT_GCS = 0 (0)
00:00:00.989330                 FEAT_GICv3 = 1 (1)
00:00:00.989331             FEAT_GICv3_NMI = 0 (0)
00:00:00.989331            FEAT_GICv3_TDIR = 0 (0)
00:00:00.989332               FEAT_GICv3p1 = 1 (1)
00:00:00.989333                 FEAT_GICv4 = 1 (1)
00:00:00.989333               FEAT_GICv4p1 = 0 (0)
00:00:00.989334                   FEAT_GTG = 1 (1)
00:00:00.989334                FEAT_HACDBS = 0 (0)
00:00:00.989334                FEAT_HAFDBS = 0 (0)
00:00:00.989335                  FEAT_HAFT = 0 (0)
00:00:00.989335                   FEAT_HBC = 0 (0)
00:00:00.989336                   FEAT_HCX = 0 (0)
00:00:00.989336                 FEAT_HDBSS = 0 (0)
00:00:00.989336                  FEAT_HPDS = 1 (1)
00:00:00.989337                 FEAT_HPDS2 = 0 (0)
00:00:00.989337                 FEAT_HPMN0 = 0 (0)
00:00:00.989337                  FEAT_I8MM = 1 (1)
00:00:00.989338                  FEAT_IDST = 1 (1)
00:00:00.989338                 FEAT_IDTE3 = 0 (0)
00:00:00.989339                  FEAT_IESB = 1 (1)
00:00:00.989339                   FEAT_ITE = 0 (0)
00:00:00.989339                 FEAT_IVIPT = 0 (1)
00:00:00.989340                 FEAT_JSCVT = 1 (1)
00:00:00.989340                   FEAT_LOR = 0 (0)
00:00:00.989340                   FEAT_LPA = 0 (0)
00:00:00.989341                  FEAT_LPA2 = 0 (0)
00:00:00.989341                 FEAT_LRCPC = 1 (1)
00:00:00.989343                FEAT_LRCPC2 = 1 (1)
00:00:00.989343                FEAT_LRCPC3 = 0 (0)
00:00:00.989343                  FEAT_LS64 = 0 (0)
00:00:00.989344                FEAT_LS64WB = 0 (0)
00:00:00.989344          FEAT_LS64_ACCDATA = 0 (0)
00:00:00.989344                FEAT_LS64_V = 0 (0)
00:00:00.989345                   FEAT_LSE = 1 (1)
00:00:00.989345                FEAT_LSE128 = 0 (0)
00:00:00.989346                  FEAT_LSE2 = 1 (1)
00:00:00.989346                  FEAT_LSFE = 0 (0)
00:00:00.989346                FEAT_LSMAOC = 0 (0)
00:00:00.989347                  FEAT_LSUI = 0 (0)
00:00:00.989347                   FEAT_LUT = 0 (0)
00:00:00.989347                   FEAT_LVA = 0 (0)
00:00:00.989348                  FEAT_LVA3 = 0 (0)
00:00:00.989348                   FEAT_MEC = 0 (0)
00:00:00.989348                  FEAT_MOPS = 0 (0)
00:00:00.989349                  FEAT_MPAM = 0 (0)
00:00:00.989349       FEAT_MPAM_PE_BW_CTRL = 0 (0)
00:00:00.989350              FEAT_MPAMv0p1 = 0 (0)
00:00:00.989350              FEAT_MPAMv1p1 = 0 (0)
00:00:00.989350                   FEAT_MTE = 0 (0)
00:00:00.989351                  FEAT_MTE2 = 0 (0)
00:00:00.989351                  FEAT_MTE3 = 0 (0)
00:00:00.989352                  FEAT_MTE4 = 0 (0)
00:00:00.989353        FEAT_MTE_ASYM_FAULT = 0 (0)
00:00:00.989353             FEAT_MTE_ASYNC = 1 (1)
00:00:00.989353    FEAT_MTE_CANONICAL_TAGS = 0 (0)
00:00:00.989354   FEAT_MTE_NO_ADDRESS_TAGS = 0 (0)
00:00:00.989354              FEAT_MTE_PERM = 0 (0)
00:00:00.989354        FEAT_MTE_STORE_ONLY = 0 (0)
00:00:00.989355        FEAT_MTE_TAGGED_FAR = 0 (0)
00:00:00.989355                 FEAT_MTPMU = 0 (0)
00:00:00.989355              FEAT_MixedEnd = 0 (0)
00:00:00.989356           FEAT_MixedEndEL0 = 0 (0)
00:00:00.989356                   FEAT_NMI = 0 (0)
00:00:00.989356                    FEAT_NV = 0 (0)
00:00:00.989357                   FEAT_NV2 = 0 (0)
00:00:00.989357                 FEAT_NV2p1 = 0 (0)
00:00:00.989358                 FEAT_OCCMO = 0 (0)
00:00:00.989358                FEAT_PACIMP = 0 (0)
00:00:00.989358             FEAT_PACQARMA3 = 0 (0)
00:00:00.989359             FEAT_PACQARMA5 = 1 (1)
00:00:00.989359                   FEAT_PAN = 1 (1)
00:00:00.989359                  FEAT_PAN2 = 1 (1)
00:00:00.989360                  FEAT_PAN3 = 0 (0)
00:00:00.989360                 FEAT_PAuth = 1 (1)
00:00:00.989362                FEAT_PAuth2 = 1 (1)
00:00:00.989362              FEAT_PAuth_LR = 0 (0)
00:00:00.989362              FEAT_PCDPHINT = 0 (0)
00:00:00.989363                  FEAT_PFAR = 0 (0)
00:00:00.989363                 FEAT_PMULL = 0 (1)
00:00:00.989363                 FEAT_PMUv3 = 1 (1)
00:00:00.989364            FEAT_PMUv3_EDGE = 0 (0)
00:00:00.989364           FEAT_PMUv3_ICNTR = 0 (0)
00:00:00.989364             FEAT_PMUv3_SME = 0 (0)
00:00:00.989365              FEAT_PMUv3_SS = 0 (0)
00:00:00.989365              FEAT_PMUv3_TH = 0 (0)
00:00:00.989365             FEAT_PMUv3_TH2 = 0 (0)
00:00:00.989366               FEAT_PMUv3p1 = 1 (1)
00:00:00.989366               FEAT_PMUv3p4 = 0 (1)
00:00:00.989366               FEAT_PMUv3p5 = 0 (1)
00:00:00.989367               FEAT_PMUv3p7 = 0 (1)
00:00:00.989367               FEAT_PMUv3p8 = 0 (0)
00:00:00.989368               FEAT_PMUv3p9 = 0 (0)
00:00:00.989368               FEAT_PRFMSLC = 0 (0)
00:00:00.989368                  FEAT_PoPS = 0 (0)
00:00:00.989369                   FEAT_RAS = 0 (1)
00:00:00.989369               FEAT_RASv1p1 = 0 (1)
00:00:00.989369                 FEAT_RASv2 = 0 (0)
00:00:00.989371                   FEAT_RDM = 1 (1)
00:00:00.989371                   FEAT_RME = 0 (0)
00:00:00.989371               FEAT_RME_GDI = 0 (0)
00:00:00.989372              FEAT_RME_GPC2 = 0 (0)
00:00:00.989372              FEAT_RME_GPC3 = 0 (0)
00:00:00.989373                   FEAT_RNG = 1 (1)
00:00:00.989373              FEAT_RNG_TRAP = 0 (0)
00:00:00.989373                 FEAT_RPRES = 1 (1)
00:00:00.989374                 FEAT_RPRFM = 0 (0)
00:00:00.989374                 FEAT_S1PIE = 0 (0)
00:00:00.989374                 FEAT_S1POE = 0 (0)
00:00:00.989375                 FEAT_S2FWB = 0 (0)
00:00:00.989375                 FEAT_S2PIE = 0 (0)
00:00:00.989375                 FEAT_S2POE = 0 (0)
00:00:00.989376            FEAT_S2TGran16K = 0 (0)
00:00:00.989376             FEAT_S2TGran4K = 0 (0)
00:00:00.989377            FEAT_S2TGran64K = 0 (0)
00:00:00.989377                    FEAT_SB = 1 (1)
00:00:00.989377                FEAT_SCTLR2 = 0 (0)
00:00:00.989378                 FEAT_SEBEP = 0 (0)
00:00:00.989378                  FEAT_SEL2 = 0 (1)
00:00:00.989378                  FEAT_SHA1 = 0 (1)
00:00:00.989379                FEAT_SHA256 = 0 (1)
00:00:00.989380                  FEAT_SHA3 = 0 (1)
00:00:00.989380                FEAT_SHA512 = 0 (1)
00:00:00.989381                   FEAT_SM3 = 1 (1)
00:00:00.989381                   FEAT_SM4 = 1 (1)
00:00:00.989381                   FEAT_SME = 0 (0)
00:00:00.989382                  FEAT_SME2 = 0 (0)
00:00:00.989382                FEAT_SME2p1 = 0 (0)
00:00:00.989383                FEAT_SME2p2 = 0 (0)
00:00:00.989383            FEAT_SME_B16B16 = 0 (0)
00:00:00.989383            FEAT_SME_F16F16 = 0 (0)
00:00:00.989384            FEAT_SME_F64F64 = 0 (0)
00:00:00.989384             FEAT_SME_F8F16 = 0 (0)
00:00:00.989384             FEAT_SME_F8F32 = 0 (0)
00:00:00.989385              FEAT_SME_FA64 = 0 (0)
00:00:00.989385            FEAT_SME_I16I64 = 0 (0)
00:00:00.989385             FEAT_SME_LUTv2 = 0 (0)
00:00:00.989386              FEAT_SME_MOP4 = 0 (0)
00:00:00.989386              FEAT_SME_TMOP = 0 (0)
00:00:00.989386                   FEAT_SPE = 0 (0)
00:00:00.989387               FEAT_SPECRES = 1 (1)
00:00:00.989387              FEAT_SPECRES2 = 0 (0)
00:00:00.989388            FEAT_SPE_ALTCLK = 0 (0)
00:00:00.989388               FEAT_SPE_CRR = 0 (0)
00:00:00.989388             FEAT_SPE_DPFZS = 0 (0)
00:00:00.989389               FEAT_SPE_EFT = 0 (0)
00:00:00.989390               FEAT_SPE_EXC = 0 (0)
00:00:00.989390               FEAT_SPE_FDS = 0 (0)
00:00:00.989390               FEAT_SPE_FPF = 0 (0)
00:00:00.989391               FEAT_SPE_FnE = 0 (0)
00:00:00.989391               FEAT_SPE_PBT = 0 (0)
00:00:00.989392               FEAT_SPE_SME = 0 (0)
00:00:00.989392               FEAT_SPE_nVM = 0 (0)
00:00:00.989392               FEAT_SPEv1p1 = 0 (0)
00:00:00.989393               FEAT_SPEv1p2 = 0 (0)
00:00:00.989393               FEAT_SPEv1p3 = 0 (0)
00:00:00.989393               FEAT_SPEv1p4 = 0 (0)
00:00:00.989394               FEAT_SPEv1p5 = 0 (0)
00:00:00.989394                  FEAT_SPMU = 0 (0)
00:00:00.989394                 FEAT_SPMU2 = 0 (0)
00:00:00.989395                FEAT_SRMASK = 0 (0)
00:00:00.989395                  FEAT_SSBS = 1 (1)
00:00:00.989396                 FEAT_SSBS2 = 1 (1)
00:00:00.989396              FEAT_SSVE_AES = 0 (0)
00:00:00.989396          FEAT_SSVE_BitPerm = 0 (0)
00:00:00.989397            FEAT_SSVE_FEXPA = 0 (0)
00:00:00.989397          FEAT_SSVE_FP8DOT2 = 0 (0)
00:00:00.989397          FEAT_SSVE_FP8DOT4 = 0 (0)
00:00:00.989399           FEAT_SSVE_FP8FMA = 0 (0)
00:00:00.989399                 FEAT_STEP2 = 0 (0)
00:00:00.989399                   FEAT_SVE = 0 (0)
00:00:00.989400                  FEAT_SVE2 = 0 (0)
00:00:00.989400                FEAT_SVE2p1 = 0 (0)
00:00:00.989401                FEAT_SVE2p2 = 0 (0)
00:00:00.989401               FEAT_SVE_AES = 0 (0)
00:00:00.989401              FEAT_SVE_AES2 = 0 (0)
00:00:00.989402            FEAT_SVE_B16B16 = 0 (0)
00:00:00.989402           FEAT_SVE_BFSCALE = 0 (0)
00:00:00.989402           FEAT_SVE_BitPerm = 0 (0)
00:00:00.989403          FEAT_SVE_F16F32MM = 0 (0)
00:00:00.989403          FEAT_SVE_PMULL128 = 0 (0)
00:00:00.989403              FEAT_SVE_SHA3 = 0 (0)
00:00:00.989404               FEAT_SVE_SM4 = 0 (0)
00:00:00.989404           FEAT_SYSINSTR128 = 0 (0)
00:00:00.989404             FEAT_SYSREG128 = 0 (0)
00:00:00.989405               FEAT_SpecSEI = 1 (1)
00:00:00.989405                  FEAT_TCR2 = 0 (0)
00:00:00.989406              FEAT_TGran16K = 0 (0)
00:00:00.989406               FEAT_TGran4K = 1 (1)
00:00:00.989406              FEAT_TGran64K = 1 (1)
00:00:00.989407                   FEAT_THE = 0 (0)
00:00:00.989408                FEAT_TIDCP1 = 0 (0)
00:00:00.989408                FEAT_TLBIOS = 1 (1)
00:00:00.989409             FEAT_TLBIRANGE = 1 (1)
00:00:00.989409                 FEAT_TLBIW = 0 (0)
00:00:00.989410                   FEAT_TME = 0 (0)
00:00:00.989410                  FEAT_TRBE = 0 (0)
00:00:00.989410              FEAT_TRBE_EXC = 0 (0)
00:00:00.989411              FEAT_TRBE_EXT = 0 (0)
00:00:00.989411             FEAT_TRBE_MPAM = 0 (0)
00:00:00.989411              FEAT_TRBEv1p1 = 0 (0)
00:00:00.989412                FEAT_TRC_SR = 0 (0)
00:00:00.989412                   FEAT_TRF = 0 (0)
00:00:00.989412                 FEAT_TTCNP = 1 (1)
00:00:00.989413                   FEAT_TTL = 0 (0)
00:00:00.989413                  FEAT_TTST = 0 (0)
00:00:00.989414                  FEAT_TWED = 0 (0)
00:00:00.989414                   FEAT_UAO = 1 (1)
00:00:00.989414                  FEAT_UINJ = 0 (0)
00:00:00.989415                   FEAT_VHE = 0 (0)
00:00:00.989415                FEAT_VMID16 = 0 (0)
00:00:00.989415                 FEAT_VPIPT = 0 (0)
00:00:00.989416                  FEAT_WFxT = 0 (0)
00:00:00.989416                   FEAT_XNX = 0 (0)
00:00:00.989417                    FEAT_XS = 0 (0)
00:00:00.989417                FEAT_nTLBPA = 0 (0)
00:00:00.989417 
00:00:00.989418 ***************** End of CPU feature dump *******************
00:00:00.989501 VMEmt: Halt method nem (6)
00:00:00.989621 Changing the VM state from 'CREATING' to 'CREATED'
00:00:00.990751 NAT: DNS settings changed, triggering update
00:00:00.990759 NAT DNS Update: Stored 1678026946 as nameserver #0
00:00:00.990762 NAT DNS Update: Stored 1678289090 as nameserver #1
00:00:00.990764 NAT DNS Update: Stored 2 total nameservers
00:00:01.012741 GUI: UIMediumEnumerator: Medium-enumeration finished!
00:00:01.990877 Changing the VM state from 'CREATED' to 'LOADING'
00:00:01.991142 SSM: File header: Format 2.0, VirtualBox Version 7.2.14 r174565, 64-bit host, cbGCPhys=8, cbGCPtr=8
00:00:01.993405 SSM: Saved state info:
00:00:01.993424 SSM:   Build Type: release
00:00:01.993432 SSM:   Host OS: win.arm64
00:00:06.113330 TM: cTSCTicksPerSecond=0x3135a6fe (825 599 742) enmTSCMode=4 (NativeApi) (state load)
00:00:06.115782 HGCM: Restoring [VBoxGuestPropSvc]
00:00:06.115804 HGCM: Restoring [VBoxGuestControlSvc]
00:00:06.115807 HGCM: Restoring [VBoxSharedFolders]
00:00:06.115810 HGCM: Restoring [VBoxDragAndDropSvc]
00:00:06.115812 HGCM: Restoring [VBoxSharedClipboard]
00:00:06.117823 VGA: VMSVGA2dGBO enabled in VM config and SVGA_CAP_GBOBJECTS is present in Caps. 3D state should be loaded.
00:00:06.118118 GUI: UISession::sltAdditionsChange: GA state doesn't really changed, still notifying listeners.
00:00:06.118126 GUI: UIMachineLogicNormal::sltCheckForRequestedVisualStateType: Requested-state=1, Machine-state=14
00:00:06.118943 VMSVGA3d: cap[0]=0x00000000 {3D}
00:00:06.118946 VMSVGA3d: cap[1]=0x00000000 {MAX_LIGHTS}
00:00:06.118946 VMSVGA3d: cap[2]=0x00000000 {MAX_TEXTURES}
00:00:06.118947 VMSVGA3d: cap[3]=0x00000000 {MAX_CLIP_PLANES}
00:00:06.118947 VMSVGA3d: cap[4]=0x00000000 {VERTEX_SHADER_VERSION}
00:00:06.118948 VMSVGA3d: cap[5]=0x00000000 {VERTEX_SHADER}
00:00:06.118948 VMSVGA3d: cap[6]=0x00000000 {FRAGMENT_SHADER_VERSION}
00:00:06.118948 VMSVGA3d: cap[7]=0x00000000 {FRAGMENT_SHADER}
00:00:06.118949 VMSVGA3d: cap[8]=0x00000000 {MAX_RENDER_TARGETS}
00:00:06.118949 VMSVGA3d: cap[9]=0x00000000 {S23E8_TEXTURES}
00:00:06.118949 VMSVGA3d: cap[10]=0x00000000 {S10E5_TEXTURES}
00:00:06.118949 VMSVGA3d: cap[11]=0x00000000 {MAX_FIXED_VERTEXBLEND}
00:00:06.118950 VMSVGA3d: cap[12]=0x00000000 {D16_BUFFER_FORMAT}
00:00:06.118950 VMSVGA3d: cap[13]=0x00000000 {D24S8_BUFFER_FORMAT}
00:00:06.118951 VMSVGA3d: cap[14]=0x00000000 {D24X8_BUFFER_FORMAT}
00:00:06.118951 VMSVGA3d: cap[15]=0x00000000 {QUERY_TYPES}
00:00:06.118952 VMSVGA3d: cap[16]=0x00000000 {TEXTURE_GRADIENT_SAMPLING}
00:00:06.118952 VMSVGA3d: cap[17]=0.000000 {MAX_POINT_SIZE}
00:00:06.118952 VMSVGA3d: cap[18]=0x00000000 {MAX_SHADER_TEXTURES}
00:00:06.118953 VMSVGA3d: cap[19]=0x00004000 {MAX_TEXTURE_WIDTH}
00:00:06.118953 VMSVGA3d: cap[20]=0x00004000 {MAX_TEXTURE_HEIGHT}
00:00:06.118953 VMSVGA3d: cap[21]=0x00000000 {MAX_VOLUME_EXTENT}
00:00:06.118954 VMSVGA3d: cap[22]=0x00000000 {MAX_TEXTURE_REPEAT}
00:00:06.118954 VMSVGA3d: cap[23]=0x00000000 {MAX_TEXTURE_ASPECT_RATIO}
00:00:06.118954 VMSVGA3d: cap[24]=0x00000000 {MAX_TEXTURE_ANISOTROPY}
00:00:06.118954 VMSVGA3d: cap[25]=0x00000000 {MAX_PRIMITIVE_COUNT}
00:00:06.118954 VMSVGA3d: cap[26]=0x00000000 {MAX_VERTEX_INDEX}
00:00:06.118955 VMSVGA3d: cap[27]=0x00000000 {MAX_VERTEX_SHADER_INSTRUCTIONS}
00:00:06.118955 VMSVGA3d: cap[28]=0x00000000 {MAX_FRAGMENT_SHADER_INSTRUCTIONS}
00:00:06.118955 VMSVGA3d: cap[29]=0x00000000 {MAX_VERTEX_SHADER_TEMPS}
00:00:06.118955 VMSVGA3d: cap[30]=0x00000000 {MAX_FRAGMENT_SHADER_TEMPS}
00:00:06.118955 VMSVGA3d: cap[31]=0x00000000 {TEXTURE_OPS}
00:00:06.118956 VMSVGA3d: cap[32]=0x00000000 {SURFACEFMT_X8R8G8B8}
00:00:06.118956 VMSVGA3d: cap[33]=0x00000000 {SURFACEFMT_A8R8G8B8}
00:00:06.118956 VMSVGA3d: cap[34]=0x00000000 {SURFACEFMT_A2R10G10B10}
00:00:06.118956 VMSVGA3d: cap[35]=0x00000000 {SURFACEFMT_X1R5G5B5}
00:00:06.118957 VMSVGA3d: cap[36]=0x00000000 {SURFACEFMT_A1R5G5B5}
00:00:06.118957 VMSVGA3d: cap[37]=0x00000000 {SURFACEFMT_A4R4G4B4}
00:00:06.118957 VMSVGA3d: cap[38]=0x00000000 {SURFACEFMT_R5G6B5}
00:00:06.118957 VMSVGA3d: cap[39]=0x00000000 {SURFACEFMT_LUMINANCE16}
00:00:06.118957 VMSVGA3d: cap[40]=0x00000000 {SURFACEFMT_LUMINANCE8_ALPHA8}
00:00:06.118958 VMSVGA3d: cap[41]=0x00000000 {SURFACEFMT_ALPHA8}
00:00:06.118958 VMSVGA3d: cap[42]=0x00000000 {SURFACEFMT_LUMINANCE8}
00:00:06.118958 VMSVGA3d: cap[43]=0x00000000 {SURFACEFMT_Z_D16}
00:00:06.118958 VMSVGA3d: cap[44]=0x00000000 {SURFACEFMT_Z_D24S8}
00:00:06.118958 VMSVGA3d: cap[45]=0x00000000 {SURFACEFMT_Z_D24X8}
00:00:06.118959 VMSVGA3d: cap[46]=0x00000000 {SURFACEFMT_DXT1}
00:00:06.118959 VMSVGA3d: cap[47]=0x00000000 {SURFACEFMT_DXT2}
00:00:06.118959 VMSVGA3d: cap[48]=0x00000000 {SURFACEFMT_DXT3}
00:00:06.118959 VMSVGA3d: cap[49]=0x00000000 {SURFACEFMT_DXT4}
00:00:06.118959 VMSVGA3d: cap[50]=0x00000000 {SURFACEFMT_DXT5}
00:00:06.118960 VMSVGA3d: cap[51]=0x00000000 {SURFACEFMT_BUMPX8L8V8U8}
00:00:06.118960 VMSVGA3d: cap[52]=0x00000000 {SURFACEFMT_A2W10V10U10}
00:00:06.118960 VMSVGA3d: cap[53]=0x00000000 {SURFACEFMT_BUMPU8V8}
00:00:06.118960 VMSVGA3d: cap[54]=0x00000000 {SURFACEFMT_Q8W8V8U8}
00:00:06.118960 VMSVGA3d: cap[55]=0x00000000 {SURFACEFMT_CxV8U8}
00:00:06.118961 VMSVGA3d: cap[56]=0x00000000 {SURFACEFMT_R_S10E5}
00:00:06.118961 VMSVGA3d: cap[57]=0x00000000 {SURFACEFMT_R_S23E8}
00:00:06.118961 VMSVGA3d: cap[58]=0x00000000 {SURFACEFMT_RG_S10E5}
00:00:06.118961 VMSVGA3d: cap[59]=0x00000000 {SURFACEFMT_RG_S23E8}
00:00:06.118962 VMSVGA3d: cap[60]=0x00000000 {SURFACEFMT_ARGB_S10E5}
00:00:06.118962 VMSVGA3d: cap[61]=0x00000000 {SURFACEFMT_ARGB_S23E8}
00:00:06.118962 VMSVGA3d: cap[62]=0x00000000 {MISSING62}
00:00:06.118962 VMSVGA3d: cap[63]=0x00000000 {MAX_VERTEX_SHADER_TEXTURES}
00:00:06.118962 VMSVGA3d: cap[64]=0x00000000 {MAX_SIMULTANEOUS_RENDER_TARGETS}
00:00:06.118963 VMSVGA3d: cap[65]=0x00000000 {SURFACEFMT_V16U16}
00:00:06.118963 VMSVGA3d: cap[66]=0x00000000 {SURFACEFMT_G16R16}
00:00:06.118964 VMSVGA3d: cap[67]=0x00000000 {SURFACEFMT_A16B16G16R16}
00:00:06.118964 VMSVGA3d: cap[68]=0x00000000 {SURFACEFMT_UYVY}
00:00:06.118964 VMSVGA3d: cap[69]=0x00000000 {SURFACEFMT_YUY2}
00:00:06.118965 VMSVGA3d: cap[70]=0x00000000 {DEAD4}
00:00:06.118965 VMSVGA3d: cap[71]=0x00000000 {DEAD5}
00:00:06.118965 VMSVGA3d: cap[72]=0x00000000 {DEAD7}
00:00:06.118966 VMSVGA3d: cap[73]=0x00000000 {DEAD6}
00:00:06.118966 VMSVGA3d: cap[74]=0x00000000 {AUTOGENMIPMAPS}
00:00:06.118966 VMSVGA3d: cap[75]=0x00000000 {SURFACEFMT_NV12}
00:00:06.118966 VMSVGA3d: cap[76]=0x00000000 {DEAD10}
00:00:06.118967 VMSVGA3d: cap[77]=0x00000000 {MAX_CONTEXT_IDS}
00:00:06.118967 VMSVGA3d: cap[78]=0x00000000 {MAX_SURFACE_IDS}
00:00:06.118967 VMSVGA3d: cap[79]=0x00000000 {SURFACEFMT_Z_DF16}
00:00:06.118967 VMSVGA3d: cap[80]=0x00000000 {SURFACEFMT_Z_DF24}
00:00:06.118968 VMSVGA3d: cap[81]=0x00000000 {SURFACEFMT_Z_D24S8_INT}
00:00:06.118968 VMSVGA3d: cap[82]=0x00000000 {SURFACEFMT_ATI1}
00:00:06.118968 VMSVGA3d: cap[83]=0x00000000 {SURFACEFMT_ATI2}
00:00:06.118968 VMSVGA3d: cap[84]=0x00000000 {DEAD1}
00:00:06.118969 VMSVGA3d: cap[85]=0x00000000 {DEAD8}
00:00:06.118969 VMSVGA3d: cap[86]=0x00000000 {DEAD9}
00:00:06.118969 VMSVGA3d: cap[87]=0x00000000 {LINE_AA}
00:00:06.118969 VMSVGA3d: cap[88]=0x00000000 {LINE_STIPPLE}
00:00:06.118969 VMSVGA3d: cap[89]=0.000000 {MAX_LINE_WIDTH}
00:00:06.118970 VMSVGA3d: cap[90]=0.000000 {MAX_AA_LINE_WIDTH}
00:00:06.118970 VMSVGA3d: cap[91]=0x00000000 {SURFACEFMT_YV12}
00:00:06.118970 VMSVGA3d: cap[92]=0x00000000 {DEAD3}
00:00:06.118970 VMSVGA3d: cap[93]=0x00000000 {TS_COLOR_KEY}
00:00:06.118971 VMSVGA3d: cap[94]=0x00000000 {DEAD2}
00:00:06.118971 VMSVGA3d: cap[95]=0x00000000 {DXCONTEXT}
00:00:06.118971 VMSVGA3d: cap[96]=0x00000000 {DEAD11}
00:00:06.118971 VMSVGA3d: cap[97]=0x00000000 {DX_MAX_VERTEXBUFFERS}
00:00:06.118971 VMSVGA3d: cap[98]=0x00000000 {DX_MAX_CONSTANT_BUFFERS}
00:00:06.118972 VMSVGA3d: cap[99]=0x00000000 {DX_PROVOKING_VERTEX}
00:00:06.118972 VMSVGA3d: cap[100]=0x00000005 {DXFMT_X8R8G8B8}
00:00:06.118972 VMSVGA3d: cap[101]=0x00000000 {DXFMT_A8R8G8B8}
00:00:06.118972 VMSVGA3d: cap[102]=0x00000000 {DXFMT_R5G6B5}
00:00:06.118972 VMSVGA3d: cap[103]=0x00000000 {DXFMT_X1R5G5B5}
00:00:06.118973 VMSVGA3d: cap[104]=0x00000000 {DXFMT_A1R5G5B5}
00:00:06.118973 VMSVGA3d: cap[105]=0x00000000 {DXFMT_A4R4G4B4}
00:00:06.118973 VMSVGA3d: cap[106]=0x00000000 {DXFMT_Z_D32}
00:00:06.118973 VMSVGA3d: cap[107]=0x00000000 {DXFMT_Z_D16}
00:00:06.118974 VMSVGA3d: cap[108]=0x00000000 {DXFMT_Z_D24S8}
00:00:06.118974 VMSVGA3d: cap[109]=0x00000000 {DXFMT_Z_D15S1}
00:00:06.118974 VMSVGA3d: cap[110]=0x00000000 {DXFMT_LUMINANCE8}
00:00:06.118974 VMSVGA3d: cap[111]=0x00000000 {DXFMT_LUMINANCE4_ALPHA4}
00:00:06.118974 VMSVGA3d: cap[112]=0x00000000 {DXFMT_LUMINANCE16}
00:00:06.118975 VMSVGA3d: cap[113]=0x00000000 {DXFMT_LUMINANCE8_ALPHA8}
00:00:06.118975 VMSVGA3d: cap[114]=0x00000000 {DXFMT_DXT1}
00:00:06.118975 VMSVGA3d: cap[115]=0x00000000 {DXFMT_DXT2}
00:00:06.118975 VMSVGA3d: cap[116]=0x00000000 {DXFMT_DXT3}
00:00:06.118975 VMSVGA3d: cap[117]=0x00000000 {DXFMT_DXT4}
00:00:06.118976 VMSVGA3d: cap[118]=0x00000000 {DXFMT_DXT5}
00:00:06.118976 VMSVGA3d: cap[119]=0x00000000 {DXFMT_BUMPU8V8}
00:00:06.118976 VMSVGA3d: cap[120]=0x00000000 {DXFMT_BUMPL6V5U5}
00:00:06.118976 VMSVGA3d: cap[121]=0x00000000 {DXFMT_BUMPX8L8V8U8}
00:00:06.118976 VMSVGA3d: cap[122]=0x00000000 {DXFMT_FORMAT_DEAD1}
00:00:06.118977 VMSVGA3d: cap[123]=0x00000000 {DXFMT_ARGB_S10E5}
00:00:06.118977 VMSVGA3d: cap[124]=0x00000000 {DXFMT_ARGB_S23E8}
00:00:06.118977 VMSVGA3d: cap[125]=0x00000000 {DXFMT_A2R10G10B10}
00:00:06.118977 VMSVGA3d: cap[126]=0x00000000 {DXFMT_V8U8}
00:00:06.118977 VMSVGA3d: cap[127]=0x00000000 {DXFMT_Q8W8V8U8}
00:00:06.118978 VMSVGA3d: cap[128]=0x00000000 {DXFMT_CxV8U8}
00:00:06.118978 VMSVGA3d: cap[129]=0x00000000 {DXFMT_X8L8V8U8}
00:00:06.118978 VMSVGA3d: cap[130]=0x00000000 {DXFMT_A2W10V10U10}
00:00:06.118979 VMSVGA3d: cap[131]=0x00000000 {DXFMT_ALPHA8}
00:00:06.118979 VMSVGA3d: cap[132]=0x00000000 {DXFMT_R_S10E5}
00:00:06.118980 VMSVGA3d: cap[133]=0x00000000 {DXFMT_R_S23E8}
00:00:06.118981 VMSVGA3d: cap[134]=0x00000000 {DXFMT_RG_S10E5}
00:00:06.118981 VMSVGA3d: cap[135]=0x00000000 {DXFMT_RG_S23E8}
00:00:06.118981 VMSVGA3d: cap[136]=0x00000000 {DXFMT_BUFFER}
00:00:06.118982 VMSVGA3d: cap[137]=0x00000000 {DXFMT_Z_D24X8}
00:00:06.118982 VMSVGA3d: cap[138]=0x00000000 {DXFMT_V16U16}
00:00:06.118982 VMSVGA3d: cap[139]=0x00000000 {DXFMT_G16R16}
00:00:06.118983 VMSVGA3d: cap[140]=0x00000000 {DXFMT_A16B16G16R16}
00:00:06.118983 VMSVGA3d: cap[141]=0x00000000 {DXFMT_UYVY}
00:00:06.118983 VMSVGA3d: cap[142]=0x00000000 {DXFMT_YUY2}
00:00:06.118984 VMSVGA3d: cap[143]=0x00000000 {DXFMT_NV12}
00:00:06.118984 VMSVGA3d: cap[144]=0x00000000 {DXFMT_FORMAT_DEAD2}
00:00:06.118984 VMSVGA3d: cap[145]=0x00000000 {DXFMT_R32G32B32A32_TYPELESS}
00:00:06.118985 VMSVGA3d: cap[146]=0x00000000 {DXFMT_R32G32B32A32_UINT}
00:00:06.118985 VMSVGA3d: cap[147]=0x00000000 {DXFMT_R32G32B32A32_SINT}
00:00:06.118985 VMSVGA3d: cap[148]=0x00000000 {DXFMT_R32G32B32_TYPELESS}
00:00:06.118985 VMSVGA3d: cap[149]=0x00000000 {DXFMT_R32G32B32_FLOAT}
00:00:06.118986 VMSVGA3d: cap[150]=0x00000000 {DXFMT_R32G32B32_UINT}
00:00:06.118986 VMSVGA3d: cap[151]=0x00000000 {DXFMT_R32G32B32_SINT}
00:00:06.118986 VMSVGA3d: cap[152]=0x00000000 {DXFMT_R16G16B16A16_TYPELESS}
00:00:06.118986 VMSVGA3d: cap[153]=0x00000000 {DXFMT_R16G16B16A16_UINT}
00:00:06.118987 VMSVGA3d: cap[154]=0x00000000 {DXFMT_R16G16B16A16_SNORM}
00:00:06.118987 VMSVGA3d: cap[155]=0x00000000 {DXFMT_R16G16B16A16_SINT}
00:00:06.118987 VMSVGA3d: cap[156]=0x00000000 {DXFMT_R32G32_TYPELESS}
00:00:06.118988 VMSVGA3d: cap[157]=0x00000000 {DXFMT_R32G32_UINT}
00:00:06.118988 VMSVGA3d: cap[158]=0x00000000 {DXFMT_R32G32_SINT}
00:00:06.118988 VMSVGA3d: cap[159]=0x00000000 {DXFMT_R32G8X24_TYPELESS}
00:00:06.118988 VMSVGA3d: cap[160]=0x00000000 {DXFMT_D32_FLOAT_S8X24_UINT}
00:00:06.118989 VMSVGA3d: cap[161]=0x00000000 {DXFMT_R32_FLOAT_X8X24}
00:00:06.118989 VMSVGA3d: cap[162]=0x00000000 {DXFMT_X32_G8X24_UINT}
00:00:06.118989 VMSVGA3d: cap[163]=0x00000000 {DXFMT_R10G10B10A2_TYPELESS}
00:00:06.118989 VMSVGA3d: cap[164]=0x00000000 {DXFMT_R10G10B10A2_UINT}
00:00:06.118989 VMSVGA3d: cap[165]=0x00000000 {DXFMT_R11G11B10_FLOAT}
00:00:06.118990 VMSVGA3d: cap[166]=0x00000000 {DXFMT_R8G8B8A8_TYPELESS}
00:00:06.118990 VMSVGA3d: cap[167]=0x00000000 {DXFMT_R8G8B8A8_UNORM}
00:00:06.118990 VMSVGA3d: cap[168]=0x00000000 {DXFMT_R8G8B8A8_UNORM_SRGB}
00:00:06.118990 VMSVGA3d: cap[169]=0x00000000 {DXFMT_R8G8B8A8_UINT}
00:00:06.118991 VMSVGA3d: cap[170]=0x00000000 {DXFMT_R8G8B8A8_SINT}
00:00:06.118991 VMSVGA3d: cap[171]=0x00000000 {DXFMT_R16G16_TYPELESS}
00:00:06.118991 VMSVGA3d: cap[172]=0x00000000 {DXFMT_R16G16_UINT}
00:00:06.118991 VMSVGA3d: cap[173]=0x00000000 {DXFMT_R16G16_SINT}
00:00:06.118991 VMSVGA3d: cap[174]=0x00000000 {DXFMT_R32_TYPELESS}
00:00:06.118992 VMSVGA3d: cap[175]=0x00000000 {DXFMT_D32_FLOAT}
00:00:06.118992 VMSVGA3d: cap[176]=0x00000000 {DXFMT_R32_UINT}
00:00:06.118992 VMSVGA3d: cap[177]=0x00000000 {DXFMT_R32_SINT}
00:00:06.118992 VMSVGA3d: cap[178]=0x00000000 {DXFMT_R24G8_TYPELESS}
00:00:06.118992 VMSVGA3d: cap[179]=0x00000000 {DXFMT_D24_UNORM_S8_UINT}
00:00:06.118993 VMSVGA3d: cap[180]=0x00000000 {DXFMT_R24_UNORM_X8}
00:00:06.118993 VMSVGA3d: cap[181]=0x00000000 {DXFMT_X24_G8_UINT}
00:00:06.118993 VMSVGA3d: cap[182]=0x00000000 {DXFMT_R8G8_TYPELESS}
00:00:06.118993 VMSVGA3d: cap[183]=0x00000000 {DXFMT_R8G8_UNORM}
00:00:06.118993 VMSVGA3d: cap[184]=0x00000000 {DXFMT_R8G8_UINT}
00:00:06.118994 VMSVGA3d: cap[185]=0x00000000 {DXFMT_R8G8_SINT}
00:00:06.118994 VMSVGA3d: cap[186]=0x00000000 {DXFMT_R16_TYPELESS}
00:00:06.118994 VMSVGA3d: cap[187]=0x00000000 {DXFMT_R16_UNORM}
00:00:06.118994 VMSVGA3d: cap[188]=0x00000000 {DXFMT_R16_UINT}
00:00:06.118994 VMSVGA3d: cap[189]=0x00000000 {DXFMT_R16_SNORM}
00:00:06.118995 VMSVGA3d: cap[190]=0x00000000 {DXFMT_R16_SINT}
00:00:06.118995 VMSVGA3d: cap[191]=0x00000000 {DXFMT_R8_TYPELESS}
00:00:06.118996 VMSVGA3d: cap[192]=0x00000000 {DXFMT_R8_UNORM}
00:00:06.118996 VMSVGA3d: cap[193]=0x00000000 {DXFMT_R8_UINT}
00:00:06.118996 VMSVGA3d: cap[194]=0x00000000 {DXFMT_R8_SNORM}
00:00:06.118997 VMSVGA3d: cap[195]=0x00000000 {DXFMT_R8_SINT}
00:00:06.118997 VMSVGA3d: cap[196]=0x00000000 {DXFMT_P8}
00:00:06.118997 VMSVGA3d: cap[197]=0x00000000 {DXFMT_R9G9B9E5_SHAREDEXP}
00:00:06.118998 VMSVGA3d: cap[198]=0x00000000 {DXFMT_R8G8_B8G8_UNORM}
00:00:06.118998 VMSVGA3d: cap[199]=0x00000000 {DXFMT_G8R8_G8B8_UNORM}
00:00:06.118998 VMSVGA3d: cap[200]=0x00000000 {DXFMT_BC1_TYPELESS}
00:00:06.118999 VMSVGA3d: cap[201]=0x00000000 {DXFMT_BC1_UNORM_SRGB}
00:00:06.118999 VMSVGA3d: cap[202]=0x00000000 {DXFMT_BC2_TYPELESS}
00:00:06.118999 VMSVGA3d: cap[203]=0x00000000 {DXFMT_BC2_UNORM_SRGB}
00:00:06.118999 VMSVGA3d: cap[204]=0x00000000 {DXFMT_BC3_TYPELESS}
00:00:06.119000 VMSVGA3d: cap[205]=0x00000000 {DXFMT_BC3_UNORM_SRGB}
00:00:06.119000 VMSVGA3d: cap[206]=0x00000000 {DXFMT_BC4_TYPELESS}
00:00:06.119000 VMSVGA3d: cap[207]=0x00000000 {DXFMT_ATI1}
00:00:06.119000 VMSVGA3d: cap[208]=0x00000000 {DXFMT_BC4_SNORM}
00:00:06.119000 VMSVGA3d: cap[209]=0x00000000 {DXFMT_BC5_TYPELESS}
00:00:06.119001 VMSVGA3d: cap[210]=0x00000000 {DXFMT_ATI2}
00:00:06.119001 VMSVGA3d: cap[211]=0x00000000 {DXFMT_BC5_SNORM}
00:00:06.119001 VMSVGA3d: cap[212]=0x00000000 {DXFMT_R10G10B10_XR_BIAS_A2_UNORM}
00:00:06.119001 VMSVGA3d: cap[213]=0x00000000 {DXFMT_B8G8R8A8_TYPELESS}
00:00:06.119002 VMSVGA3d: cap[214]=0x00000000 {DXFMT_B8G8R8A8_UNORM_SRGB}
00:00:06.119002 VMSVGA3d: cap[215]=0x00000000 {DXFMT_B8G8R8X8_TYPELESS}
00:00:06.119002 VMSVGA3d: cap[216]=0x00000000 {DXFMT_B8G8R8X8_UNORM_SRGB}
00:00:06.119002 VMSVGA3d: cap[217]=0x00000000 {DXFMT_Z_DF16}
00:00:06.119002 VMSVGA3d: cap[218]=0x00000000 {DXFMT_Z_DF24}
00:00:06.119003 VMSVGA3d: cap[219]=0x00000000 {DXFMT_Z_D24S8_INT}
00:00:06.119003 VMSVGA3d: cap[220]=0x00000000 {DXFMT_YV12}
00:00:06.119003 VMSVGA3d: cap[221]=0x00000000 {DXFMT_R32G32B32A32_FLOAT}
00:00:06.119003 VMSVGA3d: cap[222]=0x00000000 {DXFMT_R16G16B16A16_FLOAT}
00:00:06.119003 VMSVGA3d: cap[223]=0x00000000 {DXFMT_R16G16B16A16_UNORM}
00:00:06.119004 VMSVGA3d: cap[224]=0x00000000 {DXFMT_R32G32_FLOAT}
00:00:06.119004 VMSVGA3d: cap[225]=0x00000000 {DXFMT_R10G10B10A2_UNORM}
00:00:06.119004 VMSVGA3d: cap[226]=0x00000000 {DXFMT_R8G8B8A8_SNORM}
00:00:06.119004 VMSVGA3d: cap[227]=0x00000000 {DXFMT_R16G16_FLOAT}
00:00:06.119005 VMSVGA3d: cap[228]=0x00000000 {DXFMT_R16G16_UNORM}
00:00:06.119005 VMSVGA3d: cap[229]=0x00000000 {DXFMT_R16G16_SNORM}
00:00:06.119005 VMSVGA3d: cap[230]=0x00000000 {DXFMT_R32_FLOAT}
00:00:06.119005 VMSVGA3d: cap[231]=0x00000000 {DXFMT_R8G8_SNORM}
00:00:06.119005 VMSVGA3d: cap[232]=0x00000000 {DXFMT_R16_FLOAT}
00:00:06.119006 VMSVGA3d: cap[233]=0x00000000 {DXFMT_D16_UNORM}
00:00:06.119006 VMSVGA3d: cap[234]=0x00000000 {DXFMT_A8_UNORM}
00:00:06.119006 VMSVGA3d: cap[235]=0x00000000 {DXFMT_BC1_UNORM}
00:00:06.119006 VMSVGA3d: cap[236]=0x00000000 {DXFMT_BC2_UNORM}
00:00:06.119006 VMSVGA3d: cap[237]=0x00000000 {DXFMT_BC3_UNORM}
00:00:06.119007 VMSVGA3d: cap[238]=0x00000000 {DXFMT_B5G6R5_UNORM}
00:00:06.119007 VMSVGA3d: cap[239]=0x00000000 {DXFMT_B5G5R5A1_UNORM}
00:00:06.119007 VMSVGA3d: cap[240]=0x00000000 {DXFMT_B8G8R8A8_UNORM}
00:00:06.119007 VMSVGA3d: cap[241]=0x00000000 {DXFMT_B8G8R8X8_UNORM}
00:00:06.119008 VMSVGA3d: cap[242]=0x00000000 {DXFMT_BC4_UNORM}
00:00:06.119008 VMSVGA3d: cap[243]=0x00000000 {DXFMT_BC5_UNORM}
00:00:06.119009 VMSVGA3d: cap[244]=0x00000000 {SM41}
00:00:06.119009 VMSVGA3d: cap[245]=0x00000000 {MULTISAMPLE_2X}
00:00:06.119009 VMSVGA3d: cap[246]=0x00000000 {MULTISAMPLE_4X}
00:00:06.119010 VMSVGA3d: cap[247]=0x00000000 {MS_FULL_QUALITY}
00:00:06.119010 VMSVGA3d: cap[248]=0x00000000 {LOGICOPS}
00:00:06.119010 VMSVGA3d: cap[249]=0x00000000 {LOGIC_BLENDOPS}
00:00:06.119010 VMSVGA3d: cap[250]=0x00000000 {RESERVED_1}
00:00:06.119010 VMSVGA3d: cap[251]=0x00000000 {DXFMT_BC6H_TYPELESS}
00:00:06.119011 VMSVGA3d: cap[252]=0x00000000 {DXFMT_BC6H_UF16}
00:00:06.119011 VMSVGA3d: cap[253]=0x00000000 {DXFMT_BC6H_SF16}
00:00:06.119012 VMSVGA3d: cap[254]=0x00000000 {DXFMT_BC7_TYPELESS}
00:00:06.119012 VMSVGA3d: cap[255]=0x00000000 {DXFMT_BC7_UNORM}
00:00:06.119012 VMSVGA3d: cap[256]=0x00000000 {DXFMT_BC7_UNORM_SRGB}
00:00:06.119013 VMSVGA3d: cap[257]=0x00000000 {RESERVED_2}
00:00:06.119013 VMSVGA3d: cap[258]=0x00000000 {SM5}
00:00:06.119013 VMSVGA3d: cap[259]=0x00000000 {MULTISAMPLE_8X}
00:00:06.119769 E1000#0: Interrupt attempts: 0
00:00:06.119793 E1000#0: Interrupts raised : 0
00:00:06.119797 E1000#0: Interrupts lowered: 0
00:00:06.119800 E1000#0: ICR outside ISR   : 0
00:00:06.119803 E1000#0: IMS raised ints   : 0
00:00:06.119805 E1000#0: Interrupts skipped: 0
00:00:06.119808 E1000#0: Masked interrupts : 0
00:00:06.119810 E1000#0: Early interrupts  : 0
00:00:06.119812 E1000#0: Late interrupts   : 0
00:00:06.119815 E1000#0: Lost interrupts   : 0
00:00:06.119817 E1000#0: Interrupts by RX  : 0
00:00:06.119819 E1000#0: Interrupts by TX  : 0
00:00:06.119821 E1000#0: Interrupts by ICS : 0
00:00:06.119823 E1000#0: Interrupts by RDTR: 0
00:00:06.119825 E1000#0: Interrupts by RDMT: 0
00:00:06.119827 E1000#0: Interrupts by TXQE: 0
00:00:06.119830 E1000#0: TX int delay asked: 0
00:00:06.119832 E1000#0: TX delayed:         0
00:00:06.119834 E1000#0: TX delay expired:   0
00:00:06.119836 E1000#0: TX no report asked: 0
00:00:06.119839 E1000#0: TX abs timer expd : 0
00:00:06.119841 E1000#0: TX int timer expd : 0
00:00:06.119843 E1000#0: RX abs timer expd : 0
00:00:06.119846 E1000#0: RX int timer expd : 0
00:00:06.119848 E1000#0: TX CTX descriptors: 0
00:00:06.119850 E1000#0: TX DAT descriptors: 0
00:00:06.119852 E1000#0: TX LEG descriptors: 0
00:00:06.119855 E1000#0: Received frames   : 0
00:00:06.119857 E1000#0: Transmitted frames: 0
00:00:06.119859 E1000#0: TX frames up to 1514: 0
00:00:06.119861 E1000#0: TX frames up to 2962: 0
00:00:06.119863 E1000#0: TX frames up to 4410: 0
00:00:06.119865 E1000#0: TX frames up to 5858: 0
00:00:06.119867 E1000#0: TX frames up to 7306: 0
00:00:06.119869 E1000#0: TX frames up to 8754: 0
00:00:06.119872 E1000#0: TX frames up to 16384: 0
00:00:06.119874 E1000#0: TX frames up to 32768: 0
00:00:06.119876 E1000#0: Larger TX frames    : 0
00:00:06.119878 E1000#0: Max TX Delay        : 0
00:00:06.120093 Audio Mixer: MUTING sink 'HDA Mixer/PCM Output' -- channel volumes: 00 00 00 00 00 00 00 00 00 00 00 00
00:00:06.120100 Audio Mixer: MUTING sink 'HDA Mixer/Line In' -- channel volumes: 00 00 00 00 00 00 00 00 00 00 00 00
00:00:06.123001 Changing the VM state from 'LOADING' to 'SUSPENDED'
00:00:07.993371 Changing the VM state from 'SUSPENDED' to 'RESUMING'
00:00:07.993491 virtioCoreVirtqAvailBufCount: Driver not ready
00:00:07.993503 virtioCoreVirtqAvailBufCount: Driver not ready
00:00:07.993509 PDMThread: Thread 'requestq<0>' (0000018809ef0b60) is quitting in state 5 (expected 6).
00:00:07.993516 virtioCoreVirtqAvailBufCount: Driver not ready
00:00:07.993521 PDMThread: Thread 'requestq<1>' (0000018809eef960) is quitting in state 5 (expected 6).
00:00:07.993546 Changing the VM state from 'RESUMING' to 'RUNNING'
00:00:07.993561 Console: Machine state changed to 'Running'
00:00:08.024949 GUI: UIMachineViewNormal::adjustGuestScreenSize: Adjust guest-screen size if necessary
00:00:08.028218 GUI: UIMachineLogicNormal::sltCheckForRequestedVisualStateType: Requested-state=1, Machine-state=6
00:00:08.256827 VUSB: Attached 'HidKeyboard' to port 1 on RootHub#1 (FullSpeed)
00:00:08.256944 VUSB: Attached 'HidMouse' to port 2 on RootHub#1 (FullSpeed)
00:00:40.980090 Changing the VM state from 'RUNNING' to 'SUSPENDING'
00:00:40.980255 PDMR3Suspend: after     0 ms, 1 loops: 1 async tasks - virtio-scsi/0
00:00:40.992502 AIOMgr: Endpoint for file 'C:\Users\rakhi\OneDrive\Desktop\Extra coding stuff\Nubes\Nubes.vdi' (flags 000c0781) created successfully
00:00:40.992530 AioMgr0-N: Request 0x000188096d4130 failed with rc=VERR_INVALID_PARAMETER, migrating endpoint C:\Users\rakhi\OneDrive\Desktop\Extra coding stuff\Nubes\Nubes.vdi to failsafe manager.
00:00:40.993345 PDMR3Suspend: 13 110 586 ns run time
00:00:40.993351 Changing the VM state from 'SUSPENDING' to 'SUSPENDED'
00:00:40.993359 Console: Machine state changed to 'Paused'
00:00:43.504156 GUI: Request for close-action to power VM off.
00:00:43.504521 GUI: Powering VM off..
00:00:43.506136 Console: Machine state changed to 'Stopping'
00:00:43.506749 Console::powerDown(): A request to power off the VM has been issued (mMachineState=Stopping, InUninit=0)
00:00:43.527134 GUI: UIMediumEnumerator: Medium-enumeration finished!
00:00:44.995645 Changing the VM state from 'SUSPENDED' to 'POWERING_OFF'
00:00:44.995697 ****************** Guest state at power off for VCpu 2 ******************
00:00:44.995706 Guest CPUM (VCPU 2) state: 
00:00:44.995723  x0=0000000000000000  x1=0000000000000000  x2=0000000000000000  x3=0000000000000000
00:00:44.995727  x4=0000000000000000  x5=0000000000000000  x6=0000000000000000  x7=0000000000000000
00:00:44.995729  x8=0000000000000000  x9=0000000000000000 x10=0000000000000000 x11=0000000000000000
00:00:44.995730 x12=0000000000000000 x13=0000000000000000 x14=0000000000000000 x15=0000000000000000
00:00:44.995731 x16=0000000000000000 x17=0000000000000000 x18=0000000000000000 x19=0000000000000000
00:00:44.995732 x20=0000000000000000 x21=0000000000000000 x22=0000000000000000 x23=0000000000000000
00:00:44.995733 x24=0000000000000000 x25=0000000000000000 x26=0000000000000000 x27=0000000000000000
00:00:44.995734 x28=0000000000000000 x29=0000000000000000 x30=0000000000000000
00:00:44.995735  pc=0000000000000000 psr=0000000003c5 ---- EL1 SP nF nI nA nD
00:00:44.995736       sp_el0=0000000000000000    sp_el1=0000000000000000  sctlr_el1=0000000030000180
00:00:44.995738      tcr_el1=0000000000000000 ttbr0_el1=0000000000000000  ttbr1_el1=0000000000000000
00:00:44.995739     vbar_el1=0000000000000000   elr_el1=0000000000000000    esr_el1=0000000000000000
00:00:44.995740  tpidrr0_el0=0000000000000000                        contextidr_el1=0000000000000000
00:00:44.995741    tpidr_el0=0000000000000000 tpidr_el1=0000000000000000
00:00:44.995742      far_el1=0000000000000000  mair_el1=0000000000000000    par_el1=0000000000000800
00:00:44.995743 cntv_ctl_el0=0000000000000000                          cntv_val_el0=0000000000000000
00:00:44.995744    afsr0_el1=0000000000000000 afsr0_el1=0000000000000000  amair_el1=0000000000000000
00:00:44.995745  cntkctl_el1=0000000000000000 cpacr_el1=0000000000000000 csselr_el1=0000000000000000
00:00:44.995745  mdccint_el1=0000000000000000
00:00:44.995746 fpcr=0000000000000000 fpsr=0000000000000000
00:00:44.995747 q0 =00000000'00000000'00000000'00000000  q1 =00000000'00000000'00000000'00000000
00:00:44.995750 q2 =00000000'00000000'00000000'00000000  q3 =00000000'00000000'00000000'00000000
00:00:44.995753 q4 =00000000'00000000'00000000'00000000  q5 =00000000'00000000'00000000'00000000
00:00:44.995755 q6 =00000000'00000000'00000000'00000000  q7 =00000000'00000000'00000000'00000000
00:00:44.995757 q8 =00000000'00000000'00000000'00000000  q9 =00000000'00000000'00000000'00000000
00:00:44.995759 q10=00000000'00000000'00000000'00000000  q11=00000000'00000000'00000000'00000000
00:00:44.995762 q12=00000000'00000000'00000000'00000000  q13=00000000'00000000'00000000'00000000
00:00:44.995764 q14=00000000'00000000'00000000'00000000  q15=00000000'00000000'00000000'00000000
00:00:44.995766 q16=00000000'00000000'00000000'00000000  q17=00000000'00000000'00000000'00000000
00:00:44.995768 q18=00000000'00000000'00000000'00000000  q19=00000000'00000000'00000000'00000000
00:00:44.995770 q20=00000000'00000000'00000000'00000000  q21=00000000'00000000'00000000'00000000
00:00:44.995773 q22=00000000'00000000'00000000'00000000  q23=00000000'00000000'00000000'00000000
00:00:44.995775 q24=00000000'00000000'00000000'00000000  q25=00000000'00000000'00000000'00000000
00:00:44.995777 q26=00000000'00000000'00000000'00000000  q27=00000000'00000000'00000000'00000000
00:00:44.995779 q28=00000000'00000000'00000000'00000000  q29=00000000'00000000'00000000'00000000
00:00:44.995781 q30=00000000'00000000'00000000'00000000  q31=00000000'00000000'00000000'00000000
00:00:44.995784 mdscr_el1=0000000000000000
00:00:44.995784 DbgBp0 : Control=0000000000000000 Value=0000000000000000
00:00:44.995786 DbgBp1 : Control=0000000000000000 Value=0000000000000000
00:00:44.995787 DbgBp2 : Control=0000000000000000 Value=0000000000000000
00:00:44.995787 DbgBp3 : Control=0000000000000000 Value=0000000000000000
00:00:44.995788 DbgBp4 : Control=0000000000000000 Value=0000000000000000
00:00:44.995789 DbgBp5 : Control=0000000000000000 Value=0000000000000000
00:00:44.995790 DbgBp6 : Control=0000000000000000 Value=0000000000000000
00:00:44.995791 DbgBp7 : Control=0000000000000000 Value=0000000000000000
00:00:44.995792 DbgBp8 : Control=0000000000000000 Value=0000000000000000
00:00:44.995792 DbgBp9 : Control=0000000000000000 Value=0000000000000000
00:00:44.995793 DbgBp10: Control=0000000000000000 Value=0000000000000000
00:00:44.995794 DbgBp11: Control=0000000000000000 Value=0000000000000000
00:00:44.995795 DbgBp12: Control=0000000000000000 Value=0000000000000000
00:00:44.995796 DbgBp13: Control=0000000000000000 Value=0000000000000000
00:00:44.995797 DbgBp14: Control=0000000000000000 Value=0000000000000000
00:00:44.995798 DbgBp15: Control=0000000000000000 Value=0000000000000000
00:00:44.995798 DbgWp0 : Control=0000000000000000 Value=0000000000000000
00:00:44.995799 DbgWp1 : Control=0000000000000000 Value=0000000000000000
00:00:44.995800 DbgWp2 : Control=0000000000000000 Value=0000000000000000
00:00:44.995801 DbgWp3 : Control=0000000000000000 Value=0000000000000000
00:00:44.995802 DbgWp4 : Control=0000000000000000 Value=0000000000000000
00:00:44.995803 DbgWp5 : Control=0000000000000000 Value=0000000000000000
00:00:44.995804 DbgWp6 : Control=0000000000000000 Value=0000000000000000
00:00:44.995804 DbgWp7 : Control=0000000000000000 Value=0000000000000000
00:00:44.995805 DbgWp8 : Control=0000000000000000 Value=0000000000000000
00:00:44.995806 DbgWp9 : Control=0000000000000000 Value=0000000000000000
00:00:44.995807 DbgWp10: Control=0000000000000000 Value=0000000000000000
00:00:44.995808 DbgWp11: Control=0000000000000000 Value=0000000000000000
00:00:44.995809 DbgWp12: Control=0000000000000000 Value=0000000000000000
00:00:44.995809 DbgWp13: Control=0000000000000000 Value=0000000000000000
00:00:44.995810 DbgWp14: Control=0000000000000000 Value=0000000000000000
00:00:44.995811 DbgWp15: Control=0000000000000000 Value=0000000000000000
00:00:44.995859 APDAKey=0000000000000000'0000000000000000
00:00:44.995860 APDBKey=0000000000000000'0000000000000000
00:00:44.995861 APGAKey=0000000000000000'0000000000000000
00:00:44.995861 APIAKey=0000000000000000'0000000000000000
00:00:44.995862 APIBKey=0000000000000000'0000000000000000
00:00:44.995867 ***
00:00:44.995875 ***
00:00:44.995878 ***
00:00:44.995879 ************** End of Guest state at power off for VCpu 2 ***************
00:00:44.995903 ****************** Guest state at power off for VCpu 1 ******************
00:00:44.995906 Guest CPUM (VCPU 1) state: 
00:00:44.995908  x0=0000000000000000  x1=0000000000000000  x2=0000000000000000  x3=0000000000000000
00:00:44.995909  x4=0000000000000000  x5=0000000000000000  x6=0000000000000000  x7=0000000000000000
00:00:44.995910  x8=0000000000000000  x9=0000000000000000 x10=0000000000000000 x11=0000000000000000
00:00:44.995911 x12=0000000000000000 x13=0000000000000000 x14=0000000000000000 x15=0000000000000000
00:00:44.995912 x16=0000000000000000 x17=0000000000000000 x18=0000000000000000 x19=0000000000000000
00:00:44.995913 x20=0000000000000000 x21=0000000000000000 x22=0000000000000000 x23=0000000000000000
00:00:44.995914 x24=0000000000000000 x25=0000000000000000 x26=0000000000000000 x27=0000000000000000
00:00:44.995915 x28=0000000000000000 x29=0000000000000000 x30=0000000000000000
00:00:44.995916  pc=0000000000000000 psr=0000000003c5 ---- EL1 SP nF nI nA nD
00:00:44.995917       sp_el0=0000000000000000    sp_el1=0000000000000000  sctlr_el1=0000000030000180
00:00:44.995919      tcr_el1=0000000000000000 ttbr0_el1=0000000000000000  ttbr1_el1=0000000000000000
00:00:44.995920     vbar_el1=0000000000000000   elr_el1=0000000000000000    esr_el1=0000000000000000
00:00:44.995920  tpidrr0_el0=0000000000000000                        contextidr_el1=0000000000000000
00:00:44.995921    tpidr_el0=0000000000000000 tpidr_el1=0000000000000000
00:00:44.995922      far_el1=0000000000000000  mair_el1=0000000000000000    par_el1=0000000000000800
00:00:44.995923 cntv_ctl_el0=0000000000000000                          cntv_val_el0=0000000000000000
00:00:44.995924    afsr0_el1=0000000000000000 afsr0_el1=0000000000000000  amair_el1=0000000000000000
00:00:44.995925  cntkctl_el1=0000000000000000 cpacr_el1=0000000000000000 csselr_el1=0000000000000000
00:00:44.995926  mdccint_el1=0000000000000000
00:00:44.995926 fpcr=0000000000000000 fpsr=0000000000000000
00:00:44.995927 q0 =00000000'00000000'00000000'00000000  q1 =00000000'00000000'00000000'00000000
00:00:44.995929 q2 =00000000'00000000'00000000'00000000  q3 =00000000'00000000'00000000'00000000
00:00:44.995932 q4 =00000000'00000000'00000000'00000000  q5 =00000000'00000000'00000000'00000000
00:00:44.995934 q6 =00000000'00000000'00000000'00000000  q7 =00000000'00000000'00000000'00000000
00:00:44.995936 q8 =00000000'00000000'00000000'00000000  q9 =00000000'00000000'00000000'00000000
00:00:44.995938 q10=00000000'00000000'00000000'00000000  q11=00000000'00000000'00000000'00000000
00:00:44.995941 q12=00000000'00000000'00000000'00000000  q13=00000000'00000000'00000000'00000000
00:00:44.995943 q14=00000000'00000000'00000000'00000000  q15=00000000'00000000'00000000'00000000
00:00:44.995945 q16=00000000'00000000'00000000'00000000  q17=00000000'00000000'00000000'00000000
00:00:44.995947 q18=00000000'00000000'00000000'00000000  q19=00000000'00000000'00000000'00000000
00:00:44.995949 q20=00000000'00000000'00000000'00000000  q21=00000000'00000000'00000000'00000000
00:00:44.995952 q22=00000000'00000000'00000000'00000000  q23=00000000'00000000'00000000'00000000
00:00:44.995954 q24=00000000'00000000'00000000'00000000  q25=00000000'00000000'00000000'00000000
00:00:44.996001 q26=00000000'00000000'00000000'00000000  q27=00000000'00000000'00000000'00000000
00:00:44.996003 q28=00000000'00000000'00000000'00000000  q29=00000000'00000000'00000000'00000000
00:00:44.996005 q30=00000000'00000000'00000000'00000000  q31=00000000'00000000'00000000'00000000
00:00:44.996008 mdscr_el1=0000000000000000
00:00:44.996008 DbgBp0 : Control=0000000000000000 Value=0000000000000000
00:00:44.996009 DbgBp1 : Control=0000000000000000 Value=0000000000000000
00:00:44.996010 DbgBp2 : Control=0000000000000000 Value=0000000000000000
00:00:44.996011 DbgBp3 : Control=0000000000000000 Value=0000000000000000
00:00:44.996012 DbgBp4 : Control=0000000000000000 Value=0000000000000000
00:00:44.996013 DbgBp5 : Control=0000000000000000 Value=0000000000000000
00:00:44.996014 DbgBp6 : Control=0000000000000000 Value=0000000000000000
00:00:44.996015 DbgBp7 : Control=0000000000000000 Value=0000000000000000
00:00:44.996015 DbgBp8 : Control=0000000000000000 Value=0000000000000000
00:00:44.996016 DbgBp9 : Control=0000000000000000 Value=0000000000000000
00:00:44.996017 DbgBp10: Control=0000000000000000 Value=0000000000000000
00:00:44.996018 DbgBp11: Control=0000000000000000 Value=0000000000000000
00:00:44.996019 DbgBp12: Control=0000000000000000 Value=0000000000000000
00:00:44.996020 DbgBp13: Control=0000000000000000 Value=0000000000000000
00:00:44.996021 DbgBp14: Control=0000000000000000 Value=0000000000000000
00:00:44.996021 DbgBp15: Control=0000000000000000 Value=0000000000000000
00:00:44.996022 DbgWp0 : Control=0000000000000000 Value=0000000000000000
00:00:44.996023 DbgWp1 : Control=0000000000000000 Value=0000000000000000
00:00:44.996024 DbgWp2 : Control=0000000000000000 Value=0000000000000000
00:00:44.996312 DbgWp3 : Control=0000000000000000 Value=0000000000000000
00:00:44.996316 DbgWp4 : Control=0000000000000000 Value=0000000000000000
00:00:44.996317 DbgWp5 : Control=0000000000000000 Value=0000000000000000
00:00:44.996318 DbgWp6 : Control=0000000000000000 Value=0000000000000000
00:00:44.996319 DbgWp7 : Control=0000000000000000 Value=0000000000000000
00:00:44.996320 DbgWp8 : Control=0000000000000000 Value=0000000000000000
00:00:44.996321 DbgWp9 : Control=0000000000000000 Value=0000000000000000
00:00:44.996322 DbgWp10: Control=0000000000000000 Value=0000000000000000
00:00:44.996323 DbgWp11: Control=0000000000000000 Value=0000000000000000
00:00:44.996324 DbgWp12: Control=0000000000000000 Value=0000000000000000
00:00:44.996324 DbgWp13: Control=0000000000000000 Value=0000000000000000
00:00:44.996325 DbgWp14: Control=0000000000000000 Value=0000000000000000
00:00:44.996326 DbgWp15: Control=0000000000000000 Value=0000000000000000
00:00:44.996327 APDAKey=0000000000000000'0000000000000000
00:00:44.996328 APDBKey=0000000000000000'0000000000000000
00:00:44.996329 APGAKey=0000000000000000'0000000000000000
00:00:44.996329 APIAKey=0000000000000000'0000000000000000
00:00:44.996330 APIBKey=0000000000000000'0000000000000000
00:00:44.996333 ***
00:00:44.996338 ***
00:00:44.996342 ***
00:00:44.996343 ************** End of Guest state at power off for VCpu 1 ***************
00:00:44.996369 ****************** Guest state at power off for VCpu 0 ******************
00:00:44.996369 Guest CPUM (VCPU 0) state: 
00:00:44.996369  x0=ffffffffffffffff  x1=ffffffffffffffff  x2=0000000000040000  x3=00000000c2eeb878
00:00:44.996369  x4=00000000c1e80018  x5=00000000c1e80018  x6=0000000000000000  x7=00000000c2eeb9b8
00:00:44.996369  x8=0000000000000000  x9=0000000000000001 x10=0000000004040000 x11=0000000000000000
00:00:44.996369 x12=000000000003ff9c x13=00000000adcc449d x14=0000000000cc449d x15=000000000000009d
00:00:44.996369 x16=00000000000000b1 x17=0000000000000039 x18=0000000000000000 x19=00000000c2d10018
00:00:44.996369 x20=000000000003fca8 x21=000000000403fca0 x22=00000000c2d4fcb8 x23=0000000000000210
00:00:44.996369 x24=00000000c2d10018 x25=0000000000000000 x26=0000000004000000 x27=0000000000000024
00:00:44.996369 x28=0000000000000003 x29=00000000c2eeb780 x30=00000000c2b3153c
00:00:44.996369  pc=00000000c2b30074 psr=000040000305 -Z-- EL1 SP F I nA nD
00:00:44.996369       sp_el0=00000000c1f750d0    sp_el1=00000000c2eeb780  sctlr_el1=000000003000118d
00:00:44.996369      tcr_el1=0000000280803518 ttbr0_el1=00000000c37ff000  ttbr1_el1=0000000000000000
00:00:44.996369     vbar_el1=00000000c1f6f000   elr_el1=00000000c2b30074    esr_el1=0000000000000000
00:00:44.996369  tpidrr0_el0=0000000000000000                        contextidr_el1=0000000000000000
00:00:44.996369    tpidr_el0=00000000bf81ed08 tpidr_el1=0000000000000000
00:00:44.996369      far_el1=0000000000000000  mair_el1=00000000ffbb4400    par_el1=0000000000000800
00:00:44.996369 cntv_ctl_el0=0000000000000005                          cntv_val_el0=000000003f8a1709
00:00:44.996369    afsr0_el1=0000000000000000 afsr0_el1=0000000000000000  amair_el1=0000000000000000
00:00:44.996369  cntkctl_el1=0000000000000000 cpacr_el1=0000000000300000 csselr_el1=0000000000000000
00:00:44.996369  mdccint_el1=0000000000000000
00:00:44.996369 fpcr=0000000000000000 fpsr=0000000000000000
00:00:44.996369 q0 =20202020'20202020'20202020'20202020  q1 =30303030'30303030'30303030'30303030
00:00:44.996369 q2 =00000200'00000100'80000000'80000200  q3 =00000000'00000000'00000000'00000000
00:00:44.996369 q4 =00000000'00000004'00000000'00000002  q5 =00000000'00000000'00000000'00000000
00:00:44.996369 q6 =00000000'00000000'00000000'00000000  q7 =00000000'00000000'00000000'00000000
00:00:44.996369 q8 =00000000'00000000'00000000'00000000  q9 =00000000'00000000'00000000'00000000
00:00:44.996369 q10=00000000'00000000'00000000'00000000  q11=00000000'00000000'00000000'00000000
00:00:44.996369 q12=00000000'00000000'00000000'00000000  q13=00000000'00000000'00000000'00000000
00:00:44.996369 q14=00000000'00000000'00000000'00000000  q15=00000000'00000000'00000000'00000000
00:00:44.996369 q16=00000000'00000000'00000000'00000000  q17=00000000'00000000'00000000'00000000
00:00:44.996369 q18=00000000'00000000'00000000'00000000  q19=00000000'00000000'00000000'00000000
00:00:44.996369 q20=00000000'00000000'00000000'00000000  q21=00000000'00000000'00000000'00000000
00:00:44.996369 q22=00000000'00000000'00000000'00000000  q23=00000000'00000000'00000000'00000000
00:00:44.996369 q24=00000000'00000000'00000000'00000000  q25=00000000'00000000'00000000'00000000
00:00:44.996369 q26=00000000'00000000'00000000'00000000  q27=00000000'00000000'00000000'00000000
00:00:44.996369 q28=00000000'00000000'00000000'00000000  q29=00000000'00000000'00000000'00000000
00:00:44.996369 q30=00000000'00000000'00000000'00000000  q31=00000000'00000000'00000000'00000000
00:00:44.996369 mdscr_el1=0000000000000000
00:00:44.996369 DbgBp0 : Control=0000000000000000 Value=0000000000000000
00:00:44.996369 DbgBp1 : Control=0000000000000000 Value=0000000000000000
00:00:44.996369 DbgBp2 : Control=0000000000000000 Value=0000000000000000
00:00:44.996369 DbgBp3 : Control=0000000000000000 Value=0000000000000000
00:00:44.996369 DbgBp4 : Control=0000000000000000 Value=0000000000000000
00:00:44.996369 DbgBp5 : Control=0000000000000000 Value=0000000000000000
00:00:44.996369 DbgBp6 : Control=0000000000000000 Value=0000000000000000
00:00:44.996369 DbgBp7 : Control=0000000000000000 Value=0000000000000000
00:00:44.996369 DbgBp8 : Control=0000000000000000 Value=0000000000000000
00:00:44.996369 DbgBp9 : Control=0000000000000000 Value=0000000000000000
00:00:44.996369 DbgBp10: Control=0000000000000000 Value=0000000000000000
00:00:44.996369 DbgBp11: Control=0000000000000000 Value=0000000000000000
00:00:44.996369 DbgBp12: Control=0000000000000000 Value=0000000000000000
00:00:44.996369 DbgBp13: Control=0000000000000000 Value=0000000000000000
00:00:44.996369 DbgBp14: Control=0000000000000000 Value=0000000000000000
00:00:44.996369 DbgBp15: Control=0000000000000000 Value=0000000000000000
00:00:44.996369 DbgWp0 : Control=0000000000000000 Value=0000000000000000
00:00:44.996369 DbgWp1 : Control=0000000000000000 Value=0000000000000000
00:00:44.996369 DbgWp2 : Control=0000000000000000 Value=0000000000000000
00:00:44.996369 DbgWp3 : Control=0000000000000000 Value=0000000000000000
00:00:44.996369 DbgWp4 : Control=0000000000000000 Value=0000000000000000
00:00:44.996369 DbgWp5 : Control=0000000000000000 Value=0000000000000000
00:00:44.996369 DbgWp6 : Control=0000000000000000 Value=0000000000000000
00:00:44.996369 DbgWp7 : Control=0000000000000000 Value=0000000000000000
00:00:44.996369 DbgWp8 : Control=0000000000000000 Value=0000000000000000
00:00:44.996369 DbgWp9 : Control=0000000000000000 Value=0000000000000000
00:00:44.996369 DbgWp10: Control=0000000000000000 Value=0000000000000000
00:00:44.996369 DbgWp11: Control=0000000000000000 Value=0000000000000000
00:00:44.996369 DbgWp12: Control=0000000000000000 Value=0000000000000000
00:00:44.996369 DbgWp13: Control=0000000000000000 Value=0000000000000000
00:00:44.996369 DbgWp14: Control=0000000000000000 Value=0000000000000000
00:00:44.996369 DbgWp15: Control=0000000000000000 Value=0000000000000000
00:00:44.996369 APDAKey=0000000000000000'0000000000000000
00:00:44.996369 APDBKey=0000000000000000'0000000000000000
00:00:44.996369 APGAKey=0000000000000000'0000000000000000
00:00:44.996369 APIAKey=0000000000000000'0000000000000000
00:00:44.996369 APIBKey=0000000000000000'0000000000000000
00:00:44.996369 ***
00:00:44.996369 ***
00:00:44.996369 ***
00:00:44.996369 Active Timers (pVM=0000018810cb0000)
00:00:44.996369 pTimerR3         offNext  offPrev  offSched Clock               Time             Expire HzHint State                     Description
00:00:44.996369 000001880c809100 00000006 ffffffff ffffffff Real          1173433398         1173429393      0 2-ACTIVE                  VGA Refresh
00:00:44.996369 000001880c809300 ffffffff 00000002 ffffffff Real          1173433398         1173429483      0 2-ACTIVE                  CPU Load Timer
00:00:44.996929 ***
00:00:44.996933 ************** End of Guest state at power off ***************
00:00:44.998216 PDMR3PowerOff: after     1 ms, 1 loops: 1 async tasks - virtio-scsi/0
00:00:44.998699 PDMR3PowerOff: 1 745 280 ns run time
00:00:44.998709 Changing the VM state from 'POWERING_OFF' to 'OFF'
00:00:45.003938 Changing the VM state from 'OFF' to 'DESTROYING'
00:00:48.001487 ************************* Statistics *************************
00:00:48.001553 /Devices/VMMDev/BalloonChunks                      0 count
00:00:48.001563 /Devices/VMMDev/FastIrqAckR3                       0 count
00:00:48.001570 /Devices/VMMDev/FastIrqAckRZ                       0 count
00:00:48.001577 /Devices/VMMDev/HGCM-Kernel/BudgetAvailable 697909930 bytes
00:00:48.001583 /Devices/VMMDev/HGCM-Kernel/BudgetConfig   697909930 bytes
00:00:48.001590 /Devices/VMMDev/HGCM-Kernel/BudgetOverruns         0 bytes
00:00:48.001598 /Devices/VMMDev/HGCM-Kernel/MessageHeapUsage         0 bytes/call (           0 bytes,       0 calls, max         0, min      -1)
00:00:48.001609 /Devices/VMMDev/HGCM-Root/BudgetAvailable  697909930 bytes
00:00:48.001617 /Devices/VMMDev/HGCM-Root/BudgetConfig     697909930 bytes
00:00:48.001624 /Devices/VMMDev/HGCM-Root/BudgetOverruns           0 bytes
00:00:48.001631 /Devices/VMMDev/HGCM-Root/MessageHeapUsage         0 bytes/call (           0 bytes,       0 calls, max         0, min      -1)
00:00:48.001640 /Devices/VMMDev/HGCM-User/BudgetAvailable  697909930 bytes
00:00:48.001646 /Devices/VMMDev/HGCM-User/BudgetConfig     697909930 bytes
00:00:48.001652 /Devices/VMMDev/HGCM-User/BudgetOverruns           0 bytes
00:00:48.001661 /Devices/VMMDev/HGCM-User/MessageHeapUsage         0 bytes/call (           0 bytes,       0 calls, max         0, min      -1)
00:00:48.001668 /Devices/VMMDev/LargeReqBufAllocs                  0 count
00:00:48.001677 /Devices/VMMDev/SlowIrqAck                         0 count
00:00:48.001685 /Devices/e1000#0/ReceiveBytes                      0 bytes
00:00:48.001692 /Devices/e1000#0/TransmitBytes                     0 bytes
00:00:48.001699 /Devices/e1000#0/iStatIntLost                      0 ns
00:00:48.001706 /Devices/e1000#0/iStatIntLostOne                   0 ns
00:00:48.001714 /Devices/e1000#0/u64ArmedAt                        0 ns
00:00:48.001719 /Devices/e1000#0/uStatDescCtx                      0 ns
00:00:48.001722 /Devices/e1000#0/uStatDescDat                      0 ns
00:00:48.001725 /Devices/e1000#0/uStatDescLeg                      0 ns
00:00:48.001728 /Devices/e1000#0/uStatInt                          0 ns
00:00:48.001731 /Devices/e1000#0/uStatIntEarly                     0 ns
00:00:48.001734 /Devices/e1000#0/uStatIntICS                       0 ns
00:00:48.001736 /Devices/e1000#0/uStatIntIMS                       0 ns
00:00:48.001739 /Devices/e1000#0/uStatIntLate                      0 ns
00:00:48.001741 /Devices/e1000#0/uStatIntLower                     0 ns
00:00:48.001744 /Devices/e1000#0/uStatIntMasked                    0 ns
00:00:48.001747 /Devices/e1000#0/uStatIntRDTR                      0 ns
00:00:48.001749 /Devices/e1000#0/uStatIntRXDMT0                    0 ns
00:00:48.001752 /Devices/e1000#0/uStatIntRx                        0 ns
00:00:48.001754 /Devices/e1000#0/uStatIntSkip                      0 ns
00:00:48.001757 /Devices/e1000#0/uStatIntTXQE                      0 ns
00:00:48.001759 /Devices/e1000#0/uStatIntTry                       0 ns
00:00:48.001762 /Devices/e1000#0/uStatIntTx                        0 ns
00:00:48.001765 /Devices/e1000#0/uStatMaxTxDelay                   0 ns
00:00:48.001767 /Devices/e1000#0/uStatNoIntICR                     0 ns
00:00:48.001769 /Devices/e1000#0/uStatRAD                          0 ns
00:00:48.001772 /Devices/e1000#0/uStatRID                          0 ns
00:00:48.001774 /Devices/e1000#0/uStatRxFrm                        0 ns
00:00:48.001776 /Devices/e1000#0/uStatTAD                          0 ns
00:00:48.001779 /Devices/e1000#0/uStatTID                          0 ns
00:00:48.001783 /Devices/e1000#0/uStatTx1514                       0 ns
00:00:48.001787 /Devices/e1000#0/uStatTx16384                      0 ns
00:00:48.001798 /Devices/e1000#0/uStatTx2962                       0 ns
00:00:48.001805 /Devices/e1000#0/uStatTx32768                      0 ns
00:00:48.001807 /Devices/e1000#0/uStatTx4410                       0 ns
00:00:48.001810 /Devices/e1000#0/uStatTx5858                       0 ns
00:00:48.001812 /Devices/e1000#0/uStatTx7306                       0 ns
00:00:48.001815 /Devices/e1000#0/uStatTx8754                       0 ns
00:00:48.001817 /Devices/e1000#0/uStatTxDelayExp                   0 ns
00:00:48.001819 /Devices/e1000#0/uStatTxDelayed                    0 ns
00:00:48.001822 /Devices/e1000#0/uStatTxFrm                        0 ns
00:00:48.001824 /Devices/e1000#0/uStatTxIDE                        0 ns
00:00:48.001827 /Devices/e1000#0/uStatTxLarge                      0 ns
00:00:48.001829 /Devices/e1000#0/uStatTxNoRS                       0 ns
00:00:48.001832 /Devices/hda/Codec/LookupsR0                       0 times
00:00:48.001846 /Devices/vga/HgmsiMdaCgaAccesses                   0 times
00:00:48.001848 /Devices/vga/VMSVGA/Cmd/3dActivateSurface          0 times
00:00:48.001851 /Devices/vga/VMSVGA/Cmd/3dBeginQuery               0 times
00:00:48.001854 /Devices/vga/VMSVGA/Cmd/3dBlitSurfaceToScreenProf         0 ticks/call (           0 ticks,       0 calls, max         0, min      -1)
00:00:48.001856 /Devices/vga/VMSVGA/Cmd/3dClear                    0 times
00:00:48.001859 /Devices/vga/VMSVGA/Cmd/3dContextDefine            0 times
00:00:48.001861 /Devices/vga/VMSVGA/Cmd/3dContextDestroy           0 times
00:00:48.001864 /Devices/vga/VMSVGA/Cmd/3dDeactivateSurface         0 times
00:00:48.001866 /Devices/vga/VMSVGA/Cmd/3dDrawPrimitives           0 times
00:00:48.001868 /Devices/vga/VMSVGA/Cmd/3dEndQuery                 0 times
00:00:48.001870 /Devices/vga/VMSVGA/Cmd/3dGenerateMipmaps          0 times
00:00:48.001873 /Devices/vga/VMSVGA/Cmd/3dPresent                  0 times
00:00:48.001875 /Devices/vga/VMSVGA/Cmd/3dPresentReadBack          0 times
00:00:48.001877 /Devices/vga/VMSVGA/Cmd/3dSetClipPlane             0 times
00:00:48.001880 /Devices/vga/VMSVGA/Cmd/3dSetLightData             0 times
00:00:48.001882 /Devices/vga/VMSVGA/Cmd/3dSetLightEnable           0 times
00:00:48.001885 /Devices/vga/VMSVGA/Cmd/3dSetMaterial              0 times
00:00:48.001887 /Devices/vga/VMSVGA/Cmd/3dSetRenderState           0 times
00:00:48.001890 /Devices/vga/VMSVGA/Cmd/3dSetRenderTarget          0 times
00:00:48.001892 /Devices/vga/VMSVGA/Cmd/3dSetScissorRect           0 times
00:00:48.001895 /Devices/vga/VMSVGA/Cmd/3dSetShader                0 times
00:00:48.001898 /Devices/vga/VMSVGA/Cmd/3dSetShaderConst           0 times
00:00:48.001900 /Devices/vga/VMSVGA/Cmd/3dSetTextureState          0 times
00:00:48.001902 /Devices/vga/VMSVGA/Cmd/3dSetTransform             0 times
00:00:48.001905 /Devices/vga/VMSVGA/Cmd/3dSetViewPort              0 times
00:00:48.001908 /Devices/vga/VMSVGA/Cmd/3dSetZRange                0 times
00:00:48.001910 /Devices/vga/VMSVGA/Cmd/3dShaderDefine             0 times
00:00:48.001912 /Devices/vga/VMSVGA/Cmd/3dShaderDestroy            0 times
00:00:48.001915 /Devices/vga/VMSVGA/Cmd/3dSurfaceCopy              0 times
00:00:48.001917 /Devices/vga/VMSVGA/Cmd/3dSurfaceDefine            0 times
00:00:48.001919 /Devices/vga/VMSVGA/Cmd/3dSurfaceDefineV2          0 times
00:00:48.001922 /Devices/vga/VMSVGA/Cmd/3dSurfaceDestroy           0 times
00:00:48.001924 /Devices/vga/VMSVGA/Cmd/3dSurfaceDma               0 times
00:00:48.001927 /Devices/vga/VMSVGA/Cmd/3dSurfaceScreen            0 times
00:00:48.001930 /Devices/vga/VMSVGA/Cmd/3dSurfaceStretchBlt         0 times
00:00:48.001933 /Devices/vga/VMSVGA/Cmd/3dWaitForQuery             0 times
00:00:48.001935 /Devices/vga/VMSVGA/Cmd/AnnotationCopy             0 times
00:00:48.001938 /Devices/vga/VMSVGA/Cmd/AnnotationFill             0 times
00:00:48.001940 /Devices/vga/VMSVGA/Cmd/BlitGmrFbToScreen          0 times
00:00:48.001943 /Devices/vga/VMSVGA/Cmd/BlitScreentoGmrFb          0 times
00:00:48.001946 /Devices/vga/VMSVGA/Cmd/DefineAlphaCursor          0 times
00:00:48.001949 /Devices/vga/VMSVGA/Cmd/DefineCursor               0 times
00:00:48.001952 /Devices/vga/VMSVGA/Cmd/DefineGmr2                 0 times
00:00:48.001954 /Devices/vga/VMSVGA/Cmd/DefineGmr2/Free            0 times
00:00:48.001957 /Devices/vga/VMSVGA/Cmd/DefineGmr2/Modify          0 times
00:00:48.001959 /Devices/vga/VMSVGA/Cmd/DefineGmrFb                0 times
00:00:48.001962 /Devices/vga/VMSVGA/Cmd/DefineScreen               0 times
00:00:48.001964 /Devices/vga/VMSVGA/Cmd/DestroyScreen              0 times
00:00:48.001966 /Devices/vga/VMSVGA/Cmd/DisplayCursor              0 times
00:00:48.001969 /Devices/vga/VMSVGA/Cmd/Escape                     0 times
00:00:48.001971 /Devices/vga/VMSVGA/Cmd/Fence                      0 times
00:00:48.001973 /Devices/vga/VMSVGA/Cmd/InvalidCmd                 0 times
00:00:48.001976 /Devices/vga/VMSVGA/Cmd/MoveCursor                 0 times
00:00:48.001978 /Devices/vga/VMSVGA/Cmd/RectCopy                   0 times
00:00:48.001980 /Devices/vga/VMSVGA/Cmd/RectFill                   0 times
00:00:48.001982 /Devices/vga/VMSVGA/Cmd/RectRopCopy                0 times
00:00:48.001985 /Devices/vga/VMSVGA/Cmd/RemapGmr2                  0 times
00:00:48.001988 /Devices/vga/VMSVGA/Cmd/RemapGmr2/Modify           0 times
00:00:48.001990 /Devices/vga/VMSVGA/Cmd/Update                     0 times
00:00:48.001992 /Devices/vga/VMSVGA/Cmd/UpdateVerbose              0 times
00:00:48.001995 /Devices/vga/VMSVGA/EmtDelayOnBusyFifo             0 ticks/call (           0 ticks,       0 calls, max         0, min      -1)
00:00:48.001998 /Devices/vga/VMSVGA/FifoCommands                   0 times
00:00:48.002000 /Devices/vga/VMSVGA/FifoCursorFetchAgain           0 times
00:00:48.002003 /Devices/vga/VMSVGA/FifoCursorNoChange             0 times
00:00:48.002006 /Devices/vga/VMSVGA/FifoCursorPosition             0 times
00:00:48.002009 /Devices/vga/VMSVGA/FifoCursorVisiblity            0 times
00:00:48.002013 /Devices/vga/VMSVGA/FifoErrors                     0 times
00:00:48.002016 /Devices/vga/VMSVGA/FifoExtendedSleep      158399245 ticks/call (   633596981 ticks,       4 calls, max 288000937, min      21)
00:00:48.002019 /Devices/vga/VMSVGA/FifoStalls                     0 ticks/call (           0 ticks,       0 calls, max         0, min      -1)
00:00:48.002022 /Devices/vga/VMSVGA/FifoTodoTimeout                0 times
00:00:48.002025 /Devices/vga/VMSVGA/FifoTodoWoken                  0 times
00:00:48.002028 /Devices/vga/VMSVGA/FifoUnknownCommands            0 times
00:00:48.002031 /Devices/vga/VMSVGA/FifoWatchdogWakeUps            0 times
00:00:48.002037 /Devices/vga/VMSVGA/Reg/BitsPerPixelRead           0 times
00:00:48.002039 /Devices/vga/VMSVGA/Reg/BitsPerPixelWrite          0 times
00:00:48.002041 /Devices/vga/VMSVGA/Reg/BlueMaskRead               0 times
00:00:48.002044 /Devices/vga/VMSVGA/Reg/BusyRead                   0 times
00:00:48.002046 /Devices/vga/VMSVGA/Reg/BusyWrite                  0 times
00:00:48.002048 /Devices/vga/VMSVGA/Reg/BytesPerLineRead           0 times
00:00:48.002051 /Devices/vga/VMSVGA/Reg/CapabilitesRead            0 times
00:00:48.002053 /Devices/vga/VMSVGA/Reg/CmdPrependHighRead         0 times
00:00:48.002055 /Devices/vga/VMSVGA/Reg/CmdPrependHighWrite         0 times
00:00:48.002057 /Devices/vga/VMSVGA/Reg/CmdPrependLowRead          0 times
00:00:48.002060 /Devices/vga/VMSVGA/Reg/CmdPrependLowWrite         0 times
00:00:48.002063 /Devices/vga/VMSVGA/Reg/CommandHighRead            0 times
00:00:48.002065 /Devices/vga/VMSVGA/Reg/CommandHighWrite           0 times
00:00:48.002068 /Devices/vga/VMSVGA/Reg/CommandLowRead             0 times
00:00:48.002071 /Devices/vga/VMSVGA/Reg/CommandLowWrite            0 times
00:00:48.002074 /Devices/vga/VMSVGA/Reg/ConfigDoneRead             0 times
00:00:48.002076 /Devices/vga/VMSVGA/Reg/ConfigDoneWrite            0 times
00:00:48.002079 /Devices/vga/VMSVGA/Reg/CursorIdRead               0 times
00:00:48.002082 /Devices/vga/VMSVGA/Reg/CursorIdWrite              0 times
00:00:48.002085 /Devices/vga/VMSVGA/Reg/CursorMobIdWrite           0 times
00:00:48.002087 /Devices/vga/VMSVGA/Reg/CursorOnRead               0 times
00:00:48.002090 /Devices/vga/VMSVGA/Reg/CursorOnWrite              0 times
00:00:48.002092 /Devices/vga/VMSVGA/Reg/CursorXRead                0 times
00:00:48.002095 /Devices/vga/VMSVGA/Reg/CursorXWrite               0 times
00:00:48.002097 /Devices/vga/VMSVGA/Reg/CursorYRead                0 times
00:00:48.002100 /Devices/vga/VMSVGA/Reg/CursorYWrite               0 times
00:00:48.002102 /Devices/vga/VMSVGA/Reg/DepthRead                  0 times
00:00:48.002104 /Devices/vga/VMSVGA/Reg/DepthWrite                 0 times
00:00:48.002107 /Devices/vga/VMSVGA/Reg/DevCapRead                 0 times
00:00:48.002109 /Devices/vga/VMSVGA/Reg/DevCapWrite                0 times
00:00:48.002113 /Devices/vga/VMSVGA/Reg/DisplayHeightRead          0 times
00:00:48.002115 /Devices/vga/VMSVGA/Reg/DisplayHeightWrite         0 times
00:00:48.002118 /Devices/vga/VMSVGA/Reg/DisplayIdRead              0 times
00:00:48.002121 /Devices/vga/VMSVGA/Reg/DisplayIdWrite             0 times
00:00:48.002124 /Devices/vga/VMSVGA/Reg/DisplayIsPrimaryRead         0 times
00:00:48.002127 /Devices/vga/VMSVGA/Reg/DisplayIsPrimaryWrite         0 times
00:00:48.002129 /Devices/vga/VMSVGA/Reg/DisplayPositionXRead         0 times
00:00:48.002131 /Devices/vga/VMSVGA/Reg/DisplayPositionXWrite         0 times
00:00:48.002134 /Devices/vga/VMSVGA/Reg/DisplayPositionYRead         0 times
00:00:48.002137 /Devices/vga/VMSVGA/Reg/DisplayPositionYWrite         0 times
00:00:48.002139 /Devices/vga/VMSVGA/Reg/DisplayWidthRead           0 times
00:00:48.002141 /Devices/vga/VMSVGA/Reg/DisplayWidthWrite          0 times
00:00:48.002143 /Devices/vga/VMSVGA/Reg/EnableRead                 0 times
00:00:48.002146 /Devices/vga/VMSVGA/Reg/EnableWrite                0 times
00:00:48.002148 /Devices/vga/VMSVGA/Reg/FbOffsetRead               0 times
00:00:48.002151 /Devices/vga/VMSVGA/Reg/FbSizeRead                 0 times
00:00:48.002154 /Devices/vga/VMSVGA/Reg/FbStartRead                0 times
00:00:48.002156 /Devices/vga/VMSVGA/Reg/GBMemSizeRead              0 times
00:00:48.002159 /Devices/vga/VMSVGA/Reg/GmrDescriptorWrite         0 times
00:00:48.002161 /Devices/vga/VMSVGA/Reg/GmrDescriptorWrite/Errors         0 times
00:00:48.002163 /Devices/vga/VMSVGA/Reg/GmrDescriptorWrite/Free         0 times
00:00:48.002166 /Devices/vga/VMSVGA/Reg/GmrIdRead                  0 times
00:00:48.002169 /Devices/vga/VMSVGA/Reg/GmrIdWrite                 0 times
00:00:48.002171 /Devices/vga/VMSVGA/Reg/GmrMaxDescriptorLengthRead         0 times
00:00:48.002174 /Devices/vga/VMSVGA/Reg/GmrMaxIdsRead              0 times
00:00:48.002176 /Devices/vga/VMSVGA/Reg/GmrsMaxPagesRead           0 times
00:00:48.002179 /Devices/vga/VMSVGA/Reg/GreenMaskRead              0 times
00:00:48.002182 /Devices/vga/VMSVGA/Reg/GuestIdRead                0 times
00:00:48.002184 /Devices/vga/VMSVGA/Reg/GuestIdWrite               0 times
00:00:48.002187 /Devices/vga/VMSVGA/Reg/HeightRead                 0 times
00:00:48.002189 /Devices/vga/VMSVGA/Reg/HeightWrite                0 times
00:00:48.002192 /Devices/vga/VMSVGA/Reg/HostBitsPerPixelRead         0 times
00:00:48.002194 /Devices/vga/VMSVGA/Reg/IdRead                     0 times
00:00:48.002196 /Devices/vga/VMSVGA/Reg/IdWrite                    0 times
00:00:48.002199 /Devices/vga/VMSVGA/Reg/IrqMaskRead                0 times
00:00:48.002201 /Devices/vga/VMSVGA/Reg/IrqMaskWrite               0 times
00:00:48.002203 /Devices/vga/VMSVGA/Reg/MaxHeightRead              0 times
00:00:48.002206 /Devices/vga/VMSVGA/Reg/MaxPrimBBMemRead           0 times
00:00:48.002208 /Devices/vga/VMSVGA/Reg/MaxWidthRead               0 times
00:00:48.002218 /Devices/vga/VMSVGA/Reg/MemRegsRead                0 times
00:00:48.002220 /Devices/vga/VMSVGA/Reg/MemSizeRead                0 times
00:00:48.002222 /Devices/vga/VMSVGA/Reg/MemStartRead               0 times
00:00:48.002226 /Devices/vga/VMSVGA/Reg/MemorySizeRead             0 times
00:00:48.002228 /Devices/vga/VMSVGA/Reg/MobMaxSizeRead             0 times
00:00:48.002231 /Devices/vga/VMSVGA/Reg/NumDisplaysRead            0 times
00:00:48.002233 /Devices/vga/VMSVGA/Reg/NumDisplaysWrite           0 times
00:00:48.002235 /Devices/vga/VMSVGA/Reg/NumGuestDisplaysRead         0 times
00:00:48.002238 /Devices/vga/VMSVGA/Reg/NumGuestDisplaysWrite         0 times
00:00:48.002240 /Devices/vga/VMSVGA/Reg/PaletteRead                0 times
00:00:48.002242 /Devices/vga/VMSVGA/Reg/PaletteWrite               0 times
00:00:48.002244 /Devices/vga/VMSVGA/Reg/PitchLockRead              0 times
00:00:48.002246 /Devices/vga/VMSVGA/Reg/PitchLockWrite             0 times
00:00:48.002249 /Devices/vga/VMSVGA/Reg/PseudoColorWrite           0 times
00:00:48.002251 /Devices/vga/VMSVGA/Reg/PsuedoColorRead            0 times
00:00:48.002253 /Devices/vga/VMSVGA/Reg/ReadOnlyWrite              0 times
00:00:48.002256 /Devices/vga/VMSVGA/Reg/RedMaskRead                0 times
00:00:48.002258 /Devices/vga/VMSVGA/Reg/ScratchRead                0 times
00:00:48.002260 /Devices/vga/VMSVGA/Reg/ScratchSizeRead            0 times
00:00:48.002262 /Devices/vga/VMSVGA/Reg/ScratchWrite               0 times
00:00:48.002265 /Devices/vga/VMSVGA/Reg/ScrnTgtMaxHeightRead         0 times
00:00:48.002267 /Devices/vga/VMSVGA/Reg/ScrnTgtMaxWidthRead         0 times
00:00:48.002270 /Devices/vga/VMSVGA/Reg/SyncRead                   0 times
00:00:48.002272 /Devices/vga/VMSVGA/Reg/SyncWrite                  0 times
00:00:48.002274 /Devices/vga/VMSVGA/Reg/TopRead                    0 times
00:00:48.002276 /Devices/vga/VMSVGA/Reg/TopWrite                   0 times
00:00:48.002279 /Devices/vga/VMSVGA/Reg/TracesRead                 0 times
00:00:48.002281 /Devices/vga/VMSVGA/Reg/TracesWrite                0 times
00:00:48.002283 /Devices/vga/VMSVGA/Reg/UnknownRead                0 times
00:00:48.002285 /Devices/vga/VMSVGA/Reg/UnknownWrite               0 times
00:00:48.002288 /Devices/vga/VMSVGA/Reg/VramSizeRead               0 times
00:00:48.002290 /Devices/vga/VMSVGA/Reg/WidthRead                  0 times
00:00:48.002292 /Devices/vga/VMSVGA/Reg/WidthWrite                 0 times
00:00:48.002295 /Devices/vga/VMSVGA/Reg/WriteOnlyRead              0 times
00:00:48.002298 /Drivers/AUDIO-0/TotalStreamsCreated               0 count
00:00:48.002301 /Drivers/AUDIO-1/TotalStreamsCreated               0 count
00:00:48.002303 /Drivers/AUDIO-2/TotalStreamsCreated               0 count
00:00:48.002306 /EM/CPU0/ExitHashing/Step00-Hits                 451 times
00:00:48.002309 /EM/CPU0/ExitHashing/Step00-NewInserts             4 times
00:00:48.002322 /EM/CPU0/ExitHashing/Used                          4 times
00:00:48.002324 /EM/CPU0/ExitOpt/Exec                              0 ticks/call (           0 ticks,       0 calls, max         0, min      -1)
00:00:48.002327 /EM/CPU0/ExitOpt/ExecInstructions                  0 times
00:00:48.002330 /EM/CPU0/ExitOpt/ExecRetReasonForcedFlag           0 times
00:00:48.002332 /EM/CPU0/ExitOpt/ExecRetReasonHostInterrupt         0 times
00:00:48.002335 /EM/CPU0/ExitOpt/ExecRetReasonLongJump             0 times
00:00:48.002337 /EM/CPU0/ExitOpt/ExecRetReasonMaxDistance          0 times
00:00:48.002339 /EM/CPU0/ExitOpt/ExecRetReasonMaxInstructions         0 times
00:00:48.002342 /EM/CPU0/ExitOpt/ExecRetReasonNormal               0 times
00:00:48.002344 /EM/CPU0/ExitOpt/ExecRetReasonTimer                0 times
00:00:48.002346 /EM/CPU0/ExitOpt/ExecSavedExit                     0 times
00:00:48.002348 /EM/CPU0/ExitOpt/Probe                             0 ticks/call (           0 ticks,       0 calls, max         0, min      -1)
00:00:48.002351 /EM/CPU0/ExitOpt/ProbeInstructions                 0 times
00:00:48.002354 /EM/CPU0/ExitOpt/ProbedExecWithMax                 0 times
00:00:48.002356 /EM/CPU0/ExitOpt/ProbedNormal                      0 times
00:00:48.002358 /EM/CPU0/ExitOpt/ProbedToRing3                     0 times
00:00:48.002370 /EM/CPU1/ExitHashing/Used                          0 times
00:00:48.002372 /EM/CPU1/ExitOpt/Exec                              0 ticks/call (           0 ticks,       0 calls, max         0, min      -1)
00:00:48.002375 /EM/CPU1/ExitOpt/ExecInstructions                  0 times
00:00:48.002378 /EM/CPU1/ExitOpt/ExecRetReasonForcedFlag           0 times
00:00:48.002380 /EM/CPU1/ExitOpt/ExecRetReasonHostInterrupt         0 times
00:00:48.002383 /EM/CPU1/ExitOpt/ExecRetReasonLongJump             0 times
00:00:48.002385 /EM/CPU1/ExitOpt/ExecRetReasonMaxDistance          0 times
00:00:48.002388 /EM/CPU1/ExitOpt/ExecRetReasonMaxInstructions         0 times
00:00:48.002390 /EM/CPU1/ExitOpt/ExecRetReasonNormal               0 times
00:00:48.002392 /EM/CPU1/ExitOpt/ExecRetReasonTimer                0 times
00:00:48.002395 /EM/CPU1/ExitOpt/ExecSavedExit                     0 times
00:00:48.002397 /EM/CPU1/ExitOpt/Probe                             0 ticks/call (           0 ticks,       0 calls, max         0, min      -1)
00:00:48.002400 /EM/CPU1/ExitOpt/ProbeInstructions                 0 times
00:00:48.002402 /EM/CPU1/ExitOpt/ProbedExecWithMax                 0 times
00:00:48.002405 /EM/CPU1/ExitOpt/ProbedNormal                      0 times
00:00:48.002407 /EM/CPU1/ExitOpt/ProbedToRing3                     0 times
00:00:48.002417 /EM/CPU2/ExitHashing/Used                          0 times
00:00:48.002419 /EM/CPU2/ExitOpt/Exec                              0 ticks/call (           0 ticks,       0 calls, max         0, min      -1)
00:00:48.002422 /EM/CPU2/ExitOpt/ExecInstructions                  0 times
00:00:48.002424 /EM/CPU2/ExitOpt/ExecRetReasonForcedFlag           0 times
00:00:48.002426 /EM/CPU2/ExitOpt/ExecRetReasonHostInterrupt         0 times
00:00:48.002429 /EM/CPU2/ExitOpt/ExecRetReasonLongJump             0 times
00:00:48.002431 /EM/CPU2/ExitOpt/ExecRetReasonMaxDistance          0 times
00:00:48.002433 /EM/CPU2/ExitOpt/ExecRetReasonMaxInstructions         0 times
00:00:48.002435 /EM/CPU2/ExitOpt/ExecRetReasonNormal               0 times
00:00:48.002438 /EM/CPU2/ExitOpt/ExecRetReasonTimer                0 times
00:00:48.002440 /EM/CPU2/ExitOpt/ExecSavedExit                     0 times
00:00:48.002443 /EM/CPU2/ExitOpt/Probe                             0 ticks/call (           0 ticks,       0 calls, max         0, min      -1)
00:00:48.002446 /EM/CPU2/ExitOpt/ProbeInstructions                 0 times
00:00:48.002448 /EM/CPU2/ExitOpt/ProbedExecWithMax                 0 times
00:00:48.002450 /EM/CPU2/ExitOpt/ProbedNormal                      0 times
00:00:48.002453 /EM/CPU2/ExitOpt/ProbedToRing3                     0 times
00:00:48.002456 /GMM/ChunkTlbHits                                  0 times
00:00:48.002459 /GMM/ChunkTlbMisses                                0 times
00:00:48.002576 /GVMM/EMTs                                         3 count
00:00:48.002581 /GVMM/HostCPUs                                     8 count
00:00:48.002584 /GVMM/HostCpus/0                                   0 
00:00:48.002588 /GVMM/HostCpus/0/CurTimerHz                        0 Hz
00:00:48.002591 /GVMM/HostCpus/0/DesiredHz                         0 Hz
00:00:48.002594 /GVMM/HostCpus/0/PPTChanges                        0 times
00:00:48.002596 /GVMM/HostCpus/0/PPTStarts                         0 times
00:00:48.002598 /GVMM/HostCpus/0/idxCpuSet                         0 
00:00:48.002600 /GVMM/HostCpus/1                                   1 
00:00:48.002603 /GVMM/HostCpus/1/CurTimerHz                        0 Hz
00:00:48.002605 /GVMM/HostCpus/1/DesiredHz                         0 Hz
00:00:48.002607 /GVMM/HostCpus/1/PPTChanges                        0 times
00:00:48.002610 /GVMM/HostCpus/1/PPTStarts                         0 times
00:00:48.002612 /GVMM/HostCpus/1/idxCpuSet                         1 
00:00:48.002614 /GVMM/HostCpus/2                                   2 
00:00:48.002617 /GVMM/HostCpus/2/CurTimerHz                        0 Hz
00:00:48.002621 /GVMM/HostCpus/2/DesiredHz                         0 Hz
00:00:48.002624 /GVMM/HostCpus/2/PPTChanges                        0 times
00:00:48.002626 /GVMM/HostCpus/2/PPTStarts                         0 times
00:00:48.002628 /GVMM/HostCpus/2/idxCpuSet                         2 
00:00:48.002631 /GVMM/HostCpus/3                                   3 
00:00:48.002634 /GVMM/HostCpus/3/CurTimerHz                        0 Hz
00:00:48.002636 /GVMM/HostCpus/3/DesiredHz                         0 Hz
00:00:48.002638 /GVMM/HostCpus/3/PPTChanges                        0 times
00:00:48.002640 /GVMM/HostCpus/3/PPTStarts                         0 times
00:00:48.002643 /GVMM/HostCpus/3/idxCpuSet                         3 
00:00:48.002645 /GVMM/HostCpus/4                                   4 
00:00:48.002649 /GVMM/HostCpus/4/CurTimerHz                        0 Hz
00:00:48.002652 /GVMM/HostCpus/4/DesiredHz                         0 Hz
00:00:48.002655 /GVMM/HostCpus/4/PPTChanges                        0 times
00:00:48.002658 /GVMM/HostCpus/4/PPTStarts                         0 times
00:00:48.002661 /GVMM/HostCpus/4/idxCpuSet                         4 
00:00:48.002663 /GVMM/HostCpus/5                                   5 
00:00:48.002666 /GVMM/HostCpus/5/CurTimerHz                        0 Hz
00:00:48.002669 /GVMM/HostCpus/5/DesiredHz                         0 Hz
00:00:48.002671 /GVMM/HostCpus/5/PPTChanges                        0 times
00:00:48.002674 /GVMM/HostCpus/5/PPTStarts                         0 times
00:00:48.002676 /GVMM/HostCpus/5/idxCpuSet                         5 
00:00:48.002679 /GVMM/HostCpus/6                                   6 
00:00:48.002681 /GVMM/HostCpus/6/CurTimerHz                        0 Hz
00:00:48.002683 /GVMM/HostCpus/6/DesiredHz                         0 Hz
00:00:48.002685 /GVMM/HostCpus/6/PPTChanges                        0 times
00:00:48.002688 /GVMM/HostCpus/6/PPTStarts                         0 times
00:00:48.002690 /GVMM/HostCpus/6/idxCpuSet                         6 
00:00:48.002693 /GVMM/HostCpus/7                                   7 
00:00:48.002695 /GVMM/HostCpus/7/CurTimerHz                        0 Hz
00:00:48.002699 /GVMM/HostCpus/7/DesiredHz                         0 Hz
00:00:48.002701 /GVMM/HostCpus/7/PPTChanges                        0 times
00:00:48.002704 /GVMM/HostCpus/7/PPTStarts                         0 times
00:00:48.002707 /GVMM/HostCpus/7/idxCpuSet                         7 
00:00:48.002709 /GVMM/Sum/HaltBlocking                             0 calls
00:00:48.002712 /GVMM/Sum/HaltCalls                                0 calls
00:00:48.002715 /GVMM/Sum/HaltNotBlocking                          0 calls
00:00:48.002717 /GVMM/Sum/HaltTimeouts                             0 calls
00:00:48.002720 /GVMM/Sum/HaltWakeUps                              0 calls
00:00:48.002722 /GVMM/Sum/PokeCalls                                0 calls
00:00:48.002725 /GVMM/Sum/PokeNotBusy                              0 calls
00:00:48.002727 /GVMM/Sum/PollCalls                                0 calls
00:00:48.002730 /GVMM/Sum/PollHalts                                0 calls
00:00:48.002732 /GVMM/Sum/PollWakeUps                              0 calls
00:00:48.002735 /GVMM/Sum/WakeUpCalls                              0 calls
00:00:48.002738 /GVMM/Sum/WakeUpNotHalted                          0 calls
00:00:48.002740 /GVMM/Sum/WakeUpWakeUps                            0 calls
00:00:48.002742 /GVMM/VCpus/0/Start                                0 ticks/call (           0 ticks,       0 calls, max         0, min       0)
00:00:48.002745 /GVMM/VCpus/0/Stop                                 0 ticks/call (           0 ticks,       0 calls, max         0, min       0)
00:00:48.002749 /GVMM/VCpus/0/cWakeUpTimerCanceled                 0 times
00:00:48.002752 /GVMM/VCpus/0/cWakeUpTimerHits                     0 times
00:00:48.002755 /GVMM/VCpus/0/cWakeUpTimerMisses                   0 times
00:00:48.002757 /GVMM/VCpus/0/cWakeUpTimerSameCpu                  0 times
00:00:48.002760 /GVMM/VCpus/1/Start                                0 ticks/call (           0 ticks,       0 calls, max         0, min       0)
00:00:48.002840 /GVMM/VCpus/1/Stop                                 0 ticks/call (           0 ticks,       0 calls, max         0, min       0)
00:00:48.002844 /GVMM/VCpus/1/cWakeUpTimerCanceled                 0 times
00:00:48.002847 /GVMM/VCpus/1/cWakeUpTimerHits                     0 times
00:00:48.002850 /GVMM/VCpus/1/cWakeUpTimerMisses                   0 times
00:00:48.002852 /GVMM/VCpus/1/cWakeUpTimerSameCpu                  0 times
00:00:48.002855 /GVMM/VCpus/2/Start                                0 ticks/call (           0 ticks,       0 calls, max         0, min       0)
00:00:48.002858 /GVMM/VCpus/2/Stop                                 0 ticks/call (           0 ticks,       0 calls, max         0, min       0)
00:00:48.002861 /GVMM/VCpus/2/cWakeUpTimerCanceled                 0 times
00:00:48.002864 /GVMM/VCpus/2/cWakeUpTimerHits                     0 times
00:00:48.002867 /GVMM/VCpus/2/cWakeUpTimerMisses                   0 times
00:00:48.002870 /GVMM/VCpus/2/cWakeUpTimerSameCpu                  0 times
00:00:48.002873 /GVMM/VM/HaltBlocking                              0 calls
00:00:48.002875 /GVMM/VM/HaltCalls                                 0 calls
00:00:48.002878 /GVMM/VM/HaltNotBlocking                           0 calls
00:00:48.002880 /GVMM/VM/HaltTimeouts                              0 calls
00:00:48.002883 /GVMM/VM/HaltWakeUps                               0 calls
00:00:48.002886 /GVMM/VM/PokeCalls                                 0 calls
00:00:48.002888 /GVMM/VM/PokeNotBusy                               0 calls
00:00:48.002891 /GVMM/VM/PollCalls                                 0 calls
00:00:48.002894 /GVMM/VM/PollHalts                                 0 calls
00:00:48.002896 /GVMM/VM/PollWakeUps                               0 calls
00:00:48.002899 /GVMM/VM/WakeUpCalls                               0 calls
00:00:48.002901 /GVMM/VM/WakeUpNotHalted                           0 calls
00:00:48.002904 /GVMM/VM/WakeUpWakeUps                             0 calls
00:00:48.002906 /GVMM/VMs                                          1 count
00:00:48.002909 /HGCM/FailedPageListLocking                        0 count
00:00:48.002912 /HGCM/LargeCmdAllocs                               0 count
00:00:48.002915 /HGCM/MsgArrival                                   0 ticks/call (           0 ticks,       0 calls, max         0, min      -1)
00:00:48.002917 /HGCM/MsgCompletion                                0 ticks/call (           0 ticks,       0 calls, max         0, min      -1)
00:00:48.002921 /HGCM/MsgTotal                                     0 ticks/call (           0 ticks,       0 calls, max         0, min      -1)
00:00:48.002925 /IOM/MmioMappingsStale                             0 ticks/call
00:00:48.002928 /IOM/MmioTooDeepRecursion                          0 times
00:00:48.002931 /NEM/CPU0/BreakOnCancel                            0 times
00:00:48.002934 /NEM/CPU0/BreakOnFFPost                         1645 times
00:00:48.002937 /NEM/CPU0/BreakOnFFPre                             0 times
00:00:48.002939 /NEM/CPU0/BreakOnStatus                            0 times
00:00:48.002942 /NEM/CPU0/ExitCanceled                          1646 times
00:00:48.002945 /NEM/CPU0/ExitHypercall                            0 times
00:00:48.002947 /NEM/CPU0/ExitMemIntercept                         0 times
00:00:48.002950 /NEM/CPU0/ExitMemIntercept/ToIem                   0 times
00:00:48.002953 /NEM/CPU0/ExitMemUnmapped                        455 times
00:00:48.002955 /NEM/CPU0/ExitMemUnmapped/ToIem                    0 times
00:00:48.002958 /NEM/CPU0/ExitUnrecoverable                        0 times
00:00:48.002960 /NEM/CPU0/ImportOnDemand                          36 times
00:00:48.002962 /NEM/CPU0/ImportOnReturn                        1645 times
00:00:48.002965 /NEM/CPU0/ImportOnReturnSkipped                    0 times
00:00:48.002967 /NEM/CPU0/QueryCpuTick                             1 times
00:00:48.002972 /NEM/CPU1/BreakOnCancel                            0 times
00:00:48.002975 /NEM/CPU1/BreakOnFFPost                           32 times
00:00:48.002978 /NEM/CPU1/BreakOnFFPre                             0 times
00:00:48.002980 /NEM/CPU1/BreakOnStatus                            0 times
00:00:48.002984 /NEM/CPU1/ExitCanceled                            38 times
00:00:48.002986 /NEM/CPU1/ExitHypercall                            0 times
00:00:48.002988 /NEM/CPU1/ExitMemIntercept                         0 times
00:00:48.002991 /NEM/CPU1/ExitMemIntercept/ToIem                   0 times
00:00:48.002994 /NEM/CPU1/ExitMemUnmapped                          0 times
00:00:48.002996 /NEM/CPU1/ExitMemUnmapped/ToIem                    0 times
00:00:48.002999 /NEM/CPU1/ExitUnrecoverable                        0 times
00:00:48.003002 /NEM/CPU1/ImportOnDemand                          13 times
00:00:48.003005 /NEM/CPU1/ImportOnReturn                          32 times
00:00:48.003008 /NEM/CPU1/ImportOnReturnSkipped                    0 times
00:00:48.003010 /NEM/CPU1/QueryCpuTick                             1 times
00:00:48.003015 /NEM/CPU2/BreakOnCancel                            0 times
00:00:48.003017 /NEM/CPU2/BreakOnFFPost                           12 times
00:00:48.003020 /NEM/CPU2/BreakOnFFPre                             0 times
00:00:48.003023 /NEM/CPU2/BreakOnStatus                            0 times
00:00:48.003026 /NEM/CPU2/ExitCanceled                            38 times
00:00:48.003029 /NEM/CPU2/ExitHypercall                            0 times
00:00:48.003032 /NEM/CPU2/ExitMemIntercept                         0 times
00:00:48.003035 /NEM/CPU2/ExitMemIntercept/ToIem                   0 times
00:00:48.003037 /NEM/CPU2/ExitMemUnmapped                          0 times
00:00:48.003040 /NEM/CPU2/ExitMemUnmapped/ToIem                    0 times
00:00:48.003043 /NEM/CPU2/ExitUnrecoverable                        0 times
00:00:48.003045 /NEM/CPU2/ImportOnDemand                           5 times
00:00:48.003048 /NEM/CPU2/ImportOnReturn                          12 times
00:00:48.003051 /NEM/CPU2/ImportOnReturnSkipped                    0 times
00:00:48.003054 /NEM/CPU2/QueryCpuTick                             1 times
00:00:48.003056 /NEM/PagesCurrentlyMapped                          0 pages
00:00:48.003059 /NEM/PagesMapCalls                                 0 pages
00:00:48.003062 /NEM/PagesMapFails                                 0 pages
00:00:48.003064 /NEM/PagesMapGpaRange                         686661 ticks/call (     2059984 ticks,       3 calls, max   2054850, min    2222)
00:00:48.003067 /NEM/PagesMapGpaRangePage                          0 ticks/call (           0 ticks,       0 calls, max         0, min      -1)
00:00:48.003070 /NEM/PagesUnmapCalls                               0 pages
00:00:48.003072 /NEM/PagesUnmapFails                               0 pages
00:00:48.003075 /NEM/PagesUnmapGpaRange                            0 ticks/call (           0 ticks,       0 calls, max         0, min      -1)
00:00:48.003078 /NEM/PagesUnmapGpaRangePage                        0 ticks/call (           0 ticks,       0 calls, max         0, min      -1)
00:00:48.003082 /PDM/BlkCache/cbCached                             0 bytes
00:00:48.003084 /PDM/BlkCache/cbCachedFru                          0 bytes
00:00:48.003087 /PDM/BlkCache/cbCachedMruIn                        0 bytes
00:00:48.003089 /PDM/BlkCache/cbCachedMruOut                       0 bytes
00:00:48.003092 /PDM/BlkCache/cbMax                          5242880 bytes
00:00:48.003095 /PDM/CritSects/00-AbortedEnters                    0 times
00:00:48.003098 /PDM/CritSects/00-EntersWhileAborting              0 times
00:00:48.003100 /PDM/CritSects/00-Non-interruptible-Waits-VINF_SUCCESS         0 times
00:00:48.003103 /PDM/CritSects/00-QueuedLeaves                     0 times
00:00:48.003105 /PDM/CritSects/00-VERR_INTERRUPTED                 0 times
00:00:48.003108 /PDM/CritSects/00-VERR_TIMEOUT                     0 times
00:00:48.003111 /PDM/CritSects/E1000#0/ContentionR3                0 times
00:00:48.003114 /PDM/CritSects/E1000#0/ContentionR3Wait            0 ticks/time (           0 ticks,       0 times, max         0, min      -1)
00:00:48.003117 /PDM/CritSects/E1000#0/ContentionRZLock            0 times
00:00:48.003119 /PDM/CritSects/E1000#0/ContentionRZLockBusy         0 times
00:00:48.003121 /PDM/CritSects/E1000#0/ContentionRZUnlock          0 times
00:00:48.003124 /PDM/CritSects/E1000#0/ContentionRZWait            0 ticks/time (           0 ticks,       0 times, max         0, min      -1)
00:00:48.003127 /PDM/CritSects/E1000#0RX/ContentionR3              0 times
00:00:48.003130 /PDM/CritSects/E1000#0RX/ContentionR3Wait          0 ticks/time (           0 ticks,       0 times, max         0, min      -1)
00:00:48.003132 /PDM/CritSects/E1000#0RX/ContentionRZLock          0 times
00:00:48.003134 /PDM/CritSects/E1000#0RX/ContentionRZLockBusy         0 times
00:00:48.003136 /PDM/CritSects/E1000#0RX/ContentionRZUnlock         0 times
00:00:48.003140 /PDM/CritSects/E1000#0RX/ContentionRZWait          0 ticks/time (           0 ticks,       0 times, max         0, min      -1)
00:00:48.003143 /PDM/CritSects/E1000#0TX/ContentionR3              0 times
00:00:48.003146 /PDM/CritSects/E1000#0TX/ContentionR3Wait          0 ticks/time (           0 ticks,       0 times, max         0, min      -1)
00:00:48.003149 /PDM/CritSects/E1000#0TX/ContentionRZLock          0 times
00:00:48.003151 /PDM/CritSects/E1000#0TX/ContentionRZLockBusy         0 times
00:00:48.003154 /PDM/CritSects/E1000#0TX/ContentionRZUnlock         0 times
00:00:48.003156 /PDM/CritSects/E1000#0TX/ContentionRZWait          0 ticks/time (           0 ticks,       0 times, max         0, min      -1)
00:00:48.003159 /PDM/CritSects/HDA/ContentionR3                    0 times
00:00:48.003161 /PDM/CritSects/HDA/ContentionR3Wait                0 ticks/time (           0 ticks,       0 times, max         0, min      -1)
00:00:48.003165 /PDM/CritSects/HDA/ContentionRZLock                0 times
00:00:48.003167 /PDM/CritSects/HDA/ContentionRZLockBusy            0 times
00:00:48.003169 /PDM/CritSects/HDA/ContentionRZUnlock              0 times
00:00:48.003171 /PDM/CritSects/HDA/ContentionRZWait                0 ticks/time (           0 ticks,       0 times, max         0, min      -1)
00:00:48.003175 /PDM/CritSects/NOP/ContentionR3                    0 times
00:00:48.003178 /PDM/CritSects/NOP/ContentionR3Wait                0 ticks/time (           0 ticks,       0 times, max         0, min      -1)
00:00:48.003182 /PDM/CritSects/NOP/ContentionRZLock                0 times
00:00:48.003184 /PDM/CritSects/NOP/ContentionRZLockBusy            0 times
00:00:48.003187 /PDM/CritSects/NOP/ContentionRZUnlock              0 times
00:00:48.003189 /PDM/CritSects/NOP/ContentionRZWait                0 ticks/time (           0 ticks,       0 times, max         0, min      -1)
00:00:48.003192 /PDM/CritSects/PDM/ContentionR3                    0 times
00:00:48.003194 /PDM/CritSects/PDM/ContentionR3Wait                0 ticks/time (           0 ticks,       0 times, max         0, min      -1)
00:00:48.003197 /PDM/CritSects/PDM/ContentionRZLock                0 times
00:00:48.003199 /PDM/CritSects/PDM/ContentionRZLockBusy            0 times
00:00:48.003202 /PDM/CritSects/PDM/ContentionRZUnlock              0 times
00:00:48.003204 /PDM/CritSects/PDM/ContentionRZWait                0 ticks/time (           0 ticks,       0 times, max         0, min      -1)
00:00:48.003207 /PDM/CritSects/PGM/ContentionR3                    0 times
00:00:48.003210 /PDM/CritSects/PGM/ContentionR3Wait                0 ticks/time (           0 ticks,       0 times, max         0, min      -1)
00:00:48.003212 /PDM/CritSects/PGM/ContentionRZLock                0 times
00:00:48.003215 /PDM/CritSects/PGM/ContentionRZLockBusy            0 times
00:00:48.003218 /PDM/CritSects/PGM/ContentionRZUnlock              0 times
00:00:48.003220 /PDM/CritSects/PGM/ContentionRZWait                0 ticks/time (           0 ticks,       0 times, max         0, min      -1)
00:00:48.003224 /PDM/CritSects/TM VirtualSync Lock/ContentionR3         5 times
00:00:48.003227 /PDM/CritSects/TM VirtualSync Lock/ContentionR3Wait      2113 ticks/time (       10569 ticks,       5 times, max      2947, min    1275)
00:00:48.003230 /PDM/CritSects/TM VirtualSync Lock/ContentionRZLock         0 times
00:00:48.003232 /PDM/CritSects/TM VirtualSync Lock/ContentionRZLockBusy         0 times
00:00:48.003234 /PDM/CritSects/TM VirtualSync Lock/ContentionRZUnlock         0 times
00:00:48.003237 /PDM/CritSects/TM VirtualSync Lock/ContentionRZWait         0 ticks/time (           0 ticks,       0 times, max         0, min      -1)
00:00:48.003239 /PDM/CritSects/TM real queue timer lock/ContentionR3         0 times
00:00:48.003242 /PDM/CritSects/TM real queue timer lock/ContentionR3Wait         0 ticks/time (           0 ticks,       0 times, max         0, min      -1)
00:00:48.003245 /PDM/CritSects/TM real queue timer lock/ContentionRZLock         0 times
00:00:48.003247 /PDM/CritSects/TM real queue timer lock/ContentionRZLockBusy         0 times
00:00:48.003250 /PDM/CritSects/TM real queue timer lock/ContentionRZUnlock         0 times
00:00:48.003253 /PDM/CritSects/TM real queue timer lock/ContentionRZWait         0 ticks/time (           0 ticks,       0 times, max         0, min      -1)
00:00:48.003256 /PDM/CritSects/TM tsc queue timer lock/ContentionR3         0 times
00:00:48.003259 /PDM/CritSects/TM tsc queue timer lock/ContentionR3Wait         0 ticks/time (           0 ticks,       0 times, max         0, min      -1)
00:00:48.003262 /PDM/CritSects/TM tsc queue timer lock/ContentionRZLock         0 times
00:00:48.003265 /PDM/CritSects/TM tsc queue timer lock/ContentionRZLockBusy         0 times
00:00:48.003268 /PDM/CritSects/TM tsc queue timer lock/ContentionRZUnlock         0 times
00:00:48.003270 /PDM/CritSects/TM tsc queue timer lock/ContentionRZWait         0 ticks/time (           0 ticks,       0 times, max         0, min      -1)
00:00:48.003273 /PDM/CritSects/TM virtual queue timer lock/ContentionR3         0 times
00:00:48.003276 /PDM/CritSects/TM virtual queue timer lock/ContentionR3Wait         0 ticks/time (           0 ticks,       0 times, max         0, min      -1)
00:00:48.003279 /PDM/CritSects/TM virtual queue timer lock/ContentionRZLock         0 times
00:00:48.003282 /PDM/CritSects/TM virtual queue timer lock/ContentionRZLockBusy         0 times
00:00:48.003285 /PDM/CritSects/TM virtual queue timer lock/ContentionRZUnlock         0 times
00:00:48.003287 /PDM/CritSects/TM virtual queue timer lock/ContentionRZWait         0 ticks/time (           0 ticks,       0 times, max         0, min      -1)
00:00:48.003289 /PDM/CritSects/TM virtual_sync queue timer lock/ContentionR3         0 times
00:00:48.003292 /PDM/CritSects/TM virtual_sync queue timer lock/ContentionR3Wait         0 ticks/time (           0 ticks,       0 times, max         0, min      -1)
00:00:48.003295 /PDM/CritSects/TM virtual_sync queue timer lock/ContentionRZLock         0 times
00:00:48.003299 /PDM/CritSects/TM virtual_sync queue timer lock/ContentionRZLockBusy         0 times
00:00:48.003301 /PDM/CritSects/TM virtual_sync queue timer lock/ContentionRZUnlock         0 times
00:00:48.003304 /PDM/CritSects/TM virtual_sync queue timer lock/ContentionRZWait         0 ticks/time (           0 ticks,       0 times, max         0, min      -1)
00:00:48.003306 /PDM/CritSects/VGA#0/ContentionR3                  1 times
00:00:48.003309 /PDM/CritSects/VGA#0/ContentionR3Wait            225 ticks/time (         225 ticks,       1 times, max       225, min     225)
00:00:48.003312 /PDM/CritSects/VGA#0/ContentionRZLock              0 times
00:00:48.003315 /PDM/CritSects/VGA#0/ContentionRZLockBusy          0 times
00:00:48.003317 /PDM/CritSects/VGA#0/ContentionRZUnlock            0 times
00:00:48.003319 /PDM/CritSects/VGA#0/ContentionRZWait              0 ticks/time (           0 ticks,       0 times, max         0, min      -1)
00:00:48.003323 /PDM/CritSects/VGA#0_IRQ/ContentionR3              0 times
00:00:48.003327 /PDM/CritSects/VGA#0_IRQ/ContentionR3Wait          0 ticks/time (           0 ticks,       0 times, max         0, min      -1)
00:00:48.003330 /PDM/CritSects/VGA#0_IRQ/ContentionRZLock          0 times
00:00:48.003332 /PDM/CritSects/VGA#0_IRQ/ContentionRZLockBusy         0 times
00:00:48.003335 /PDM/CritSects/VGA#0_IRQ/ContentionRZUnlock         0 times
00:00:48.003337 /PDM/CritSects/VGA#0_IRQ/ContentionRZWait          0 ticks/time (           0 ticks,       0 times, max         0, min      -1)
00:00:48.003340 /PDM/CritSects/VMMDev#0/ContentionR3               0 times
00:00:48.003343 /PDM/CritSects/VMMDev#0/ContentionR3Wait           0 ticks/time (           0 ticks,       0 times, max         0, min      -1)
00:00:48.003346 /PDM/CritSects/VMMDev#0/ContentionRZLock           0 times
00:00:48.003349 /PDM/CritSects/VMMDev#0/ContentionRZLockBusy         0 times
00:00:48.003351 /PDM/CritSects/VMMDev#0/ContentionRZUnlock         0 times
00:00:48.003354 /PDM/CritSects/VMMDev#0/ContentionRZWait           0 ticks/time (           0 ticks,       0 times, max         0, min      -1)
00:00:48.003357 /PDM/CritSects/arm-pl031-rtc#0Auto/ContentionR3         0 times
00:00:48.003360 /PDM/CritSects/arm-pl031-rtc#0Auto/ContentionR3Wait         0 ticks/time (           0 ticks,       0 times, max         0, min      -1)
00:00:48.003362 /PDM/CritSects/arm-pl031-rtc#0Auto/ContentionRZLock         0 times
00:00:48.003365 /PDM/CritSects/arm-pl031-rtc#0Auto/ContentionRZLockBusy         0 times
00:00:48.003367 /PDM/CritSects/arm-pl031-rtc#0Auto/ContentionRZUnlock         0 times
00:00:48.003369 /PDM/CritSects/arm-pl031-rtc#0Auto/ContentionRZWait         0 ticks/time (           0 ticks,       0 times, max         0, min      -1)
00:00:48.003373 /PDM/CritSects/arm-pl061-gpio#0Auto/ContentionR3         0 times
00:00:48.003375 /PDM/CritSects/arm-pl061-gpio#0Auto/ContentionR3Wait         0 ticks/time (           0 ticks,       0 times, max         0, min      -1)
00:00:48.003378 /PDM/CritSects/arm-pl061-gpio#0Auto/ContentionRZLock         0 times
00:00:48.003381 /PDM/CritSects/arm-pl061-gpio#0Auto/ContentionRZLockBusy         0 times
00:00:48.003384 /PDM/CritSects/arm-pl061-gpio#0Auto/ContentionRZUnlock         0 times
00:00:48.003386 /PDM/CritSects/arm-pl061-gpio#0Auto/ContentionRZWait         0 ticks/time (           0 ticks,       0 times, max         0, min      -1)
00:00:48.003388 /PDM/CritSects/flash-cfi#0Auto/ContentionR3         0 times
00:00:48.003391 /PDM/CritSects/flash-cfi#0Auto/ContentionR3Wait         0 ticks/time (           0 ticks,       0 times, max         0, min      -1)
00:00:48.003393 /PDM/CritSects/flash-cfi#0Auto/ContentionRZLock         0 times
00:00:48.003395 /PDM/CritSects/flash-cfi#0Auto/ContentionRZLockBusy         0 times
00:00:48.003398 /PDM/CritSects/flash-cfi#0Auto/ContentionRZUnlock         0 times
00:00:48.003400 /PDM/CritSects/flash-cfi#0Auto/ContentionRZWait         0 ticks/time (           0 ticks,       0 times, max         0, min      -1)
00:00:48.003404 /PDM/CritSects/platform#0Auto/ContentionR3         0 times
00:00:48.003406 /PDM/CritSects/platform#0Auto/ContentionR3Wait         0 ticks/time (           0 ticks,       0 times, max         0, min      -1)
00:00:48.003409 /PDM/CritSects/platform#0Auto/ContentionRZLock         0 times
00:00:48.003412 /PDM/CritSects/platform#0Auto/ContentionRZLockBusy         0 times
00:00:48.003415 /PDM/CritSects/platform#0Auto/ContentionRZUnlock         0 times
00:00:48.003417 /PDM/CritSects/platform#0Auto/ContentionRZWait         0 ticks/time (           0 ticks,       0 times, max         0, min      -1)
00:00:48.003421 /PDM/CritSects/usb-xhci#0Auto/ContentionR3         0 times
00:00:48.003424 /PDM/CritSects/usb-xhci#0Auto/ContentionR3Wait         0 ticks/time (           0 ticks,       0 times, max         0, min      -1)
00:00:48.003427 /PDM/CritSects/usb-xhci#0Auto/ContentionRZLock         0 times
00:00:48.003429 /PDM/CritSects/usb-xhci#0Auto/ContentionRZLockBusy         0 times
00:00:48.003436 /PDM/CritSects/usb-xhci#0Auto/ContentionRZUnlock         0 times
00:00:48.003439 /PDM/CritSects/usb-xhci#0Auto/ContentionRZWait         0 ticks/time (           0 ticks,       0 times, max         0, min      -1)
00:00:48.003442 /PDM/CritSects/virtio-scsi#0Auto/ContentionR3         0 times
00:00:48.003445 /PDM/CritSects/virtio-scsi#0Auto/ContentionR3Wait         0 ticks/time (           0 ticks,       0 times, max         0, min      -1)
00:00:48.003448 /PDM/CritSects/virtio-scsi#0Auto/ContentionRZLock         0 times
00:00:48.003450 /PDM/CritSects/virtio-scsi#0Auto/ContentionRZLockBusy         0 times
00:00:48.003452 /PDM/CritSects/virtio-scsi#0Auto/ContentionRZUnlock         0 times
00:00:48.003455 /PDM/CritSects/virtio-scsi#0Auto/ContentionRZWait         0 ticks/time (           0 ticks,       0 times, max         0, min      -1)
00:00:48.003457 /PDM/CritSects/xHCIIntr#0/ContentionR3             0 times
00:00:48.003460 /PDM/CritSects/xHCIIntr#0/ContentionR3Wait         0 ticks/time (           0 ticks,       0 times, max         0, min      -1)
00:00:48.003462 /PDM/CritSects/xHCIIntr#0/ContentionRZLock         0 times
00:00:48.003464 /PDM/CritSects/xHCIIntr#0/ContentionRZLockBusy         0 times
00:00:48.003467 /PDM/CritSects/xHCIIntr#0/ContentionRZUnlock         0 times
00:00:48.003470 /PDM/CritSects/xHCIIntr#0/ContentionRZWait         0 ticks/time (           0 ticks,       0 times, max         0, min      -1)
00:00:48.003473 /PDM/CritSects/xHCIIntr#1/ContentionR3             0 times
00:00:48.003475 /PDM/CritSects/xHCIIntr#1/ContentionR3Wait         0 ticks/time (           0 ticks,       0 times, max         0, min      -1)
00:00:48.003478 /PDM/CritSects/xHCIIntr#1/ContentionRZLock         0 times
00:00:48.003480 /PDM/CritSects/xHCIIntr#1/ContentionRZLockBusy         0 times
00:00:48.003482 /PDM/CritSects/xHCIIntr#1/ContentionRZUnlock         0 times
00:00:48.003485 /PDM/CritSects/xHCIIntr#1/ContentionRZWait         0 ticks/time (           0 ticks,       0 times, max         0, min      -1)
00:00:48.003488 /PDM/CritSects/xHCIIntr#2/ContentionR3             0 times
00:00:48.003490 /PDM/CritSects/xHCIIntr#2/ContentionR3Wait         0 ticks/time (           0 ticks,       0 times, max         0, min      -1)
00:00:48.003493 /PDM/CritSects/xHCIIntr#2/ContentionRZLock         0 times
00:00:48.003495 /PDM/CritSects/xHCIIntr#2/ContentionRZLockBusy         0 times
00:00:48.003498 /PDM/CritSects/xHCIIntr#2/ContentionRZUnlock         0 times
00:00:48.003500 /PDM/CritSects/xHCIIntr#2/ContentionRZWait         0 ticks/time (           0 ticks,       0 times, max         0, min      -1)
00:00:48.003503 /PDM/CritSects/xHCIIntr#3/ContentionR3             0 times
00:00:48.003505 /PDM/CritSects/xHCIIntr#3/ContentionR3Wait         0 ticks/time (           0 ticks,       0 times, max         0, min      -1)
00:00:48.003507 /PDM/CritSects/xHCIIntr#3/ContentionRZLock         0 times
00:00:48.003509 /PDM/CritSects/xHCIIntr#3/ContentionRZLockBusy         0 times
00:00:48.003512 /PDM/CritSects/xHCIIntr#3/ContentionRZUnlock         0 times
00:00:48.003515 /PDM/CritSects/xHCIIntr#3/ContentionRZWait         0 ticks/time (           0 ticks,       0 times, max         0, min      -1)
00:00:48.003518 /PDM/CritSects/xHCIIntr#4/ContentionR3             0 times
00:00:48.003520 /PDM/CritSects/xHCIIntr#4/ContentionR3Wait         0 ticks/time (           0 ticks,       0 times, max         0, min      -1)
00:00:48.003523 /PDM/CritSects/xHCIIntr#4/ContentionRZLock         0 times
00:00:48.003525 /PDM/CritSects/xHCIIntr#4/ContentionRZLockBusy         0 times
00:00:48.003528 /PDM/CritSects/xHCIIntr#4/ContentionRZUnlock         0 times
00:00:48.003530 /PDM/CritSects/xHCIIntr#4/ContentionRZWait         0 ticks/time (           0 ticks,       0 times, max         0, min      -1)
00:00:48.003532 /PDM/CritSects/xHCIIntr#5/ContentionR3             0 times
00:00:48.003535 /PDM/CritSects/xHCIIntr#5/ContentionR3Wait         0 ticks/time (           0 ticks,       0 times, max         0, min      -1)
00:00:48.003538 /PDM/CritSects/xHCIIntr#5/ContentionRZLock         0 times
00:00:48.003541 /PDM/CritSects/xHCIIntr#5/ContentionRZLockBusy         0 times
00:00:48.003544 /PDM/CritSects/xHCIIntr#5/ContentionRZUnlock         0 times
00:00:48.003546 /PDM/CritSects/xHCIIntr#5/ContentionRZWait         0 ticks/time (           0 ticks,       0 times, max         0, min      -1)
00:00:48.003549 /PDM/CritSects/xHCIIntr#6/ContentionR3             0 times
00:00:48.003552 /PDM/CritSects/xHCIIntr#6/ContentionR3Wait         0 ticks/time (           0 ticks,       0 times, max         0, min      -1)
00:00:48.003554 /PDM/CritSects/xHCIIntr#6/ContentionRZLock         0 times
00:00:48.003557 /PDM/CritSects/xHCIIntr#6/ContentionRZLockBusy         0 times
00:00:48.003559 /PDM/CritSects/xHCIIntr#6/ContentionRZUnlock         0 times
00:00:48.003562 /PDM/CritSects/xHCIIntr#6/ContentionRZWait         0 ticks/time (           0 ticks,       0 times, max         0, min      -1)
00:00:48.003565 /PDM/CritSects/xHCIIntr#7/ContentionR3             0 times
00:00:48.003567 /PDM/CritSects/xHCIIntr#7/ContentionR3Wait         0 ticks/time (           0 ticks,       0 times, max         0, min      -1)
00:00:48.003570 /PDM/CritSects/xHCIIntr#7/ContentionRZLock         0 times
00:00:48.003572 /PDM/CritSects/xHCIIntr#7/ContentionRZLockBusy         0 times
00:00:48.003574 /PDM/CritSects/xHCIIntr#7/ContentionRZUnlock         0 times
00:00:48.003576 /PDM/CritSects/xHCIIntr#7/ContentionRZWait         0 ticks/time (           0 ticks,       0 times, max         0, min      -1)
00:00:48.003580 /PDM/CritSectsRw/00-EnterSharedWhileAborting         0 times
00:00:48.003582 /PDM/CritSectsRw/00-Excl-Non-interruptible-Waits-VINF_SUCCESS         0 times
00:00:48.003584 /PDM/CritSectsRw/00-Excl-VERR_INTERRUPTED          0 times
00:00:48.003587 /PDM/CritSectsRw/00-Excl-VERR_TIMEOUT              0 times
00:00:48.003590 /PDM/CritSectsRw/00-Shared-Non-interruptible-Waits-VINF_SUCCESS         0 times
00:00:48.003592 /PDM/CritSectsRw/00-Shared-VERR_INTERRUPTED         0 times
00:00:48.003595 /PDM/CritSectsRw/00-Shared-VERR_TIMEOUT            0 times
00:00:48.003598 /PDM/CritSectsRw/IOM Lock/ContentionR3EnterExcl         0 times
00:00:48.003600 /PDM/CritSectsRw/IOM Lock/ContentionR3EnterShared         0 times
00:00:48.003602 /PDM/CritSectsRw/IOM Lock/ContentionR3LeaveExcl         0 times
00:00:48.003605 /PDM/CritSectsRw/IOM Lock/ContentionRZEnterExcl         0 times
00:00:48.003607 /PDM/CritSectsRw/IOM Lock/ContentionRZEnterShared         0 times
00:00:48.003610 /PDM/CritSectsRw/IOM Lock/ContentionRZLeaveExcl         0 times
00:00:48.003612 /PDM/CritSectsRw/IOM Lock/ContentionRZLeaveShared         0 times
00:00:48.003615 /PDM/CritSectsRw/IOM Lock/R3EnterExcl              7 times
00:00:48.003617 /PDM/CritSectsRw/IOM Lock/R3EnterShared            0 times
00:00:48.003620 /PDM/CritSectsRw/IOM Lock/RZEnterExcl              0 times
00:00:48.003622 /PDM/CritSectsRw/IOM Lock/RZEnterShared            0 times
00:00:48.003624 /PDM/CritSectsRw/TM real queue alloc lock/ContentionR3EnterExcl         0 times
00:00:48.003627 /PDM/CritSectsRw/TM real queue alloc lock/ContentionR3EnterShared         0 times
00:00:48.003629 /PDM/CritSectsRw/TM real queue alloc lock/ContentionR3LeaveExcl         0 times
00:00:48.003631 /PDM/CritSectsRw/TM real queue alloc lock/ContentionRZEnterExcl         0 times
00:00:48.003633 /PDM/CritSectsRw/TM real queue alloc lock/ContentionRZEnterShared         0 times
00:00:48.003636 /PDM/CritSectsRw/TM real queue alloc lock/ContentionRZLeaveExcl         0 times
00:00:48.003639 /PDM/CritSectsRw/TM real queue alloc lock/ContentionRZLeaveShared         0 times
00:00:48.003641 /PDM/CritSectsRw/TM real queue alloc lock/R3EnterExcl         7 times
00:00:48.003643 /PDM/CritSectsRw/TM real queue alloc lock/R3EnterShared         1 times
00:00:48.003646 /PDM/CritSectsRw/TM real queue alloc lock/RZEnterExcl         0 times
00:00:48.003648 /PDM/CritSectsRw/TM real queue alloc lock/RZEnterShared         0 times
00:00:48.003651 /PDM/CritSectsRw/TM tsc queue alloc lock/ContentionR3EnterExcl         0 times
00:00:48.003655 /PDM/CritSectsRw/TM tsc queue alloc lock/ContentionR3EnterShared         0 times
00:00:48.003657 /PDM/CritSectsRw/TM tsc queue alloc lock/ContentionR3LeaveExcl         0 times
00:00:48.003660 /PDM/CritSectsRw/TM tsc queue alloc lock/ContentionRZEnterExcl         0 times
00:00:48.003662 /PDM/CritSectsRw/TM tsc queue alloc lock/ContentionRZEnterShared         0 times
00:00:48.003665 /PDM/CritSectsRw/TM tsc queue alloc lock/ContentionRZLeaveExcl         0 times
00:00:48.003668 /PDM/CritSectsRw/TM tsc queue alloc lock/ContentionRZLeaveShared         0 times
00:00:48.003670 /PDM/CritSectsRw/TM tsc queue alloc lock/R3EnterExcl         0 times
00:00:48.003673 /PDM/CritSectsRw/TM tsc queue alloc lock/R3EnterShared         1 times
00:00:48.003675 /PDM/CritSectsRw/TM tsc queue alloc lock/RZEnterExcl         0 times
00:00:48.003677 /PDM/CritSectsRw/TM tsc queue alloc lock/RZEnterShared         0 times
00:00:48.003679 /PDM/CritSectsRw/TM virtual queue alloc lock/ContentionR3EnterExcl         0 times
00:00:48.003682 /PDM/CritSectsRw/TM virtual queue alloc lock/ContentionR3EnterShared         0 times
00:00:48.003684 /PDM/CritSectsRw/TM virtual queue alloc lock/ContentionR3LeaveExcl         0 times
00:00:48.003687 /PDM/CritSectsRw/TM virtual queue alloc lock/ContentionRZEnterExcl         0 times
00:00:48.003689 /PDM/CritSectsRw/TM virtual queue alloc lock/ContentionRZEnterShared         0 times
00:00:48.003691 /PDM/CritSectsRw/TM virtual queue alloc lock/ContentionRZLeaveExcl         0 times
00:00:48.003693 /PDM/CritSectsRw/TM virtual queue alloc lock/ContentionRZLeaveShared         0 times
00:00:48.003695 /PDM/CritSectsRw/TM virtual queue alloc lock/R3EnterExcl        11 times
00:00:48.003697 /PDM/CritSectsRw/TM virtual queue alloc lock/R3EnterShared         1 times
00:00:48.003700 /PDM/CritSectsRw/TM virtual queue alloc lock/RZEnterExcl         0 times
00:00:48.003702 /PDM/CritSectsRw/TM virtual queue alloc lock/RZEnterShared         0 times
00:00:48.003704 /PDM/CritSectsRw/TM virtual_sync queue alloc lock/ContentionR3EnterExcl         0 times
00:00:48.003708 /PDM/CritSectsRw/TM virtual_sync queue alloc lock/ContentionR3EnterShared         0 times
00:00:48.003710 /PDM/CritSectsRw/TM virtual_sync queue alloc lock/ContentionR3LeaveExcl         0 times
00:00:48.003713 /PDM/CritSectsRw/TM virtual_sync queue alloc lock/ContentionRZEnterExcl         0 times
00:00:48.003715 /PDM/CritSectsRw/TM virtual_sync queue alloc lock/ContentionRZEnterShared         0 times
00:00:48.003718 /PDM/CritSectsRw/TM virtual_sync queue alloc lock/ContentionRZLeaveExcl         0 times
00:00:48.003720 /PDM/CritSectsRw/TM virtual_sync queue alloc lock/ContentionRZLeaveShared         0 times
00:00:48.003722 /PDM/CritSectsRw/TM virtual_sync queue alloc lock/R3EnterExcl         9 times
00:00:48.003725 /PDM/CritSectsRw/TM virtual_sync queue alloc lock/R3EnterShared         1 times
00:00:48.003728 /PDM/CritSectsRw/TM virtual_sync queue alloc lock/RZEnterExcl         0 times
00:00:48.003730 /PDM/CritSectsRw/TM virtual_sync queue alloc lock/RZEnterShared         0 times
00:00:48.003733 /PDM/Queue/DevHlp/AllocFailures                    0 times
00:00:48.003736 /PDM/Queue/DevHlp/Flush                            0 calls
00:00:48.003739 /PDM/Queue/DevHlp/FlushLeftovers                   0 times
00:00:48.003741 /PDM/Queue/DevHlp/Insert                           0 calls
00:00:48.003744 /PDM/Queue/DevHlp/cItems                          24 count
00:00:48.003746 /PDM/Queue/DevHlp/cbItem                          56 bytes
00:00:48.003749 /PDM/Queue/DevHlp/rcOkay                           0 
00:00:48.003752 /PDM/Queue/Keyboard/AllocFailures                  0 times
00:00:48.003754 /PDM/Queue/Keyboard/Flush                          0 calls
00:00:48.003757 /PDM/Queue/Keyboard/FlushLeftovers                 0 times
00:00:48.003760 /PDM/Queue/Keyboard/Insert                         0 calls
00:00:48.003763 /PDM/Queue/Keyboard/cItems                        64 count
00:00:48.003768 /PDM/Queue/Keyboard/cbItem                        16 bytes
00:00:48.003770 /PDM/Queue/Keyboard/rcOkay                         0 
00:00:48.003774 /PDM/Queue/Mouse/AllocFailures                     0 times
00:00:48.003776 /PDM/Queue/Mouse/Flush                             0 calls
00:00:48.003779 /PDM/Queue/Mouse/FlushLeftovers                    0 times
00:00:48.003782 /PDM/Queue/Mouse/Insert                            0 calls
00:00:48.003784 /PDM/Queue/Mouse/cItems                          128 count
00:00:48.003787 /PDM/Queue/Mouse/cbItem                           32 bytes
00:00:48.003790 /PDM/Queue/Mouse/rcOkay                            0 
00:00:48.003793 /PDM/Queue/SCSI-Eject/AllocFailures                0 times
00:00:48.003796 /PDM/Queue/SCSI-Eject/Flush                        0 calls
00:00:48.003799 /PDM/Queue/SCSI-Eject/FlushLeftovers               0 times
00:00:48.003801 /PDM/Queue/SCSI-Eject/Insert                       0 calls
00:00:48.003803 /PDM/Queue/SCSI-Eject/cItems                       1 count
00:00:48.003806 /PDM/Queue/SCSI-Eject/cbItem                      24 bytes
00:00:48.003808 /PDM/Queue/SCSI-Eject/rcOkay                       0 
00:00:48.003811 /PDM/Queue/SCSI-Eject_1/AllocFailures              0 times
00:00:48.003813 /PDM/Queue/SCSI-Eject_1/Flush                      0 calls
00:00:48.003816 /PDM/Queue/SCSI-Eject_1/FlushLeftovers             0 times
00:00:48.003818 /PDM/Queue/SCSI-Eject_1/Insert                     0 calls
00:00:48.003821 /PDM/Queue/SCSI-Eject_1/cItems                     1 count
00:00:48.003824 /PDM/Queue/SCSI-Eject_1/cbItem                    24 bytes
00:00:48.003826 /PDM/Queue/SCSI-Eject_1/rcOkay                     0 
00:00:48.003829 /PDM/Tasks/000-E1000-Xmit-retriggered              0 times
00:00:48.003832 /PDM/Tasks/000-E1000-Xmit-runs                     0 times
00:00:48.003834 /PDM/Tasks/001-HDA CORB DMA-retriggered            0 times
00:00:48.003837 /PDM/Tasks/001-HDA CORB DMA-runs                   0 times
00:00:48.003841 /PGM/CPU0/R3/Page/MapTlbMisses                     0 times
00:00:48.003843 /PGM/CPU0/R3/RamRange/TlbLocking                   0 times
00:00:48.003846 /PGM/CPU0/R3/RamRange/TlbMisses                    0 times
00:00:48.003849 /PGM/CPU0/RZ/Page/MapTlbMisses                     0 times
00:00:48.003851 /PGM/CPU0/RZ/RamRange/TlbLocking                   0 times
00:00:48.003854 /PGM/CPU0/RZ/RamRange/TlbMisses                    0 times
00:00:48.003857 /PGM/CPU1/R3/Page/MapTlbMisses                     0 times
00:00:48.003860 /PGM/CPU1/R3/RamRange/TlbLocking                   0 times
00:00:48.003863 /PGM/CPU1/R3/RamRange/TlbMisses                    0 times
00:00:48.003865 /PGM/CPU1/RZ/Page/MapTlbMisses                     0 times
00:00:48.003867 /PGM/CPU1/RZ/RamRange/TlbLocking                   0 times
00:00:48.003870 /PGM/CPU1/RZ/RamRange/TlbMisses                    0 times
00:00:48.003873 /PGM/CPU2/R3/Page/MapTlbMisses                     0 times
00:00:48.003876 /PGM/CPU2/R3/RamRange/TlbLocking                   0 times
00:00:48.003878 /PGM/CPU2/R3/RamRange/TlbMisses                    0 times
00:00:48.003880 /PGM/CPU2/RZ/Page/MapTlbMisses                     0 times
00:00:48.003883 /PGM/CPU2/RZ/RamRange/TlbLocking                   0 times
00:00:48.003885 /PGM/CPU2/RZ/RamRange/TlbMisses                    0 times
00:00:48.003888 /PGM/LargePage/Recheck                             0 times
00:00:48.003891 /PGM/LargePage/Refused                             0 times
00:00:48.003894 /PGM/LargePage/Reused                              0 times
00:00:48.003900 /PGM/Mmio2QueryAndResetDirtyBitmap                 0 ticks/call (           0 ticks,       0 calls, max         0, min      -1)
00:00:48.003903 /PGM/Page/cAllPages                           802569 count
00:00:48.003905 /PGM/Page/cBalloonedPages                          0 count
00:00:48.003909 /PGM/Page/cHandyPages                              0 count
00:00:48.003912 /PGM/Page/cLargePages                              0 count
00:00:48.003916 /PGM/Page/cLargePagesDisabled                      0 count
00:00:48.003919 /PGM/Page/cMonitoredPages                          0 count
00:00:48.003922 /PGM/Page/cPrivatePages                       797184 count
00:00:48.003925 /PGM/Page/cPureMmioPages                        5385 count
00:00:48.003927 /PGM/Page/cReadLockedPages                         0 count
00:00:48.003930 /PGM/Page/cReusedSharedPages                       0 count
00:00:48.003932 /PGM/Page/cSharedPages                             0 count
00:00:48.003935 /PGM/Page/cWriteLockedPages                        0 count
00:00:48.003938 /PGM/Page/cWrittenToPages                          0 count
00:00:48.003940 /PGM/Page/cZeroPages                               0 count
00:00:48.003943 /PGM/PhysHandlerTree/ErrorsAllocatorR3             0 times
00:00:48.003946 /PGM/PhysHandlerTree/ErrorsTree                    0 times
00:00:48.003948 /PGM/PhysHandlerTree/Inserts                       7 times
00:00:48.003951 /PGM/PhysHandlerTree/MaxHandlers                6144 times
00:00:48.003953 /PGM/PhysHandlerTree/RebalancingOperations         3 times
00:00:48.003955 /PGM/PhysHandlerTree/Removals                      0 times
00:00:48.003958 /PGM/ShMod/Check                                   0 ticks/call (           0 ticks,       0 calls, max         0, min      -1)
00:00:48.003961 /PROF/CPU0/EM/Capped                               0 ticks/call (           0 ticks,       0 calls, max         0, min      -1)
00:00:48.003964 /PROF/CPU0/EM/ForcedActions                     1646 times
00:00:48.003968 /PROF/CPU0/EM/HMExec                               0 ticks/call (           0 ticks,       0 calls, max         0, min      -1)
00:00:48.003971 /PROF/CPU0/EM/HMExecuteCalled                      0 times
00:00:48.003974 /PROF/CPU0/EM/Halted                               0 times
00:00:48.003976 /PROF/CPU0/EM/NEMExec                         384789 ticks/call (   632978247 ticks,    1645 calls, max    849927, min    8972)
00:00:48.003980 /PROF/CPU0/EM/NEMExecuteCalled                     1 times
00:00:48.003982 /PROF/CPU0/EM/REMTotal                             0 times
00:00:48.003985 /PROF/CPU0/EM/RecordedExits                      455 times
00:00:48.003987 /PROF/CPU0/EM/Total                        633516679 ticks/call (   633516679 ticks,       1 calls, max 633516679, min 633516679)
00:00:48.003990 /PROF/CPU0/VM/Halt/Block                           0 ns/call (           0 ns,       0 calls, max         0, min      -1)
00:00:48.003993 /PROF/CPU0/VM/Halt/BlockInsomnia                   0 ns/call (           0 ns,       0 calls, max         0, min      -1)
00:00:48.003996 /PROF/CPU0/VM/Halt/BlockOnTime                     0 ns/call (           0 ns,       0 calls, max         0, min      -1)
00:00:48.003999 /PROF/CPU0/VM/Halt/BlockOverslept                  0 ns/call (           0 ns,       0 calls, max         0, min      -1)
00:00:48.004002 /PROF/CPU0/VM/Halt/R0HaltBlock                     0 ns/call (           0 ns,       0 calls, max         0, min      -1)
00:00:48.004005 /PROF/CPU0/VM/Halt/R0HaltBlockInsomnia             0 ns/call (           0 ns,       0 calls, max         0, min      -1)
00:00:48.004008 /PROF/CPU0/VM/Halt/R0HaltBlockOnTime               0 ns/call (           0 ns,       0 calls, max         0, min      -1)
00:00:48.004011 /PROF/CPU0/VM/Halt/R0HaltBlockOverslept            0 ns/call (           0 ns,       0 calls, max         0, min      -1)
00:00:48.004014 /PROF/CPU0/VM/Halt/R0HaltExec                      0 times
00:00:48.004017 /PROF/CPU0/VM/Halt/R0HaltExec/FromBlock            0 times
00:00:48.004019 /PROF/CPU0/VM/Halt/R0HaltExec/FromSpin             0 times
00:00:48.004022 /PROF/CPU0/VM/Halt/R0HaltHistoryCounter            0 times
00:00:48.004024 /PROF/CPU0/VM/Halt/R0HaltHistorySucceeded          0 times
00:00:48.004027 /PROF/CPU0/VM/Halt/R0HaltHistoryToRing3            0 times
00:00:48.004029 /PROF/CPU0/VM/Halt/R0HaltToR3                      0 times
00:00:48.004031 /PROF/CPU0/VM/Halt/R0HaltToR3/FromSpin             0 times
00:00:48.004035 /PROF/CPU0/VM/Halt/R0HaltToR3/Other                0 times
00:00:48.004037 /PROF/CPU0/VM/Halt/R0HaltToR3/PendingFF            0 times
00:00:48.004040 /PROF/CPU0/VM/Halt/R0HaltToR3/PostWaitNoInt         0 times
00:00:48.004042 /PROF/CPU0/VM/Halt/R0HaltToR3/PostWaitPendingFF         0 times
00:00:48.004044 /PROF/CPU0/VM/Halt/R0HaltToR3/SmallDelta           0 times
00:00:48.004047 /PROF/CPU0/VM/Halt/Timers                          0 ns/call (           0 ns,       0 calls, max         0, min      -1)
00:00:48.004049 /PROF/CPU0/VM/Halt/Yield                           0 ns/call (           0 ns,       0 calls, max         0, min      -1)
00:00:48.004053 /PROF/CPU1/EM/Capped                               0 ticks/call (           0 ticks,       0 calls, max         0, min      -1)
00:00:48.004056 /PROF/CPU1/EM/ForcedActions                       13 times
00:00:48.004059 /PROF/CPU1/EM/HMExec                               0 ticks/call (           0 ticks,       0 calls, max         0, min      -1)
00:00:48.004062 /PROF/CPU1/EM/HMExecuteCalled                      0 times
00:00:48.004065 /PROF/CPU1/EM/Halted                               0 times
00:00:48.004067 /PROF/CPU1/EM/NEMExec                       19788665 ticks/call (   633237303 ticks,      32 calls, max  38650103, min  183475)
00:00:48.004071 /PROF/CPU1/EM/NEMExecuteCalled                     1 times
00:00:48.004074 /PROF/CPU1/EM/REMTotal                             0 times
00:00:48.004076 /PROF/CPU1/EM/RecordedExits                        0 times
00:00:48.004078 /PROF/CPU1/EM/Total                        633513946 ticks/call (   633513946 ticks,       1 calls, max 633513946, min 633513946)
00:00:48.004081 /PROF/CPU1/VM/Halt/Block                           0 ns/call (           0 ns,       0 calls, max         0, min      -1)
00:00:48.004084 /PROF/CPU1/VM/Halt/BlockInsomnia                   0 ns/call (           0 ns,       0 calls, max         0, min      -1)
00:00:48.004087 /PROF/CPU1/VM/Halt/BlockOnTime                     0 ns/call (           0 ns,       0 calls, max         0, min      -1)
00:00:48.004089 /PROF/CPU1/VM/Halt/BlockOverslept                  0 ns/call (           0 ns,       0 calls, max         0, min      -1)
00:00:48.004092 /PROF/CPU1/VM/Halt/R0HaltBlock                     0 ns/call (           0 ns,       0 calls, max         0, min      -1)
00:00:48.004095 /PROF/CPU1/VM/Halt/R0HaltBlockInsomnia             0 ns/call (           0 ns,       0 calls, max         0, min      -1)
00:00:48.004097 /PROF/CPU1/VM/Halt/R0HaltBlockOnTime               0 ns/call (           0 ns,       0 calls, max         0, min      -1)
00:00:48.004100 /PROF/CPU1/VM/Halt/R0HaltBlockOverslept            0 ns/call (           0 ns,       0 calls, max         0, min      -1)
00:00:48.004102 /PROF/CPU1/VM/Halt/R0HaltExec                      0 times
00:00:48.004105 /PROF/CPU1/VM/Halt/R0HaltExec/FromBlock            0 times
00:00:48.004108 /PROF/CPU1/VM/Halt/R0HaltExec/FromSpin             0 times
00:00:48.004110 /PROF/CPU1/VM/Halt/R0HaltHistoryCounter            0 times
00:00:48.004112 /PROF/CPU1/VM/Halt/R0HaltHistorySucceeded          0 times
00:00:48.004115 /PROF/CPU1/VM/Halt/R0HaltHistoryToRing3            0 times
00:00:48.004117 /PROF/CPU1/VM/Halt/R0HaltToR3                      0 times
00:00:48.004119 /PROF/CPU1/VM/Halt/R0HaltToR3/FromSpin             0 times
00:00:48.004122 /PROF/CPU1/VM/Halt/R0HaltToR3/Other                0 times
00:00:48.004124 /PROF/CPU1/VM/Halt/R0HaltToR3/PendingFF            0 times
00:00:48.004126 /PROF/CPU1/VM/Halt/R0HaltToR3/PostWaitNoInt         0 times
00:00:48.004128 /PROF/CPU1/VM/Halt/R0HaltToR3/PostWaitPendingFF         0 times
00:00:48.004131 /PROF/CPU1/VM/Halt/R0HaltToR3/SmallDelta           0 times
00:00:48.004133 /PROF/CPU1/VM/Halt/Timers                          0 ns/call (           0 ns,       0 calls, max         0, min      -1)
00:00:48.004136 /PROF/CPU1/VM/Halt/Yield                           0 ns/call (           0 ns,       0 calls, max         0, min      -1)
00:00:48.004140 /PROF/CPU2/EM/Capped                               0 ticks/call (           0 ticks,       0 calls, max         0, min      -1)
00:00:48.004143 /PROF/CPU2/EM/ForcedActions                        5 times
00:00:48.004145 /PROF/CPU2/EM/HMExec                               0 ticks/call (           0 ticks,       0 calls, max         0, min      -1)
00:00:48.004148 /PROF/CPU2/EM/HMExecuteCalled                      0 times
00:00:48.004151 /PROF/CPU2/EM/Halted                               0 times
00:00:48.004153 /PROF/CPU2/EM/NEMExec                       52770805 ticks/call (   633249665 ticks,      12 calls, max 230600721, min  228901)
00:00:48.004156 /PROF/CPU2/EM/NEMExecuteCalled                     1 times
00:00:48.004158 /PROF/CPU2/EM/REMTotal                             0 times
00:00:48.004160 /PROF/CPU2/EM/RecordedExits                        0 times
00:00:48.004163 /PROF/CPU2/EM/Total                        633515323 ticks/call (   633515323 ticks,       1 calls, max 633515323, min 633515323)
00:00:48.004166 /PROF/CPU2/VM/Halt/Block                           0 ns/call (           0 ns,       0 calls, max         0, min      -1)
00:00:48.004169 /PROF/CPU2/VM/Halt/BlockInsomnia                   0 ns/call (           0 ns,       0 calls, max         0, min      -1)
00:00:48.004172 /PROF/CPU2/VM/Halt/BlockOnTime                     0 ns/call (           0 ns,       0 calls, max         0, min      -1)
00:00:48.004174 /PROF/CPU2/VM/Halt/BlockOverslept                  0 ns/call (           0 ns,       0 calls, max         0, min      -1)
00:00:48.004177 /PROF/CPU2/VM/Halt/R0HaltBlock                     0 ns/call (           0 ns,       0 calls, max         0, min      -1)
00:00:48.004179 /PROF/CPU2/VM/Halt/R0HaltBlockInsomnia             0 ns/call (           0 ns,       0 calls, max         0, min      -1)
00:00:48.004182 /PROF/CPU2/VM/Halt/R0HaltBlockOnTime               0 ns/call (           0 ns,       0 calls, max         0, min      -1)
00:00:48.004185 /PROF/CPU2/VM/Halt/R0HaltBlockOverslept            0 ns/call (           0 ns,       0 calls, max         0, min      -1)
00:00:48.004187 /PROF/CPU2/VM/Halt/R0HaltExec                      0 times
00:00:48.004189 /PROF/CPU2/VM/Halt/R0HaltExec/FromBlock            0 times
00:00:48.004192 /PROF/CPU2/VM/Halt/R0HaltExec/FromSpin             0 times
00:00:48.004194 /PROF/CPU2/VM/Halt/R0HaltHistoryCounter            0 times
00:00:48.004197 /PROF/CPU2/VM/Halt/R0HaltHistorySucceeded          0 times
00:00:48.004199 /PROF/CPU2/VM/Halt/R0HaltHistoryToRing3            0 times
00:00:48.004202 /PROF/CPU2/VM/Halt/R0HaltToR3                      0 times
00:00:48.004204 /PROF/CPU2/VM/Halt/R0HaltToR3/FromSpin             0 times
00:00:48.004207 /PROF/CPU2/VM/Halt/R0HaltToR3/Other                0 times
00:00:48.004209 /PROF/CPU2/VM/Halt/R0HaltToR3/PendingFF            0 times
00:00:48.004211 /PROF/CPU2/VM/Halt/R0HaltToR3/PostWaitNoInt         0 times
00:00:48.004214 /PROF/CPU2/VM/Halt/R0HaltToR3/PostWaitPendingFF         0 times
00:00:48.004217 /PROF/CPU2/VM/Halt/R0HaltToR3/SmallDelta           0 times
00:00:48.004219 /PROF/CPU2/VM/Halt/Timers                          0 ns/call (           0 ns,       0 calls, max         0, min      -1)
00:00:48.004222 /PROF/CPU2/VM/Halt/Yield                           0 ns/call (           0 ns,       0 calls, max         0, min      -1)
00:00:48.004225 /Public/NetAdapter/0/BytesReceived                 0 bytes
00:00:48.004227 /Public/NetAdapter/0/BytesTransmitted              0 bytes
00:00:48.004230 /Public/NetAdapter/0/e1000                         0 
00:00:48.004233 /Public/Storage/VIRTIO-SCSI0/Port0/QueryBufAttempts         0 count
00:00:48.004236 /Public/Storage/VIRTIO-SCSI0/Port0/QueryBufSuccess         0 count
00:00:48.004239 /Public/Storage/VIRTIO-SCSI0/Port1/QueryBufAttempts         0 count
00:00:48.004241 /Public/Storage/VIRTIO-SCSI0/Port1/QueryBufSuccess         0 count
00:00:48.004244 /TM/CPU/00/cNsExecuting                    32748637684 ns
00:00:48.004265 /TM/CPU/00/cNsHalted                               0 ns
00:00:48.004268 /TM/CPU/00/cNsOther                        247148782 ns
00:00:48.004271 /TM/CPU/00/cNsTotal                        32995786466 ns
00:00:48.004274 /TM/CPU/00/cPeriodsExecuting                    2101 count
00:00:48.004276 /TM/CPU/00/cPeriodsHalted                          0 count
00:00:48.004280 /TM/CPU/00/pctExecuting                           99 %
00:00:48.004282 /TM/CPU/00/pctHalted                               0 %
00:00:48.004284 /TM/CPU/00/pctOther                                0 %
00:00:48.004287 /TM/CPU/01/cNsExecuting                    32977907840 ns
00:00:48.004289 /TM/CPU/01/cNsHalted                               0 ns
00:00:48.004292 /TM/CPU/01/cNsOther                         17614316 ns
00:00:48.004295 /TM/CPU/01/cNsTotal                        32995522156 ns
00:00:48.004297 /TM/CPU/01/cPeriodsExecuting                      38 count
00:00:48.004300 /TM/CPU/01/cPeriodsHalted                          0 count
00:00:48.004302 /TM/CPU/01/pctExecuting                           97 %
00:00:48.004304 /TM/CPU/01/pctHalted                               0 %
00:00:48.004307 /TM/CPU/01/pctOther                                2 %
00:00:48.004309 /TM/CPU/02/cNsExecuting                    32979887006 ns
00:00:48.004312 /TM/CPU/02/cNsHalted                               0 ns
00:00:48.004315 /TM/CPU/02/cNsOther                         15710644 ns
00:00:48.004317 /TM/CPU/02/cNsTotal                        32995597650 ns
00:00:48.004319 /TM/CPU/02/cPeriodsExecuting                      38 count
00:00:48.004322 /TM/CPU/02/cPeriodsHalted                          0 count
00:00:48.004325 /TM/CPU/02/pctExecuting                           97 %
00:00:48.004327 /TM/CPU/02/pctHalted                               0 %
00:00:48.004330 /TM/CPU/02/pctOther                                2 %
00:00:48.004332 /TM/CPU/pctExecuting                              98 %
00:00:48.004335 /TM/CPU/pctHalted                                  0 %
00:00:48.004337 /TM/CPU/pctOther                                   1 %
00:00:48.004340 /TM/MaxHzHint                                      0 Hz
00:00:48.004342 /TM/MaxHzHint/real                                 0 Hz
00:00:48.004346 /TM/MaxHzHint/tsc                                  0 Hz
00:00:48.004348 /TM/MaxHzHint/virtual                              0 Hz
00:00:48.004350 /TM/MaxHzHint/virtual_sync                         0 Hz
00:00:48.004353 /TM/R3/1nsSteps                                    4 times
00:00:48.004355 /TM/TSC/offCPU0                                    0 ticks
00:00:48.004358 /TM/TSC/offCPU1                                    0 ticks
00:00:48.004360 /TM/TSC/offCPU2                                    0 ticks
00:00:48.004363 /TM/VirtualSync/CurrentOffset                      0 ns
00:00:48.004379 /VMM/EmtHashCollisions/Emt00                       0 times
00:00:48.004381 /VMM/EmtHashCollisions/Emt01                       0 times
00:00:48.004384 /VMM/EmtHashCollisions/Emt02                       1 times
00:00:48.004386 /VMM/LogFlush/00-Flushes                           0 times
00:00:48.004389 /VMM/LogFlush/00-NoWakups                          0 times
00:00:48.004393 /VMM/LogFlush/CPU0/Rel/cbBuf                    4096 bytes
00:00:48.004397 /VMM/LogFlush/CPU1/Rel/cbBuf                    4096 bytes
00:00:48.004400 /VMM/LogFlush/CPU2/Rel/cbBuf                    4096 bytes
00:00:48.004403 /VUSB/0/cUrbsInPool                                0 count
00:00:48.004406 /VUSB/1/cUrbsInPool                                0 count
00:00:48.004410 ********************* End of statistics **********************
00:00:48.004882 VUSB: Detached 'HidKeyboard' from port 1 on RootHub#1
00:00:48.005092 VUSB: Detached 'HidMouse' from port 2 on RootHub#1
00:00:48.009465 E1000#0: Interrupt attempts: 0
00:00:48.009478 E1000#0: Interrupts raised : 0
00:00:48.009480 E1000#0: Interrupts lowered: 0
00:00:48.009483 E1000#0: ICR outside ISR   : 0
00:00:48.009485 E1000#0: IMS raised ints   : 0
00:00:48.009491 E1000#0: Interrupts skipped: 0
00:00:48.009495 E1000#0: Masked interrupts : 0
00:00:48.009497 E1000#0: Early interrupts  : 0
00:00:48.009499 E1000#0: Late interrupts   : 0
00:00:48.009501 E1000#0: Lost interrupts   : 0
00:00:48.009503 E1000#0: Interrupts by RX  : 0
00:00:48.009506 E1000#0: Interrupts by TX  : 0
00:00:48.009508 E1000#0: Interrupts by ICS : 0
00:00:48.009510 E1000#0: Interrupts by RDTR: 0
00:00:48.009512 E1000#0: Interrupts by RDMT: 0
00:00:48.009514 E1000#0: Interrupts by TXQE: 0
00:00:48.009516 E1000#0: TX int delay asked: 0
00:00:48.009518 E1000#0: TX delayed:         0
00:00:48.009520 E1000#0: TX delay expired:   0
00:00:48.009523 E1000#0: TX no report asked: 0
00:00:48.009525 E1000#0: TX abs timer expd : 0
00:00:48.009527 E1000#0: TX int timer expd : 0
00:00:48.009529 E1000#0: RX abs timer expd : 0
00:00:48.009531 E1000#0: RX int timer expd : 0
00:00:48.009533 E1000#0: TX CTX descriptors: 0
00:00:48.009535 E1000#0: TX DAT descriptors: 0
00:00:48.009538 E1000#0: TX LEG descriptors: 0
00:00:48.009540 E1000#0: Received frames   : 0
00:00:48.009542 E1000#0: Transmitted frames: 0
00:00:48.009545 E1000#0: TX frames up to 1514: 0
00:00:48.009547 E1000#0: TX frames up to 2962: 0
00:00:48.009549 E1000#0: TX frames up to 4410: 0
00:00:48.009551 E1000#0: TX frames up to 5858: 0
00:00:48.009553 E1000#0: TX frames up to 7306: 0
00:00:48.009555 E1000#0: TX frames up to 8754: 0
00:00:48.009557 E1000#0: TX frames up to 16384: 0
00:00:48.009560 E1000#0: TX frames up to 32768: 0
00:00:48.009562 E1000#0: Larger TX frames    : 0
00:00:48.009564 E1000#0: Max TX Delay        : 0
00:00:48.011575 NEM: Destroying partition 0000018809bfd690 with its 3 VCpus...
00:00:48.136015 vmmR3LogFlusher: Terminating (VERR_OBJECT_DESTROYED)
00:00:48.136343 Changing the VM state from 'DESTROYING' to 'TERMINATED'
00:00:48.136360 Console: Machine state changed to 'PoweredOff'
00:00:52.299134 GUI: Request for async QApp quit.
00:00:52.302259 GUI: Cannot notify guest about VM window out-of-focus event
00:00:52.342825 GUI: UICommon: Handling aboutToQuit request..
00:01:51.541228 ERROR [COM]: aRC=E_ACCESSDENIED (0x80070005) aIID={6ac83d89-6ee7-4e33-8ae6-b257b2e81be8} aComponent={ConsoleWrap} aText={The object is not ready}, preserve=false aResultDetail=0
