00:00:00.801604 VirtualBox VM 7.2.14 r174565 win.arm64 (Jul 17 2026 17:52:38) release log
00:00:00.801607 Log opened 2026-07-29T21:27:16.223851800Z
00:00:00.801607 Build Type: release
00:00:00.801609 OS Product: Windows 11
00:00:00.801680 OS Release: 10.0.26200.8875
00:00:00.801680 OS Service Pack: 
00:00:00.841135 DMI Product Name: Galaxy Book4 Edge
00:00:00.843579 DMI Product Version: 1.0
00:00:00.843594 Firmware type: UEFI
00:00:00.843862 Secure Boot: Enabled
00:00:00.843866 Host RAM: 15973MB (15.5GB) total, 4455MB (4.3GB) available
00:00:00.843867 Executable: C:\Program Files\Oracle\VirtualBox\VirtualBoxVM.exe
00:00:00.843868 Process ID: 26836
00:00:00.843868 Package type: WINDOWS_ARM64_GENERIC
00:00:00.843868 Windows Features:
00:00:00.843868   Core Isolation (Memory Integrity): DISABLED
00:00:00.844427 Installed Extension Packs:
00:00:00.844437   None installed!
00:00:00.844794 Console: Machine state changed to 'Starting'
00:00:00.844907 GUI: Qt version: 6.8.0
00:00:00.844911 GUI: HID LEDs sync is enabled
00:00:00.848891 GUI: UIMediumEnumerator: Medium-enumeration finished!
00:00:00.870110 SUP: seg #0: R   0x00000000 LB 0x00001000
00:00:00.870110 SUP: seg #1: R X 0x00001000 LB 0x00011000
00:00:00.870110 SUP: seg #2: R   0x00012000 LB 0x00005000
00:00:00.870110 SUP: seg #3: RW  0x00017000 LB 0x00001000
00:00:00.870110 SUP: seg #4: R   0x00018000 LB 0x00002000
00:00:00.870110 SUP: seg #5: R X 0x0001a000 LB 0x00001000
00:00:00.870110 SUP: seg #6: R   0x0001b000 LB 0x00002000
00:00:00.870110 SUP: Loaded VMMR0.r0 (C:\Program Files\Oracle\VirtualBox/VMMR0.r0) at 0xXXXXXXXXXXXXXXXX - ModuleInit at XXXXXXXXXXXXXXXX and ModuleTerm at XXXXXXXXXXXXXXXX using the native ring-0 loader
00:00:00.870110 SUP: VMMR0EntryEx located at XXXXXXXXXXXXXXXX and VMMR0EntryFast at XXXXXXXXXXXXXXXX
00:00:00.870110 SUP: windbg> .reload /f C:\Program Files\Oracle\VirtualBox/VMMR0.r0=0xXXXXXXXXXXXXXXXX
00:00:00.878692 Guest architecture: ARM
00:00:00.878730 Guest OS type: 'Ubuntu_arm64'
00:00:00.880478 File system of 'C:\Users\rakhi\OneDrive\Desktop\Extra coding stuff\Astra\Astra.vdi' is ntfs
00:00:00.880809 File system of 'C:\Users\rakhi\Downloads\kali-linux-2026.2-installer-arm64.iso' (DVD) is ntfs
00:00:00.885652 Shared Clipboard: Initialized OLE
00:00:00.885705 Shared Clipboard: Service loaded
00:00:00.885715 Shared Clipboard: Mode: Off
00:00:00.885771 Shared Clipboard: Service running in normal mode
00:00:00.886693 Drag and drop service loaded
00:00:00.886698 Drag and drop mode: Off
00:00:00.887075 Audio: Detected default audio driver type is 'HostAudioWas'
00:00:00.888649 Memory Regions:
00:00:00.888655     0000000000000000 - 0000000003ffffff (67108864) ROM  firmware
00:00:00.888659     0000000004000000 - 0000000007ffffff (67108864) MMIO flash
00:00:00.888661     0000000008000000 - 00000000dfffffff (3623878656) RAM  RAM Base
00:00:00.888663     00000000e0000000 - 00000000efffffff (268435456) MMIO pci-mmio32
00:00:00.888666     00000000f0000000 - 00000000fcd1ffff (215089152) FREE Free
00:00:00.888668     00000000fcd20000 - 00000000fcd2ffff (65536) MMIO pci-pio
00:00:00.888670     00000000fcd30000 - 00000000fed3ffff (33619968) MMIO gic
00:00:00.888672     00000000fed40000 - 00000000fed45fff (24576) MMIO tpm
00:00:00.888675     00000000fed46000 - 00000000fedddfff (622592) FREE Free
00:00:00.888677     00000000fedde000 - 00000000ffdddfff (16777216) MMIO pci-ecam
00:00:00.888679     00000000ffdde000 - 00000000ffddefff (4096) MMIO arm-pl061-gpio
00:00:00.888681     00000000ffddf000 - 00000000ffddffff (4096) MMIO arm-pl031-rtc
00:00:00.888683     00000000ffde0000 - 00000000ffdfffff (131072) MMIO gic-its
00:00:00.888686     00000000ffe00000 - 00000000ffffffff (2097152) ROM  platform-tables
00:00:00.888688     0000000100000000 - 0000000121ffffff (570425344) RAM  RAM High
00:00:00.888690     0000000122000000 - 00000001a1ffffff (2147483648) MMIO pci-mmio
00:00:00.888692     00000001a2000000 - ffffffffffffffff (18446744066696675328) FREE Free
00:00:00.888815 ERROR [COM]: aRC=VBOX_E_IPRT_ERROR (0x80bb0005) aIID={6ac83d89-6ee7-4e33-8ae6-b257b2e81be8} aComponent={ConsoleWrap} aText={The VBoxGuestPropSvc service call failed with the error VERR_HGCM_SERVICE_NOT_FOUND}, preserve=false aResultDetail=-2900
00:00:00.888937 ************************* CFGM dump *************************
00:00:00.888942 [/] (level 0)
00:00:00.888943   CpuExecutionCap <integer> = 0x0000000000000064 (100)
00:00:00.888944   Name            <string>  = "Astra" (cb=6)
00:00:00.888944   NumCPUs         <integer> = 0x0000000000000003 (3)
00:00:00.888945   TimerMillies    <integer> = 0x000000000000000a (10)
00:00:00.888945   UUID            <bytes>   = "ea f7 d8 a7 41 b1 2c 42 88 4b c5 52 d7 a0 e0 f1" (cb=16)
00:00:00.888947 
00:00:00.888947 [/CPUM/] (level 1)
00:00:00.888947   GicArchRev   <integer> = 0x0000000000000003 (3)
00:00:00.888947   NestedHWVirt <integer> = 0x0000000000000000 (0)
00:00:00.888948 
00:00:00.888948 [/DBGC/] (level 1)
00:00:00.888948   GlobalInitScript <string>  = "C:\Users\rakhi\.VirtualBox/dbgc-init" (cb=37)
00:00:00.888949   HistoryFile      <string>  = "C:\Users\rakhi\.VirtualBox/dbgc-history" (cb=40)
00:00:00.888949   LocalInitScript  <string>  = "C:\Users\rakhi\OneDrive\Desktop\Extra coding stuff\Astra/dbgc-init" (cb=67)
00:00:00.888949 
00:00:00.888949 [/DBGF/] (level 1)
00:00:00.888950   Path <string>  = "C:\Users\rakhi\OneDrive\Desktop\Extra coding stuff\Astra/debug/;C:\Users\rakhi\OneDrive\Desktop\Extra coding stuff\Astra/;cache*C:\Users\rakhi\OneDrive\Desktop\Extra coding stuff\Astra/dbgcache/;C:\Users\rakhi\" (cb=211)
00:00:00.888950 
00:00:00.888950 [/Devices/] (level 1)
00:00:00.888951 
00:00:00.888951 [/Devices/3c501/] (level 2)
00:00:00.888951 
00:00:00.888951 [/Devices/VMMDev/] (level 2)
00:00:00.888952 
00:00:00.888952 [/Devices/VMMDev/0/] (level 3)
00:00:00.888952   PCIBusNo      <integer> = 0x0000000000000000 (0)
00:00:00.888953   PCIDeviceNo   <integer> = 0x0000000000000001 (1)
00:00:00.888953   PCIFunctionNo <integer> = 0x0000000000000000 (0)
00:00:00.888953   Trusted       <integer> = 0x0000000000000001 (1)
00:00:00.888953 
00:00:00.888954 [/Devices/VMMDev/0/Config/] (level 4)
00:00:00.888954   GuestCoreDumpDir <string>  = "C:\Users\rakhi\OneDrive\Desktop\Extra coding stuff\Astra\Snapshots" (cb=67)
00:00:00.888954   MmioReq          <integer> = 0x0000000000000001 (1)
00:00:00.888955 
00:00:00.888955 [/Devices/VMMDev/0/LUN#0/] (level 4)
00:00:00.888955   Driver <string>  = "HGCM" (cb=5)
00:00:00.888956 
00:00:00.888956 [/Devices/VMMDev/0/LUN#0/Config/] (level 5)
00:00:00.888956 
00:00:00.888956 [/Devices/VMMDev/0/LUN#999/] (level 4)
00:00:00.888957   Driver <string>  = "MainStatus" (cb=11)
00:00:00.888957 
00:00:00.888957 [/Devices/VMMDev/0/LUN#999/Config/] (level 5)
00:00:00.888958   First                <integer> = 0x0000000000000000 (0)
00:00:00.888958   HasMediumAttachments <integer> = 0x0000000000000000 (0)
00:00:00.888958   Last                 <integer> = 0x0000000000000000 (0)
00:00:00.888959   iLedSet              <integer> = 0x0000000000000004 (4)
00:00:00.888959 
00:00:00.888959 [/Devices/arm-pl011/] (level 2)
00:00:00.888960 
00:00:00.888960 [/Devices/arm-pl031-rtc/] (level 2)
00:00:00.888960 
00:00:00.888960 [/Devices/arm-pl031-rtc/0/] (level 3)
00:00:00.888961 
00:00:00.888961 [/Devices/arm-pl031-rtc/0/Config/] (level 4)
00:00:00.888962   Irq       <integer> = 0x0000000000000000 (0)
00:00:00.888962   MmioBase  <integer> = 0x00000000ffddf000 (4 292 734 976)
00:00:00.888963   UtcOffset <integer> = 0x0000000000000001 (1)
00:00:00.888963 
00:00:00.888963 [/Devices/arm-pl061-gpio/] (level 2)
00:00:00.888963 
00:00:00.888963 [/Devices/arm-pl061-gpio/0/] (level 3)
00:00:00.888964 
00:00:00.888964 [/Devices/arm-pl061-gpio/0/Config/] (level 4)
00:00:00.888965   Irq      <integer> = 0x0000000000000001 (1)
00:00:00.888965   MmioBase <integer> = 0x00000000ffdde000 (4 292 730 880)
00:00:00.888965 
00:00:00.888965 [/Devices/arm-pl061-gpio/0/LUN#0/] (level 4)
00:00:00.888966   Driver <string>  = "GpioButton" (cb=11)
00:00:00.888966 
00:00:00.888966 [/Devices/arm-pl061-gpio/0/LUN#0/Config/] (level 5)
00:00:00.888967   PowerButtonGpio <integer> = 0x0000000000000003 (3)
00:00:00.888967   SleepButtonGpio <integer> = 0x0000000000000004 (4)
00:00:00.888968 
00:00:00.888968 [/Devices/dp8390/] (level 2)
00:00:00.888968 
00:00:00.888968 [/Devices/e1000/] (level 2)
00:00:00.888968 
00:00:00.888969 [/Devices/e1000/0/] (level 3)
00:00:00.888969   PCIBusNo      <integer> = 0x0000000000000000 (0)
00:00:00.888970   PCIDeviceNo   <integer> = 0x0000000000000008 (8)
00:00:00.888970   PCIFunctionNo <integer> = 0x0000000000000000 (0)
00:00:00.888970   Trusted       <integer> = 0x0000000000000001 (1)
00:00:00.888970 
00:00:00.888970 [/Devices/e1000/0/Config/] (level 4)
00:00:00.888971   AdapterType    <integer> = 0x0000000000000000 (0)
00:00:00.888971   CableConnected <integer> = 0x0000000000000001 (1)
00:00:00.888972   LineSpeed      <integer> = 0x0000000000000000 (0)
00:00:00.888972   MAC            <bytes>   = "08 00 27 59 4f 9e" (cb=6)
00:00:00.888973 
00:00:00.888973 [/Devices/e1000/0/LUN#0/] (level 4)
00:00:00.888973   Driver <string>  = "NAT" (cb=4)
00:00:00.888973 
00:00:00.888973 [/Devices/e1000/0/LUN#0/Config/] (level 5)
00:00:00.888974   AliasMode          <integer> = 0x0000000000000000 (0)
00:00:00.888974   DNSProxy           <integer> = 0x0000000000000000 (0)
00:00:00.888975   EnableTFTP         <integer> = 0x0000000000000000 (0)
00:00:00.888975   ForwardBroadcast   <integer> = 0x0000000000000000 (0)
00:00:00.888975   LocalhostReachable <integer> = 0x0000000000000001 (1)
00:00:00.888976   Network            <string>  = "10.0.2.0/24" (cb=12)
00:00:00.888976   PassDomain         <integer> = 0x0000000000000001 (1)
00:00:00.888976   UseHostResolver    <integer> = 0x0000000000000000 (0)
00:00:00.888977 
00:00:00.888977 [/Devices/e1000/0/LUN#999/] (level 4)
00:00:00.888977   Driver <string>  = "MainStatus" (cb=11)
00:00:00.888977 
00:00:00.888977 [/Devices/e1000/0/LUN#999/Config/] (level 5)
00:00:00.888978   First                <integer> = 0x0000000000000000 (0)
00:00:00.888978   HasMediumAttachments <integer> = 0x0000000000000000 (0)
00:00:00.888979   Last                 <integer> = 0x0000000000000000 (0)
00:00:00.888979   iLedSet              <integer> = 0x0000000000000003 (3)
00:00:00.888979 
00:00:00.888979 [/Devices/flash-cfi/] (level 2)
00:00:00.888980 
00:00:00.888980 [/Devices/flash-cfi/0/] (level 3)
00:00:00.888980 
00:00:00.888980 [/Devices/flash-cfi/0/Config/] (level 4)
00:00:00.888981   BaseAddress <integer> = 0x0000000004000000 (67 108 864)
00:00:00.888982   FlashFile   <string>  = "nvram" (cb=6)
00:00:00.888982   Size        <integer> = 0x00000000000c0000 (786 432, 768.0 KiB)
00:00:00.888984 
00:00:00.888984 [/Devices/flash-cfi/0/LUN#0/] (level 4)
00:00:00.888985   Driver <string>  = "NvramStore" (cb=11)
00:00:00.888985 
00:00:00.888986 [/Devices/gic-nem/] (level 2)
00:00:00.888986 
00:00:00.888986 [/Devices/gic-nem/0/] (level 3)
00:00:00.888987   Trusted <integer> = 0x0000000000000001 (1)
00:00:00.888987 
00:00:00.888987 [/Devices/gic-nem/0/Config/] (level 4)
00:00:00.888987   ArchRev               <integer> = 0x0000000000000003 (3)
00:00:00.888988   DistributorMmioBase   <integer> = 0x00000000fcd30000 (4 241 686 528)
00:00:00.888988   RedistributorMmioBase <integer> = 0x00000000fcd40000 (4 241 752 064)
00:00:00.888989 
00:00:00.888989 [/Devices/hda/] (level 2)
00:00:00.888989 
00:00:00.888989 [/Devices/hda/0/] (level 3)
00:00:00.888990   PCIBusNo      <integer> = 0x0000000000000000 (0)
00:00:00.888990   PCIDeviceNo   <integer> = 0x0000000000000002 (2)
00:00:00.888990   PCIFunctionNo <integer> = 0x0000000000000000 (0)
00:00:00.888990   Trusted       <integer> = 0x0000000000000001 (1)
00:00:00.888991 
00:00:00.888991 [/Devices/hda/0/AudioConfig/] (level 4)
00:00:00.888991 
00:00:00.888991 [/Devices/hda/0/Config/] (level 4)
00:00:00.888992   DebugEnabled <integer> = 0x0000000000000000 (0)
00:00:00.888992 
00:00:00.888992 [/Devices/hda/0/LUN#0/] (level 4)
00:00:00.888993   Driver <string>  = "AUDIO" (cb=6)
00:00:00.888993 
00:00:00.888993 [/Devices/hda/0/LUN#0/AttachedDriver/] (level 5)
00:00:00.888993   Driver <string>  = "HostAudioWas" (cb=13)
00:00:00.888994 
00:00:00.888994 [/Devices/hda/0/LUN#0/AttachedDriver/Config/] (level 6)
00:00:00.888994   VmName <string>  = "Astra" (cb=6)
00:00:00.888995   VmUuid <string>  = "a7d8f7ea-b141-422c-884b-c552d7a0e0f1" (cb=37)
00:00:00.888995 
00:00:00.888995 [/Devices/hda/0/LUN#0/Config/] (level 5)
00:00:00.888995   DriverName    <string>  = "HostAudioWas" (cb=13)
00:00:00.888996   InputEnabled  <integer> = 0x0000000000000000 (0)
00:00:00.888996   OutputEnabled <integer> = 0x0000000000000001 (1)
00:00:00.888996 
00:00:00.888996 [/Devices/hda/0/LUN#1/] (level 4)
00:00:00.888997   Driver <string>  = "AUDIO" (cb=6)
00:00:00.888997 
00:00:00.888997 [/Devices/hda/0/LUN#2/] (level 4)
00:00:00.888998   Driver <string>  = "AUDIO" (cb=6)
00:00:00.888998 
00:00:00.888998 [/Devices/pci-generic-ecam/] (level 2)
00:00:00.888998 
00:00:00.888998 [/Devices/pci-generic-ecam/0/] (level 3)
00:00:00.888999 
00:00:00.888999 [/Devices/pci-generic-ecam/0/Config/] (level 4)
00:00:00.889000   IntPinA        <integer> = 0x0000000000000002 (2)
00:00:00.889000   IntPinB        <integer> = 0x0000000000000003 (3)
00:00:00.889000   IntPinC        <integer> = 0x0000000000000004 (4)
00:00:00.889001   IntPinD        <integer> = 0x0000000000000005 (5)
00:00:00.889001   MmioEcamBase   <integer> = 0x00000000fedde000 (4 275 953 664)
00:00:00.889001   MmioEcamLength <integer> = 0x0000000001000000 (16 777 216)
00:00:00.889002   MmioPioBase    <integer> = 0x00000000fcd20000 (4 241 620 992)
00:00:00.889002   MmioPioSize    <integer> = 0x0000000000010000 (65 536, 64.0 KiB)
00:00:00.889002 
00:00:00.889003 [/Devices/pci-generic-ecam-bridge/] (level 2)
00:00:00.889003 
00:00:00.889003 [/Devices/pci-generic-ecam-bridge/0/] (level 3)
00:00:00.889003 
00:00:00.889004 [/Devices/pci-generic-ecam-bridge/0/Config/] (level 4)
00:00:00.889004 
00:00:00.889004 [/Devices/pcnet/] (level 2)
00:00:00.889004 
00:00:00.889005 [/Devices/platform/] (level 2)
00:00:00.889005 
00:00:00.889005 [/Devices/platform/0/] (level 3)
00:00:00.889006 
00:00:00.889006 [/Devices/platform/0/Config/] (level 4)
00:00:00.889006   ResourceNamespace <string>  = "resources" (cb=10)
00:00:00.889007 
00:00:00.889007 [/Devices/platform/0/Config/Resources/] (level 5)
00:00:00.889007 
00:00:00.889007 [/Devices/platform/0/Config/Resources/ArmV8Desc/] (level 6)
00:00:00.889008   GCPhysLoadAddress <integer> = 0x00000000ffe00000 (4 292 870 144)
00:00:00.889008   RegisterAsRom     <integer> = 0x0000000000000001 (1)
00:00:00.889008   ResourceId        <string>  = "VBoxArmV8Desc" (cb=14)
00:00:00.889009 
00:00:00.889009 [/Devices/platform/0/Config/Resources/EfiRom/] (level 6)
00:00:00.889009   GCPhysLoadAddress <integer> = 0x0000000000000000 (0)
00:00:00.889010   RegisterAsRom     <integer> = 0x0000000000000001 (1)
00:00:00.889010   ResourceId        <string>  = "VBoxEFI-arm64.fd" (cb=17)
00:00:00.889010 
00:00:00.889010 [/Devices/platform/0/LUN#0/] (level 4)
00:00:00.889011   Driver <string>  = "ResourceStore" (cb=14)
00:00:00.889011 
00:00:00.889011 [/Devices/pmu/] (level 2)
00:00:00.889012 
00:00:00.889012 [/Devices/pmu/0/] (level 3)
00:00:00.889012   Trusted <integer> = 0x0000000000000001 (1)
00:00:00.889012 
00:00:00.889012 [/Devices/pmu/0/Config/] (level 4)
00:00:00.889013 
00:00:00.889013 [/Devices/usb-xhci/] (level 2)
00:00:00.889013 
00:00:00.889014 [/Devices/usb-xhci/0/] (level 3)
00:00:00.889014   PCIBusNo      <integer> = 0x0000000000000000 (0)
00:00:00.889015   PCIDeviceNo   <integer> = 0x0000000000000006 (6)
00:00:00.889015   PCIFunctionNo <integer> = 0x0000000000000000 (0)
00:00:00.889015   Trusted       <integer> = 0x0000000000000001 (1)
00:00:00.889015 
00:00:00.889015 [/Devices/usb-xhci/0/Config/] (level 4)
00:00:00.889016 
00:00:00.889016 [/Devices/usb-xhci/0/LUN#0/] (level 4)
00:00:00.889016   Driver <string>  = "VUSBRootHub" (cb=12)
00:00:00.889017 
00:00:00.889017 [/Devices/usb-xhci/0/LUN#0/Config/] (level 5)
00:00:00.889017 
00:00:00.889017 [/Devices/usb-xhci/0/LUN#1/] (level 4)
00:00:00.889018   Driver <string>  = "VUSBRootHub" (cb=12)
00:00:00.889018 
00:00:00.889018 [/Devices/usb-xhci/0/LUN#1/Config/] (level 5)
00:00:00.889019 
00:00:00.889019 [/Devices/usb-xhci/0/LUN#999/] (level 4)
00:00:00.889019   Driver <string>  = "MainStatus" (cb=11)
00:00:00.889019 
00:00:00.889019 [/Devices/usb-xhci/0/LUN#999/Config/] (level 5)
00:00:00.889020   First                <integer> = 0x0000000000000000 (0)
00:00:00.889021   HasMediumAttachments <integer> = 0x0000000000000000 (0)
00:00:00.889021   Last                 <integer> = 0x0000000000000001 (1)
00:00:00.889021   iLedSet              <integer> = 0x0000000000000001 (1)
00:00:00.889022 
00:00:00.889022 [/Devices/vga/] (level 2)
00:00:00.889022 
00:00:00.889022 [/Devices/vga/0/] (level 3)
00:00:00.889023   PCIBusNo      <integer> = 0x0000000000000000 (0)
00:00:00.889023   PCIDeviceNo   <integer> = 0x0000000000000000 (0)
00:00:00.889023   PCIFunctionNo <integer> = 0x0000000000000000 (0)
00:00:00.889023   Trusted       <integer> = 0x0000000000000001 (1)
00:00:00.889024 
00:00:00.889024 [/Devices/vga/0/Config/] (level 4)
00:00:00.889025   3DEnabled             <integer> = 0x0000000000000000 (0)
00:00:00.889025   CustomVideoModes      <integer> = 0x0000000000000000 (0)
00:00:00.889025   FadeIn                <integer> = 0x0000000000000001 (1)
00:00:00.889026   FadeOut               <integer> = 0x0000000000000001 (1)
00:00:00.889026   HeightReduction       <integer> = 0x0000000000000000 (0)
00:00:00.889026   LogoFile              <string>  = "" (cb=1)
00:00:00.889027   LogoTime              <integer> = 0x0000000000000000 (0)
00:00:00.889027   MonitorCount          <integer> = 0x0000000000000001 (1)
00:00:00.889027   ShowBootMenu          <integer> = 0x0000000000000002 (2)
00:00:00.889028   VMSVGA3dEnabled       <integer> = 0x0000000000000000 (0)
00:00:00.889028   VMSVGAEnabled         <integer> = 0x0000000000000001 (1)
00:00:00.889028   VMSVGAPciBarLayout    <integer> = 0x0000000000000001 (1)
00:00:00.889029   VMSVGAPciId           <integer> = 0x0000000000000001 (1)
00:00:00.889029   VRamSize              <integer> = 0x0000000008000000 (134 217 728, 128.0 MiB)
00:00:00.889030   VmSvga3               <integer> = 0x0000000000000001 (1)
00:00:00.889030   VmSvgaExposeLegacyVga <integer> = 0x0000000000000000 (0)
00:00:00.889030 
00:00:00.889030 [/Devices/vga/0/LUN#0/] (level 4)
00:00:00.889031   Driver <string>  = "MainDisplay" (cb=12)
00:00:00.889031 
00:00:00.889031 [/Devices/vga/0/LUN#0/Config/] (level 5)
00:00:00.889032 
00:00:00.889032 [/Devices/vga/0/LUN#999/] (level 4)
00:00:00.889032   Driver <string>  = "MainStatus" (cb=11)
00:00:00.889032 
00:00:00.889033 [/Devices/vga/0/LUN#999/Config/] (level 5)
00:00:00.889033   First                <integer> = 0x0000000000000000 (0)
00:00:00.889033   HasMediumAttachments <integer> = 0x0000000000000000 (0)
00:00:00.889034   Last                 <integer> = 0x0000000000000000 (0)
00:00:00.889034   iLedSet              <integer> = 0x0000000000000000 (0)
00:00:00.889034 
00:00:00.889034 [/Devices/virtio-net/] (level 2)
00:00:00.889035 
00:00:00.889035 [/Devices/virtio-scsi/] (level 2)
00:00:00.889035 
00:00:00.889035 [/Devices/virtio-scsi/0/] (level 3)
00:00:00.889036   PCIBusNo      <integer> = 0x0000000000000000 (0)
00:00:00.889036   PCIDeviceNo   <integer> = 0x0000000000000003 (3)
00:00:00.889037   PCIFunctionNo <integer> = 0x0000000000000000 (0)
00:00:00.889037   Trusted       <integer> = 0x0000000000000001 (1)
00:00:00.889037 
00:00:00.889037 [/Devices/virtio-scsi/0/Config/] (level 4)
00:00:00.889038   Bootable   <integer> = 0x0000000000000001 (1)
00:00:00.889038   NumTargets <integer> = 0x0000000000000002 (2)
00:00:00.889038 
00:00:00.889038 [/Devices/virtio-scsi/0/LUN#0/] (level 4)
00:00:00.889039   Driver <string>  = "SCSI" (cb=5)
00:00:00.889039 
00:00:00.889039 [/Devices/virtio-scsi/0/LUN#0/AttachedDriver/] (level 5)
00:00:00.889040   Driver <string>  = "VD" (cb=3)
00:00:00.889040 
00:00:00.889040 [/Devices/virtio-scsi/0/LUN#0/AttachedDriver/Config/] (level 6)
00:00:00.889041   BlockCache <integer> = 0x0000000000000001 (1)
00:00:00.889041   Format     <string>  = "VDI" (cb=4)
00:00:00.889041   Mountable  <integer> = 0x0000000000000000 (0)
00:00:00.889042   Path       <string>  = "C:\Users\rakhi\OneDrive\Desktop\Extra coding stuff\Astra\Astra.vdi" (cb=67)
00:00:00.889042   Type       <string>  = "HardDisk" (cb=9)
00:00:00.889042   UseNewIo   <integer> = 0x0000000000000001 (1)
00:00:00.889043 
00:00:00.889043 [/Devices/virtio-scsi/0/LUN#0/AttachedDriver/Config/VDConfig/] (level 7)
00:00:00.889043   AllocationBlockSize <string>  = "1048576" (cb=8)
00:00:00.889044 
00:00:00.889044 [/Devices/virtio-scsi/0/LUN#1/] (level 4)
00:00:00.889044   Driver <string>  = "SCSI" (cb=5)
00:00:00.889044 
00:00:00.889044 [/Devices/virtio-scsi/0/LUN#1/AttachedDriver/] (level 5)
00:00:00.889045   Driver <string>  = "VD" (cb=3)
00:00:00.889045 
00:00:00.889045 [/Devices/virtio-scsi/0/LUN#1/AttachedDriver/Config/] (level 6)
00:00:00.889046   Format    <string>  = "RAW" (cb=4)
00:00:00.889046   Mountable <integer> = 0x0000000000000001 (1)
00:00:00.889046   Path      <string>  = "C:\Users\rakhi\Downloads\kali-linux-2026.2-installer-arm64.iso" (cb=63)
00:00:00.889047   ReadOnly  <integer> = 0x0000000000000001 (1)
00:00:00.889047   Type      <string>  = "DVD" (cb=4)
00:00:00.889047   UseNewIo  <integer> = 0x0000000000000001 (1)
00:00:00.889048 
00:00:00.889048 [/Devices/virtio-scsi/0/LUN#999/] (level 4)
00:00:00.889048   Driver <string>  = "MainStatus" (cb=11)
00:00:00.889048 
00:00:00.889048 [/Devices/virtio-scsi/0/LUN#999/Config/] (level 5)
00:00:00.889049   DeviceInstance       <string>  = "virtio-scsi/0" (cb=14)
00:00:00.889049   First                <integer> = 0x0000000000000000 (0)
00:00:00.889050   HasMediumAttachments <integer> = 0x0000000000000001 (1)
00:00:00.889050   Last                 <integer> = 0x0000000000000001 (1)
00:00:00.889050   iLedSet              <integer> = 0x0000000000000002 (2)
00:00:00.889051 
00:00:00.889051 [/MM/] (level 1)
00:00:00.889051 
00:00:00.889051 [/MM/MemRegions/] (level 2)
00:00:00.889052 
00:00:00.889052 [/MM/MemRegions/Base/] (level 3)
00:00:00.889052   GCPhysStart <integer> = 0x0000000008000000 (134 217 728)
00:00:00.889053   Size        <integer> = 0x00000000d8000000 (3 623 878 656, 3.3 GiB)
00:00:00.889053 
00:00:00.889053 [/MM/MemRegions/High/] (level 3)
00:00:00.889054   GCPhysStart <integer> = 0x0000000100000000 (4 294 967 296)
00:00:00.889054   Size        <integer> = 0x0000000022000000 (570 425 344, 544.0 MiB)
00:00:00.889054 
00:00:00.889054 [/NEM/] (level 1)
00:00:00.889055   VTimerInterrupt <integer> = 0x000000000000000b (11)
00:00:00.889055 
00:00:00.889055 [/PDM/] (level 1)
00:00:00.889055 
00:00:00.889056 [/PDM/AsyncCompletion/] (level 2)
00:00:00.889056 
00:00:00.889056 [/PDM/AsyncCompletion/File/] (level 3)
00:00:00.889056 
00:00:00.889056 [/PDM/AsyncCompletion/File/BwGroups/] (level 4)
00:00:00.889057 
00:00:00.889057 [/PDM/BlkCache/] (level 2)
00:00:00.889057   CacheSize <integer> = 0x0000000000500000 (5 242 880, 5.0 MiB)
00:00:00.889058 
00:00:00.889058 [/PDM/Devices/] (level 2)
00:00:00.889058 
00:00:00.889058 [/PDM/Drivers/] (level 2)
00:00:00.889059 
00:00:00.889059 [/PDM/Drivers/VBoxC/] (level 3)
00:00:00.889059   Path <string>  = "VBoxC" (cb=6)
00:00:00.889060 
00:00:00.889060 [/PDM/NetworkShaper/] (level 2)
00:00:00.889060 
00:00:00.889060 [/PDM/NetworkShaper/BwGroups/] (level 3)
00:00:00.889060 
00:00:00.889061 [/USB/] (level 1)
00:00:00.889061 
00:00:00.889061 [/USB/HidKeyboard/] (level 2)
00:00:00.889061 
00:00:00.889061 [/USB/HidKeyboard/0/] (level 3)
00:00:00.889062 
00:00:00.889062 [/USB/HidKeyboard/0/Config/] (level 4)
00:00:00.889062 
00:00:00.889062 [/USB/HidKeyboard/0/LUN#0/] (level 4)
00:00:00.889063   Driver <string>  = "KeyboardQueue" (cb=14)
00:00:00.889063 
00:00:00.889063 [/USB/HidKeyboard/0/LUN#0/AttachedDriver/] (level 5)
00:00:00.889064   Driver <string>  = "MainKeyboard" (cb=13)
00:00:00.889064 
00:00:00.889064 [/USB/HidKeyboard/0/LUN#0/Config/] (level 5)
00:00:00.889065   QueueSize <integer> = 0x0000000000000040 (64, 64 B)
00:00:00.889065 
00:00:00.889065 [/USB/HidMouse/] (level 2)
00:00:00.889065 
00:00:00.889066 [/USB/HidMouse/0/] (level 3)
00:00:00.889066 
00:00:00.889066 [/USB/HidMouse/0/Config/] (level 4)
00:00:00.889066   Mode <string>  = "absolute" (cb=9)
00:00:00.889067 
00:00:00.889067 [/USB/HidMouse/0/LUN#0/] (level 4)
00:00:00.889067   Driver <string>  = "MouseQueue" (cb=11)
00:00:00.889067 
00:00:00.889068 [/USB/HidMouse/0/LUN#0/AttachedDriver/] (level 5)
00:00:00.889068   Driver <string>  = "MainMouse" (cb=10)
00:00:00.889068 
00:00:00.889068 [/USB/HidMouse/0/LUN#0/Config/] (level 5)
00:00:00.889069   QueueSize <integer> = 0x0000000000000080 (128, 128 B)
00:00:00.889069 
00:00:00.889069 [/USB/USBProxy/] (level 2)
00:00:00.889070 
00:00:00.889070 [/USB/USBProxy/GlobalConfig/] (level 3)
00:00:00.889070 
00:00:00.889070 ********************* End of CFGM dump **********************
00:00:00.889344 GUI: Cannot notify guest about VM window out-of-focus event
00:00:00.889689 NEM:  info: Found optional import WinHvPlatform.dll!WHvQueryGpaRangeDirtyBitmap.
00:00:00.891043 NEM: WHvCapabilityCodeHypervisorPresent is TRUE, so this might work...
00:00:00.891060 NEM: WHvCapabilityCodeExtendedVmExits      = 0x0000000000004c20
00:00:00.891064 NEM:                         fHypercallExit: 1
00:00:00.891067 NEM:                    fGpaAccessFaultExit: 1
00:00:00.891070 NEM: Warning! Unknown VM exit definitions: 0x4c20
00:00:00.891072 NEM: Warning! Unknown feature definitions: 0xad9
00:00:00.891081 NEM: WHvCapabilityCodeProcessorVendor      = 16 - ARM
00:00:00.891095 NEM: WHvCapabilityCodeProcessorFeatures    = 0x7fe1ff87fff33ee5
00:00:00.891097 NEM:                                 Asid16: 1
00:00:00.891100 NEM:                                TGran16: 0
00:00:00.891102 NEM:                                TGran64: 1
00:00:00.891105 NEM:                                    Haf: 0
00:00:00.891107 NEM:                                   Hdbs: 0
00:00:00.891109 NEM:                                    Pan: 1
00:00:00.891112 NEM:                                 AtS1E1: 1
00:00:00.891114 NEM:                                    Uao: 1
00:00:00.891117 NEM:                             El0Aarch32: 0
00:00:00.891119 NEM:                                     Fp: 1
00:00:00.891121 NEM:                                   FpHp: 1
00:00:00.891123 NEM:                                AdvSimd: 1
00:00:00.891125 NEM:                              AdvSimdHp: 1
00:00:00.891128 NEM:                                GicV3V4: 1
00:00:00.891131 NEM:                                 GicV41: 0
00:00:00.891133 NEM:                                    Ras: 0
00:00:00.891135 NEM:                                  PmuV3: 1
00:00:00.891137 NEM:                            PmuV3ArmV81: 1
00:00:00.891140 NEM:                            PmuV3ArmV84: 0
00:00:00.891142 NEM:                            PmuV3ArmV85: 0
00:00:00.891145 NEM:                                    Aes: 1
00:00:00.891147 NEM:                                PolyMul: 1
00:00:00.891149 NEM:                                   Sha1: 1
00:00:00.891152 NEM:                                 Sha256: 1
00:00:00.891154 NEM:                                 Sha512: 1
00:00:00.891156 NEM:                                  Crc32: 1
00:00:00.891158 NEM:                                 Atomic: 1
00:00:00.891161 NEM:                                    Rdm: 1
00:00:00.891163 NEM:                                   Sha3: 1
00:00:00.891165 NEM:                                    Sm3: 1
00:00:00.891167 NEM:                                    Sm4: 1
00:00:00.891169 NEM:                                     Dp: 1
00:00:00.891172 NEM:                                    Fhm: 1
00:00:00.891174 NEM:                                 DcCvap: 1
00:00:00.891179 NEM:                                DcCvadp: 1
00:00:00.891183 NEM:                                ApaBase: 0
00:00:00.891185 NEM:                                  ApaEp: 0
00:00:00.891187 NEM:                                 ApaEp2: 0
00:00:00.891189 NEM:                               ApaEp2Fp: 0
00:00:00.891191 NEM:                              ApaEp2Fpc: 1
00:00:00.891194 NEM:                                  Jscvt: 1
00:00:00.891196 NEM:                                   Fcma: 1
00:00:00.891198 NEM:                                RcpcV83: 1
00:00:00.891200 NEM:                                RcpcV84: 1
00:00:00.891202 NEM:                                    Gpa: 1
00:00:00.891205 NEM:                               L1ipPipt: 1
00:00:00.891207 NEM:                            DzPermitted: 1
00:00:00.891209 NEM: Warning! Unknown CPU features: 0x7fe1ff87fff33ee5
00:00:00.891217 NEM: WHvCapabilityCodeProcessorClFlushSize = 2^64
00:00:00.891225 NEM: WHvCapabilityCodePhysicalAddressWidth = 2^39
00:00:00.891364 NEM: Warning! Unknown capability 0x5 returning: 03 00 00 00 00 00 00 00 00 00 00 00 00 00 00 00 00 00 00 00 00 00 00 00
00:00:00.891383 NEM: Warning! Unknown capability 0x6 returning: 00 00 00 00 00 00 00 00 00 00 00 00 00 00 00 00 00 00 00 00 00 00 00 00
00:00:00.891495 NEM: Warning! Unknown capability 0x1004 returning: 00 f8 24 01 00 00 00 00 00 00 00 00 00 00 00 00 00 00 00 00 00 00 00 00
00:00:00.891512 NEM: Warning! Unknown capability 0x1006 returning: 02 00 00 00 00 00 00 00 e5 3e f3 ff 87 ff e1 7f b4 ff 40 00 18 01 00 00
00:00:00.891515 NEM: Warning! Unknown capability 0x1007 returning: 00 00 00 00 00 00 00 00 00 00 00 00 00 00 00 00 00 00 00 00 00 00 00 00
00:00:00.891524 NEM: Warning! Unknown capability 0x1008 returning: 01 00 00 00 00 00 00 00 ff 03 44 7f e0 00 00 00 00 00 00 00 00 00 00 00
00:00:00.891538 NEM: Warning! Unknown capability 0x100a returning: 27 00 00 00 00 00 00 00 00 00 00 00 00 00 00 00 00 00 00 00 00 00 00 00
00:00:00.892077 NEM: Created partition 0000015e0c4ffcd0.
00:00:00.905073 NEM: Debug: CPU #0: default MIDR_EL1=0x511f0011 (VINF_SUCCESS),  default MPIDR_EL1=0x80000000 (VINF_SUCCESS)
00:00:00.905497 CPUM: 59 guest ID registers
00:00:00.905818 nemR3WinCpuIdRegUpdate: idCpu=-1 idReg=0xc020 (ID_AA64PFR0_EL1): old=0x1100000001111111 new=0x1100000001110011
00:00:00.905968 nemR3WinCpuIdRegUpdate: idCpu=-1 idReg=0xc030 (ID_AA64ISAR0_EL1): old=0x1221111110212120 new=0x1221111010200000
00:00:00.910098 NEM: Debug: CPU #1: default MIDR_EL1=0x511f0011 (VINF_SUCCESS),  default MPIDR_EL1=0x80000001 (VINF_SUCCESS)
00:00:00.914285 NEM: Debug: CPU #2: default MIDR_EL1=0x511f0011 (VINF_SUCCESS),  default MPIDR_EL1=0x80000002 (VINF_SUCCESS)
00:00:00.914534 NEM: Successfully set up partition
00:00:00.914624 CPUM: Collected 42 host ID registers using SUPR3ArmQuerySysRegs.
00:00:00.989750 ERROR [COM]: aRC=VBOX_E_IPRT_ERROR (0x80bb0005) aIID={6ac83d89-6ee7-4e33-8ae6-b257b2e81be8} aComponent={ConsoleWrap} aText={The VBoxGuestPropSvc service call failed with the error VERR_HGCM_SERVICE_NOT_FOUND}, preserve=false aResultDetail=-2900
00:00:00.997939 GUI: UIMediumEnumerator: Medium-enumeration finished!
00:00:01.091712 TM: GIP - u32Mode=3 (Invariant) u32UpdateHz=93 u32UpdateIntervalNS=10741500 enmUseTscDelta=2 (Practically Zero) fGetGipCpu=0x100 cCpus=8
00:00:01.091743 TM: GIP - u64CpuHz=19 199 999 (0x124f7ff)  SUPGetCpuHzFromGip => 19 199 999
00:00:01.091747 TM: GIP - CPU: iCpuSet=0x0 idCpu=0x0 idApic=0x0 iGipCpu=0x2 i64TSCDelta=0 enmState=3 u64CpuHz=19199949(*) cErrors=0
00:00:01.091750 TM: GIP - CPU: iCpuSet=0x1 idCpu=0x1 idApic=0x1 iGipCpu=0x6 i64TSCDelta=0 enmState=3 u64CpuHz=19199998(*) cErrors=0
00:00:01.091752 TM: GIP - CPU: iCpuSet=0x2 idCpu=0x2 idApic=0x2 iGipCpu=0x7 i64TSCDelta=0 enmState=3 u64CpuHz=19199998(*) cErrors=0
00:00:01.091755 TM: GIP - CPU: iCpuSet=0x3 idCpu=0x3 idApic=0x3 iGipCpu=0x3 i64TSCDelta=0 enmState=3 u64CpuHz=19199992(*) cErrors=0
00:00:01.091757 TM: GIP - CPU: iCpuSet=0x4 idCpu=0x4 idApic=0x4 iGipCpu=0x0 i64TSCDelta=0 enmState=3 u64CpuHz=19199999(*) cErrors=0
00:00:01.091766 TM: GIP - CPU: iCpuSet=0x5 idCpu=0x5 idApic=0x5 iGipCpu=0x5 i64TSCDelta=0 enmState=3 u64CpuHz=19199997(*) cErrors=0
00:00:01.091770 TM: GIP - CPU: iCpuSet=0x6 idCpu=0x6 idApic=0x6 iGipCpu=0x1 i64TSCDelta=0 enmState=3 u64CpuHz=19199947(*) cErrors=0
00:00:01.091772 TM: GIP - CPU: iCpuSet=0x7 idCpu=0x7 idApic=0x7 iGipCpu=0x4 i64TSCDelta=0 enmState=3 u64CpuHz=19199996(*) cErrors=0
00:00:01.091780 TM: NEM overrides the /TM/TSCModeSwitchAllowed setting.
00:00:01.091788 TM:     cTSCTicksPerSecond=825 599 957 (0x3135a7d5) enmTSCMode=4 (NativeApi) TSCMultiplier=43
00:00:01.091790 TM: cTSCTicksPerSecondHost=19 199 999 (0x124f7ff)
00:00:01.091790 TM: TSCTiedToExecution=false TSCNotTiedToHalt=false
00:00:01.092356 EMR3Init: fIemExecutesAll=false fGuruOnTripleFault=true
00:00:01.092569 IEM: Microarch=Qualcomm_Oryon aidxTargetCpuEflFlavour={0,0}
00:00:01.092623 GIM: Using provider 'None' (Implementation version: 0)
00:00:01.092667 AIOMgr: Default manager type is 'Async'
00:00:01.092669 AIOMgr: Default file backend is 'NonBuffered'
00:00:01.092689 BlkCache: Cache successfully initialized. Cache size is 5242880 bytes
00:00:01.092691 BlkCache: Cache commit interval is 10000 ms
00:00:01.092693 BlkCache: Cache commit threshold is 2621440 bytes
00:00:01.102534 Registered 768KB flash at 0000000004000000
00:00:01.105450 PCI: Registered bridge instance #0 as PDM bus no 1.
00:00:01.105475 PDM: Hyper-V GIC backend registered
00:00:01.105500 TMR3UtcNow: nsNow=1 785 360 436 527 893 100 nsPrev=0 -> cNsDelta=1 785 360 436 527 893 100 (offLag=0 offVirtualSync=0 offVirtualSyncGivenUp=0, NowAgain=1 785 360 436 527 893 100)
00:00:01.105695 VMMDev: cbDefaultBudget: 697 909 930 (299942aa)
00:00:01.107385 Shared Folders service loaded
00:00:01.107757 Guest Control service loaded
00:00:01.140106 VIRTIOSCSI0: Targets=2 Bootable=true (unimplemented) R0Enabled=false RCEnabled=false
00:00:01.140402 DrvVD: Flushes will be ignored
00:00:01.140405 DrvVD: Async flushes will be passed to the disk
00:00:01.141675 VD: VDInit finished with VINF_SUCCESS
00:00:01.141998 AIOMgr: Endpoint for file 'C:\Users\rakhi\OneDrive\Desktop\Extra coding stuff\Astra\Astra.vdi' (flags 000c0723) created successfully
00:00:01.142018 AioMgr0-N: Request 0x00015e07e8a3a0 failed with rc=VERR_INVALID_PARAMETER, migrating endpoint C:\Users\rakhi\OneDrive\Desktop\Extra coding stuff\Astra\Astra.vdi to failsafe manager.
00:00:01.144236 VD: Opening the disk took 2780341 ns
00:00:01.144353 DrvVD: Flushes will be ignored
00:00:01.144357 DrvVD: Async flushes will be passed to the disk
00:00:01.145414 AIOMgr: Endpoint for file 'C:\Users\rakhi\Downloads\kali-linux-2026.2-installer-arm64.iso' (flags 000c0781) created successfully
00:00:01.145423 VD: Opening the disk took 212800 ns
00:00:01.145501 E1000#0: Chip=82540EM LinkUpDelay=5000ms EthernetCRC=on GSO=enabled Itr=disabled ItrRx=enabled TID=disabled R0=disabled RC=disabled
00:00:01.149733 WasAPI: Input device is: {Default} (iface 0000015e07d9c750)
00:00:01.150092 WasAPI: Output device is: {Default} (iface 0000015e07d9ccf0)
00:00:01.160987 Audio: Found 4 devices for driver 'WasAPI'
00:00:01.161001 Audio: Device 'Speakers (Qualcomm(R) Aqstic(TM) Audio Adapter Device)':
00:00:01.161002 Audio:   ID              = {0.0.0.00000000}.{e85cf87f-3f4b-4636-bf6a-5211309c9943}
00:00:01.161003 Audio:   Usage           = output
00:00:01.161003 Audio:   Flags           = DEFAULT_OUT
00:00:01.161003 Audio:   Input channels  = 0
00:00:01.161003 Audio:   Output channels = 2
00:00:01.161006 Audio: Device 'Speakers (Qualcomm(R) Aqstic(TM) Audio Adapter Device)':
00:00:01.161007 Audio:   ID              = {0.0.0.00000000}.{e85cf87f-3f4b-4636-bf6a-5211309c9943}
00:00:01.161007 Audio:   Usage           = output
00:00:01.161007 Audio:   Flags           = NONE
00:00:01.161007 Audio:   Input channels  = 0
00:00:01.161007 Audio:   Output channels = 2
00:00:01.161010 Audio: Device 'Microphone Array (Qualcomm(R) Aqstic(TM) ACX Static Endpoints Audio Device)':
00:00:01.161010 Audio:   ID              = {0.0.1.00000000}.{00ab674f-4a4d-43de-b06a-2069f09a27a5}
00:00:01.161010 Audio:   Usage           = input
00:00:01.161010 Audio:   Flags           = DEFAULT_IN
00:00:01.161010 Audio:   Input channels  = 2
00:00:01.161011 Audio:   Output channels = 0
00:00:01.161019 Audio: Device 'Microphone Array (Qualcomm(R) Aqstic(TM) ACX Static Endpoints Audio Device)':
00:00:01.161019 Audio:   ID              = {0.0.1.00000000}.{00ab674f-4a4d-43de-b06a-2069f09a27a5}
00:00:01.161019 Audio:   Usage           = input
00:00:01.161019 Audio:   Flags           = NONE
00:00:01.161019 Audio:   Input channels  = 2
00:00:01.161020 Audio:   Output channels = 0
00:00:01.161139 Audio Mixer: Setting master volume of 'HDA Mixer' -- channel volumes: ff ff ff ff ff ff ff ff ff ff ff ff
00:00:01.161148 Audio Mixer: Setting sink 'HDA Mixer/PCM Output' -- channel volumes: ff ff ff ff ff ff ff ff ff ff ff ff
00:00:01.161153 Audio Mixer: Setting sink 'HDA Mixer/Line In' -- channel volumes: ff ff ff ff ff ff ff ff ff ff ff ff
00:00:01.161163 Audio Mixer: MUTING sink 'HDA Mixer/PCM Output' -- channel volumes: 00 00 00 00 00 00 00 00 00 00 00 00
00:00:01.161166 Audio Mixer: MUTING sink 'HDA Mixer/Line In' -- channel volumes: 00 00 00 00 00 00 00 00 00 00 00 00
00:00:01.161179 HDA: Codec reset
00:00:01.161185 HDA: Reset
00:00:01.161693 VUSB: Attached 'HidKeyboard' to port 1 on RootHub#1 (FullSpeed)
00:00:01.161783 VUSB: Attached 'HidMouse' to port 2 on RootHub#1 (FullSpeed)
00:00:01.161789 PGM: PGMR3InitFinalize: -> VINF_SUCCESS
00:00:01.161793 TM: TMR3InitFinalize: fTSCModeSwitchAllowed=false
00:00:01.161893 VMM: Thread-context hooks unavailable
00:00:01.161896 VMM: RTThreadPreemptIsPending() can be trusted
00:00:01.161898 VMM: Kernel preemption is possible
00:00:01.161930 EM: Exit history optimizations: enabled=true enabled-r0=true enabled-r0-no-preemption=false
00:00:01.161998 CPUM: Logical host processors: 8 present, 8 max, 8 online, online mask: 00000000000000ff
00:00:01.161999 CPUM: Physical host cores: 8
00:00:01.162000 ************************ CPUID dump *************************
00:00:01.162009 Guest: 59 registers;  Host: 42 registers
00:00:01.162011 Guest         MIDR_EL1: 0x00000000511f0011 (Host 0x00000000511f0011)
00:00:01.162012 Guest        MPIDR_EL1: 0x0000000080000000 (Host 0x0000000080010300)
00:00:01.162013 Guest       REVIDR_EL1: 0x0000000000000000 (Host 0x0000000000000000)
00:00:01.162013 Guest      ID_PFR0_EL1: 0x0000000000000000
00:00:01.162014 Guest      ID_PFR1_EL1: 0x0000000000000000
00:00:01.162014 Guest      ID_DFR0_EL1: 0x0000000000000000
00:00:01.162014 Guest      ID_AFR0_EL1: 0x0000000000000000
00:00:01.162014 Guest     ID_MMFR0_EL1: 0x0000000000000000
00:00:01.162015 Guest     ID_MMFR1_EL1: 0x0000000000000000
00:00:01.162015 Guest     ID_MMFR2_EL1: 0x0000000000000000
00:00:01.162015 Guest     ID_MMFR3_EL1: 0x0000000000000000
00:00:01.162015 Guest     ID_ISAR0_EL1: 0x0000000000000000
00:00:01.162016 Guest     ID_ISAR1_EL1: 0x0000000000000000
00:00:01.162016 Guest     ID_ISAR2_EL1: 0x0000000000000000
00:00:01.162016 Guest     ID_ISAR3_EL1: 0x0000000000000000
00:00:01.162016 Guest     ID_ISAR4_EL1: 0x0000000000000000
00:00:01.162017 Guest     ID_ISAR5_EL1: 0x0000000000000000
00:00:01.162017 Guest     ID_MMFR4_EL1: 0x0000000000000000
00:00:01.162017 Guest     ID_ISAR6_EL1: 0x0000000000000000
00:00:01.162017 Guest        MVFR0_EL1: 0x0000000000000000
00:00:01.162018 Guest        MVFR1_EL1: 0x0000000000000000
00:00:01.162018 Guest        MVFR2_EL1: 0x0000000000000000
00:00:01.162019 Guest     s3_0_c0_c3_3: 0x0000000000000000
00:00:01.162019 Guest      ID_PFR2_EL1: 0x0000000000000000
00:00:01.162020 Guest      ID_DFR1_EL1: 0x0000000000000000
00:00:01.162020 Guest     ID_MMFR5_EL1: 0x0000000000000000
00:00:01.162020 Guest     s3_0_c0_c3_7: 0x0000000000000000
00:00:01.162020 Guest  ID_AA64PFR0_EL1: 0x1100000001110011 (Host 0x1101201021111111)
00:00:01.162021   Mnemonic - Description                                      = Guest (Host)
00:00:01.162023   EL0 - EL0 Exception level handling                          = 0x1 (0x1)
00:00:01.162024   EL1 - EL1 Exception level handling                          = 0x1 (0x1)
00:00:01.162025   EL2 - EL2 Exception level handling                          = 0x0 (0x1)
00:00:01.162026   EL3 - EL3 Exception level handling                          = 0x0 (0x1)
00:00:01.162026   FP - Floating-point                                         = 0x1 (0x1)
00:00:01.162027   AdvSIMD - Advanced SIMD                                     = 0x1 (0x1)
00:00:01.162027   GIC - System register GIC CPU interface                     = 0x1 (0x1)
00:00:01.162029   RAS - RAS Extension version                                 = 0x0 (0x2)
00:00:01.162029   SVE - Scalable Vector Extension                             = 0x0 (0x0)
00:00:01.162030   SEL2 - Secure EL2                                           = 0x0 (0x1)
00:00:01.162030   MPAM - MPAM Extension major version number                  = 0x0 (0x0)
00:00:01.162031   AMU - Activity Monitors Extension support                   = 0x0 (0x2)
00:00:01.162031   DIT - Data Independent Timing                               = 0x0 (0x1)
00:00:01.162032   RME - Realm Management Extension                            = 0x0 (0x0)
00:00:01.162032   CSV2 - Speculative use of out of branch targets             = 0x1 (0x1)
00:00:01.162033   CSV3 - Speculative use of faulting data                     = 0x1 (0x1)
00:00:01.162034 Guest  ID_AA64PFR1_EL1: 0x0000000000000020 (Host 0x0000000000000020)
00:00:01.162034   Mnemonic - Description                                      = Guest (Host)
00:00:01.162035   BT - Branch Target Identification mechanism                 = 0x0 (0x0)
00:00:01.162035   SSBS - Speculative Store Bypassing controls                 = 0x2 (0x2)
00:00:01.162036   MTE - Memory Tagging Extension support                      = 0x0 (0x0)
00:00:01.162036   RAS_frac - RAS Extension fractional field                   = 0x0 (0x0)
00:00:01.162037   MPAM_frac - MPAM Extension minor version                    = 0x0 (0x0)
00:00:01.162037   Res0 - Reserved                                             = 0x0 (0x0)
00:00:01.162038   SME - Scalable Matrix Extension                             = 0x0 (0x0)
00:00:01.162039   RNDR_trap - Random Number trap to EL3                       = 0x0 (0x0)
00:00:01.162039   CSV2_frac - CSV2 fractional version field                   = 0x0 (0x0)
00:00:01.162040   NMI - Non-maskable Interrupt support                        = 0x0 (0x0)
00:00:01.162040   Res0 - Reserved                                             = 0x0 (0x0)
00:00:01.162041   Res0 - Reserved                                             = 0x0 (0x0)
00:00:01.162042   Res0 - Reserved                                             = 0x0 (0x0)
00:00:01.162043   Res0 - Reserved                                             = 0x0 (0x0)
00:00:01.162043   Res0 - Reserved                                             = 0x0 (0x0)
00:00:01.162044   Res0 - Reserved                                             = 0x0 (0x0)
00:00:01.162045 Guest  ID_AA64PFR2_EL1: 0x0000000000000000 (Host 0x0000000000000000)
00:00:01.162046 Guest     s3_0_c0_c4_3: 0x0000000000000000 (Host 0x0000000000000000)
00:00:01.162046 Guest  ID_AA64ZFR0_EL1: 0x0000000000000000 (Host 0x0000000000000000)
00:00:01.162046 Guest ID_AA64SMFR0_EL1: 0x0000000000000000 (Host 0x0000000000000000)
00:00:01.162047 Guest     s3_0_c0_c4_6: 0x0000000000000000 (Host 0x0000000000000000)
00:00:01.162047 Guest ID_AA64FPFR0_EL1: 0x0000000000000000 (Host 0x0000000000000000)
00:00:01.162048 Guest  ID_AA64DFR0_EL1: 0x000000f010305408 (Host 0x000000f010305709)
00:00:01.162049   Mnemonic - Description                                      = Guest (Host)
00:00:01.162049   DebugVer - Debug architecture version                       = 0x8 (0x9)
00:00:01.162050   TraceVer - Trace support                                    = 0x0 (0x0)
00:00:01.162051   PMUVer - Performance Monitors Extension version             = 0x4 (0x7)
00:00:01.162051   BRPs - Number of breakpoints minus 1                        = 0x5 (0x5)
00:00:01.162052   Res0 - Reserved                                             = 0x0 (0x0)
00:00:01.162052   WRPs - Number of watchpoints minus 1                        = 0x3 (0x3)
00:00:01.162053   Res0 - Reserved                                             = 0x0 (0x0)
00:00:01.162054   CTX_CMPs - Number of context-aware breakpoints minus 1      = 0x1 (0x1)
00:00:01.162054   PMSVer - Statistical Profiling Extension version            = 0x0 (0x0)
00:00:01.162055   DoubleLock - OS Double Lock support                         = 0xf (0xf)
00:00:01.162055   TraceFilt - Armv8.4 Self-hosted Trace Extension version     = 0x0 (0x0)
00:00:01.162056   TraceBuffer - Trace Buffer Extension                        = 0x0 (0x0)
00:00:01.162056   MTPMU - Multi-threaded PMU extension                        = 0x0 (0x0)
00:00:01.162057   BRBE - Branch Record Buffer Extension                       = 0x0 (0x0)
00:00:01.162057   Res0 - Reserved                                             = 0x0 (0x0)
00:00:01.162058   HPMN0 - Zero PMU event counters for guest                   = 0x0 (0x0)
00:00:01.162059 Guest  ID_AA64DFR1_EL1: 0x0000000000000000 (Host 0x0000000000000000)
00:00:01.162059   Mnemonic - Description                                      = Guest (Host)
00:00:01.162060   Res0 - Reserved                                             = 0x0 (0x0)
00:00:01.162061   Res0 - Reserved                                             = 0x0 (0x0)
00:00:01.162061   Res0 - Reserved                                             = 0x0 (0x0)
00:00:01.162062   Res0 - Reserved                                             = 0x0 (0x0)
00:00:01.162062   Res0 - Reserved                                             = 0x0 (0x0)
00:00:01.162063   Res0 - Reserved                                             = 0x0 (0x0)
00:00:01.162064   Res0 - Reserved                                             = 0x0 (0x0)
00:00:01.162064   Res0 - Reserved                                             = 0x0 (0x0)
00:00:01.162065   Res0 - Reserved                                             = 0x0 (0x0)
00:00:01.162066   Res0 - Reserved                                             = 0x0 (0x0)
00:00:01.162066   Res0 - Reserved                                             = 0x0 (0x0)
00:00:01.162067   Res0 - Reserved                                             = 0x0 (0x0)
00:00:01.162068   Res0 - Reserved                                             = 0x0 (0x0)
00:00:01.162069   Res0 - Reserved                                             = 0x0 (0x0)
00:00:01.162069   Res0 - Reserved                                             = 0x0 (0x0)
00:00:01.162070   Res0 - Reserved                                             = 0x0 (0x0)
00:00:01.162071 Guest  ID_AA64DFR2_EL1: 0x0000000000000000 (Host 0x0000000000000000)
00:00:01.162071 Guest     s3_0_c0_c5_3: 0x0000000000000000 (Host 0x0000000000000000)
00:00:01.162071 Guest  ID_AA64AFR0_EL1: 0x0000000000000000 (Host 0x0000000000000000)
00:00:01.162072   Mnemonic - Description                                      = Guest (Host)
00:00:01.162072   ImpDef - Implementation defined                             = 0x0 (0x0)
00:00:01.162073 Guest  ID_AA64AFR1_EL1: 0x0000000000000000 (Host 0x0000000000000000)
00:00:01.162073   Mnemonic - Description                                      = Guest (Host)
00:00:01.162074   ImpDef - Implementation defined                             = 0x0 (0x0)
00:00:01.162074 Guest     s3_0_c0_c5_6: 0x0000000000000000 (Host 0x0000000000000000)
00:00:01.162075 Guest     s3_0_c0_c5_7: 0x0000000000000000 (Host 0x0000000000000000)
00:00:01.162075 Guest ID_AA64ISAR0_EL1: 0x1221111010200000 (Host 0x1221111110212120)
00:00:01.162076   Mnemonic - Description                                      = Guest (Host)
00:00:01.162078   AES - AES instruction support in AArch64                    = 0x0 (0x2)
00:00:01.162078   SHA1 - SHA1 instruction support in AArch64                  = 0x0 (0x1)
00:00:01.162079   SHA2 - SHA256/512 instruction support in AArch64            = 0x0 (0x2)
00:00:01.162080   CRC32 - CRC32 instruction support in AArch64                = 0x0 (0x1)
00:00:01.162080   ATOMIC - Atomic instruction support in AArch64              = 0x2 (0x2)
00:00:01.162081   TME - TME instruction support in AArch64                    = 0x0 (0x0)
00:00:01.162081   RDM - SQRDMLAH/SQRDMLSH instruction support in AArch64      = 0x1 (0x1)
00:00:01.162082   SHA3 - SHA3 instruction support in AArch64                  = 0x0 (0x1)
00:00:01.162083   SM3 - SM3 instruction support in AArch64                    = 0x1 (0x1)
00:00:01.162083   SM4 - SM4 instruction support in AArch64                    = 0x1 (0x1)
00:00:01.162084   DP - Dot Product instruction support in AArch64             = 0x1 (0x1)
00:00:01.162084   FHM - FMLAL/FMLSL instruction support in AArch64            = 0x1 (0x1)
00:00:01.162085   TS - Flag manipulation instruction support in AArch64       = 0x2 (0x2)
00:00:01.162085   TLB - TLB maintenance instruction support in AArch64        = 0x2 (0x2)
00:00:01.162086   RNDR - Random number instruction support in AArch64         = 0x1 (0x1)
00:00:01.162086 Guest ID_AA64ISAR1_EL1: 0x0010111101211052 (Host 0x0010111101211052)
00:00:01.162086   Mnemonic - Description                                      = Guest (Host)
00:00:01.162087   DPB - Data Persistance writeback support in AArch64         = 0x2 (0x2)
00:00:01.162087   APA - QARMA5 PAuth support in AArch64                       = 0x5 (0x5)
00:00:01.162088   API - Impl defined PAuth support in AArch64                 = 0x0 (0x0)
00:00:01.162088   JSCVT - FJCVTZS instruction support in AArch64              = 0x1 (0x1)
00:00:01.162089   FCMA - FCMLA/FCADD instruction support in AArch64           = 0x1 (0x1)
00:00:01.162089   LRCPC - RCpc instruction support in AArch64                 = 0x2 (0x2)
00:00:01.162090   GPA - QARMA5 code authentication support in AArch64         = 0x1 (0x1)
00:00:01.162090   GPI - Impl defined code authentication support in AArch64   = 0x0 (0x0)
00:00:01.162091   FRINTTS - FRINT{32,64}{Z,X} instruction support in AArch64  = 0x1 (0x1)
00:00:01.162091   SB - SB instruction support in AArch64                      = 0x1 (0x1)
00:00:01.162092   SPECRES - Prediction invalidation support in AArch64        = 0x1 (0x1)
00:00:01.162092   BF16 - BFloat16 support in AArch64                          = 0x1 (0x1)
00:00:01.162093   DGH - Data Gathering Hint support in AArch64                = 0x0 (0x0)
00:00:01.162093   I8MM - Int8 matrix mul instruction support in AArch64       = 0x1 (0x1)
00:00:01.162094   XS - XS attribute support in AArch64                        = 0x0 (0x0)
00:00:01.162094   LS64 - LD64B and ST64B* instruction support in AArch64      = 0x0 (0x0)
00:00:01.162095 Guest ID_AA64ISAR2_EL1: 0x0000000000000010 (Host 0x0000000010000010)
00:00:01.162095   Mnemonic - Description                                      = Guest (Host)
00:00:01.162095   WFxT - WFET/WFIT intruction support in AArch64              = 0x0 (0x0)
00:00:01.162096   RPRES - Reciprocal 12 bit mantissa support in AArch64       = 0x1 (0x1)
00:00:01.162096   GPA3 - QARMA3 code authentication support in AArch64        = 0x0 (0x0)
00:00:01.162097   APA3 - QARMA3 PAuth support in AArch64                      = 0x0 (0x0)
00:00:01.162097   MOPS - Memory Copy and Set instruction support in AArch64   = 0x0 (0x0)
00:00:01.162098   BC - BC instruction support in AArch64                      = 0x0 (0x0)
00:00:01.162098   PAC_frac - ConstPACField() returns TRUE                     = 0x0 (0x0)
00:00:01.162099   28 - Reserved                                               = 0 (1)
00:00:01.162100 Guest ID_AA64ISAR3_EL1: 0x0000000000000000 (Host 0x0000000000000000)
00:00:01.162100 Guest     s3_0_c0_c6_4: 0x0000000000000000 (Host 0x0000000000000000)
00:00:01.162101 Guest     s3_0_c0_c6_5: 0x0000000000000000 (Host 0x0000000000000000)
00:00:01.162101 Guest     s3_0_c0_c6_6: 0x0000000000000000 (Host 0x0000000000000000)
00:00:01.162102 Guest     s3_0_c0_c6_7: 0x0000000000000000 (Host 0x0000000000000000)
00:00:01.162102 Guest ID_AA64MMFR0_EL1: 0x0000111100001022 (Host 0x0000111100001024)
00:00:01.162102   Mnemonic - Description                                      = Guest (Host)
00:00:01.162103   PARange - Physical address width                            = 0x2 (0x4)
00:00:01.162104   ASIDBits - Number of ASID bits                              = 0x2 (0x2)
00:00:01.162104   BigEnd - Mixed-endian configuration support                 = 0x0 (0x0)
00:00:01.162105   SNSMem - Secure and Non-secure memory distinction           = 0x1 (0x1)
00:00:01.162105   BigEndEL0 - Mixed-endian support in EL0 only                = 0x0 (0x0)
00:00:01.162106   TGran16 - 16KiB memory granule size                         = 0x0 (0x0)
00:00:01.162106   TGran64 - 64KiB memory granule size                         = 0x0 (0x0)
00:00:01.162107   TGran4 - 4KiB memory granule size                           = 0x0 (0x0)
00:00:01.162107   TGran16_2 - 16KiB memory granule size at stage 2            = 0x1 (0x1)
00:00:01.162108   TGran64_2 - 64KiB memory granule size at stage 2            = 0x1 (0x1)
00:00:01.162108   TGran4_2 - 4KiB memory granule size at stage 2              = 0x1 (0x1)
00:00:01.162109   ExS - Disabling context synchronizing exception             = 0x1 (0x1)
00:00:01.162109   Res0 - Reserved                                             = 0x0 (0x0)
00:00:01.162110   Res0 - Reserved                                             = 0x0 (0x0)
00:00:01.162110   FGT - Fine-grained trap controls support                    = 0x0 (0x0)
00:00:01.162111   ECV - Enhanced Counter Virtualization support               = 0x0 (0x0)
00:00:01.162111 Guest ID_AA64MMFR1_EL1: 0x0000101001201000 (Host 0x0000101001201000)
00:00:01.162112   Mnemonic - Description                                      = Guest (Host)
00:00:01.162112   HAFDBS - Hardware updates to Access/Dirty state             = 0x0 (0x0)
00:00:01.162113   VMIDBit - Number of VMID bits                               = 0x0 (0x0)
00:00:01.162113   VH - Virtualization Host Extensions                         = 0x0 (0x0)
00:00:01.162114   HPDS - Hierarchical Permission Disables                     = 0x1 (0x1)
00:00:01.162114   LO - LORegions support                                      = 0x0 (0x0)
00:00:01.162115   PAN - Privileged Access Never                               = 0x2 (0x2)
00:00:01.162116   SpecSEI - SError interrupt exception for speculative reads  = 0x1 (0x1)
00:00:01.162116   XNX - Execute-never control support                         = 0x0 (0x0)
00:00:01.162117   TWED - Configurable delayed WFE trapping                    = 0x0 (0x0)
00:00:01.162117   ETS - Enhanced Translation Synchronization support          = 0x1 (0x1)
00:00:01.162117   HCX - HCRX_EL2 support                                      = 0x0 (0x0)
00:00:01.162118   AFP - FPCR.{AH,FIZ,NEP} support                             = 0x1 (0x1)
00:00:01.162119   nTLBPA - Caching of translation table walks                 = 0x0 (0x0)
00:00:01.162119   TIDCP1 - FEAT_TIDCP1 support                                = 0x0 (0x0)
00:00:01.162120   CMOW - Cache maintenance instruction permission             = 0x0 (0x0)
00:00:01.162120   Res0 - Reserved                                             = 0x0 (0x0)
00:00:01.162121 Guest ID_AA64MMFR2_EL1: 0x0000001100101011 (Host 0x0000001100101011)
00:00:01.162122   Mnemonic - Description                                      = Guest (Host)
00:00:01.162122   CnP - Common not Private translation support                = 0x1 (0x1)
00:00:01.162123   UAO - User Access Override                                  = 0x1 (0x1)
00:00:01.162123   LSM - LSMAOE/nTLSMD bit support                             = 0x0 (0x0)
00:00:01.162124   IESB - IESB bit support in SCTLR_ELx                        = 0x1 (0x1)
00:00:01.162124   VARange - Large virtual address space support               = 0x0 (0x0)
00:00:01.162125   CCIDX - 64-bit CCSIDR_EL1 format                            = 0x1 (0x1)
00:00:01.162125   NV - Nested Virtualization support                          = 0x0 (0x0)
00:00:01.162126   ST - Small translation table support                        = 0x0 (0x0)
00:00:01.162127   AT - Unaligned single-copy atomicity support                = 0x1 (0x1)
00:00:01.162127   IDS - FEAT_IDST support                                     = 0x1 (0x1)
00:00:01.162128   FWB - HCR_EL2.FWB support                                   = 0x0 (0x0)
00:00:01.162128   Res0 - Reserved                                             = 0x0 (0x0)
00:00:01.162129   TTL - TTL field support in address operations               = 0x0 (0x0)
00:00:01.162129   BBM - FEAT_BBM support                                      = 0x0 (0x0)
00:00:01.162130   EVT - Enhanced Virtualization Traps support                 = 0x0 (0x0)
00:00:01.162130   E0PD - E0PD mechanism support                               = 0x0 (0x0)
00:00:01.162131 Guest ID_AA64MMFR3_EL1: 0x1000000000000000 (Host 0x1000000000000000)
00:00:01.162132 Guest ID_AA64MMFR4_EL1: 0x0000000000000000 (Host 0x0000000000000000)
00:00:01.162132 Guest     s3_0_c0_c7_5: 0x0000000000000000 (Host 0x0000000000000000)
00:00:01.162133 Guest     s3_0_c0_c7_6: 0x0000000000000000 (Host 0x0000000000000000)
00:00:01.162133 Guest     s3_0_c0_c7_7: 0x0000000000000000 (Host 0x0000000000000000)
00:00:01.162133 Guest       ERRIDR_EL1: .................. (Host 0x0000000000000003)
00:00:01.162134 Guest        PMMIR_EL1: .................. (Host 0x0000000000060408)
00:00:01.162134 Guest        CLIDR_EL1: .................. (Host 0x0000000002000023)
00:00:01.162135 Guest         AIDR_EL1: .................. (Host 0x0000000000000000)
00:00:01.162135 Guest          CTR_EL0: .................. (Host 0x00000000b444c004)
00:00:01.162135 Guest        DCZID_EL0: .................. (Host 0x0000000000000004)
00:00:01.162136 Guest       CNTFRQ_EL0: .................. (Host 0x000000000124f800)
00:00:01.162136 ********************* End of CPUID dump *********************
00:00:01.162137 ******************** CPU feature dump ***********************
00:00:01.162137                   Features = guest (host)
00:00:01.162138                  FEAT_AA32 = 0 (0)
00:00:01.162140              FEAT_AA32BF16 = 0 (0)
00:00:01.162140               FEAT_AA32EL0 = 0 (0)
00:00:01.162141               FEAT_AA32EL1 = 0 (0)
00:00:01.162141               FEAT_AA32EL2 = 0 (0)
00:00:01.162142               FEAT_AA32EL3 = 0 (0)
00:00:01.162142               FEAT_AA32HPD = 0 (0)
00:00:01.162142              FEAT_AA32I8MM = 0 (0)
00:00:01.162143                  FEAT_AA64 = 1 (1)
00:00:01.162143               FEAT_AA64EL0 = 1 (1)
00:00:01.162143               FEAT_AA64EL1 = 1 (1)
00:00:01.162144               FEAT_AA64EL2 = 0 (1)
00:00:01.162144               FEAT_AA64EL3 = 0 (1)
00:00:01.162145                  FEAT_ABLE = 0 (0)
00:00:01.162145                 FEAT_ADERR = 0 (0)
00:00:01.162145                   FEAT_AES = 0 (1)
00:00:01.162146                   FEAT_AFP = 1 (1)
00:00:01.162146                   FEAT_AIE = 0 (0)
00:00:01.162147                 FEAT_AMUv1 = 0 (1)
00:00:01.162147               FEAT_AMUv1p1 = 0 (1)
00:00:01.162147                 FEAT_ANERR = 0 (0)
00:00:01.162148                FEAT_ASID16 = 1 (1)
00:00:01.162148                 FEAT_ASID2 = 0 (0)
00:00:01.162149                 FEAT_ATS1A = 0 (0)
00:00:01.162150               FEAT_AdvSIMD = 1 (1)
00:00:01.162150                   FEAT_BBM = 0 (0)
00:00:01.162151                  FEAT_BF16 = 1 (1)
00:00:01.162151                  FEAT_BRBE = 0 (0)
00:00:01.162151              FEAT_BRBEv1p1 = 0 (0)
00:00:01.162152                   FEAT_BTI = 0 (0)
00:00:01.162152                   FEAT_BWE = 0 (0)
00:00:01.162153                  FEAT_BWE2 = 0 (0)
00:00:01.162153                 FEAT_CCIDX = 1 (1)
00:00:01.162153                   FEAT_CHK = 0 (0)
00:00:01.162154                FEAT_CLRBHB = 0 (1)
00:00:01.162156                  FEAT_CMOW = 0 (0)
00:00:01.162156                 FEAT_CMPBR = 0 (0)
00:00:01.162157         FEAT_CONSTPACFIELD = 0 (0)
00:00:01.162157                   FEAT_CPA = 0 (0)
00:00:01.162158                  FEAT_CPA2 = 0 (0)
00:00:01.162158                 FEAT_CRC32 = 0 (1)
00:00:01.162159                  FEAT_CSSC = 0 (0)
00:00:01.162159                  FEAT_CSV2 = 1 (1)
00:00:01.162159              FEAT_CSV2_1p1 = 0 (0)
00:00:01.162160              FEAT_CSV2_1p2 = 0 (0)
00:00:01.162160                FEAT_CSV2_2 = 0 (0)
00:00:01.162161                FEAT_CSV2_3 = 0 (0)
00:00:01.162162                  FEAT_CSV3 = 1 (1)
00:00:01.162163                  FEAT_D128 = 0 (0)
00:00:01.162163                   FEAT_DGH = 0 (0)
00:00:01.162163                   FEAT_DIT = 0 (1)
00:00:01.162164                   FEAT_DPB = 1 (1)
00:00:01.162164                  FEAT_DPB2 = 1 (1)
00:00:01.162165             FEAT_Debugv8p1 = 1 (1)
00:00:01.162165             FEAT_Debugv8p2 = 1 (1)
00:00:01.162165             FEAT_Debugv8p4 = 0 (1)
00:00:01.162166             FEAT_Debugv8p8 = 0 (0)
00:00:01.162166             FEAT_Debugv8p9 = 0 (0)
00:00:01.162166               FEAT_DotProd = 1 (1)
00:00:01.162167           FEAT_DoubleFault = 0 (1)
00:00:01.162167          FEAT_DoubleFault2 = 0 (0)
00:00:01.162168            FEAT_DoubleLock = 0 (0)
00:00:01.162168                  FEAT_E0PD = 0 (0)
00:00:01.162168                  FEAT_E2H0 = 1 (1)
00:00:01.162169                 FEAT_E3DSE = 0 (0)
00:00:01.162169                  FEAT_EBEP = 0 (0)
00:00:01.162170                 FEAT_EBF16 = 0 (0)
00:00:01.162170                 FEAT_ECBHB = 0 (0)
00:00:01.162170                   FEAT_ECV = 0 (0)
00:00:01.162171              FEAT_ECV_POFF = 0 (0)
00:00:01.162172                   FEAT_EL2 = 0 (1)
00:00:01.162172                   FEAT_EL3 = 0 (1)
00:00:01.162173                  FEAT_EPAC = 0 (0)
00:00:01.162173                   FEAT_ETE = 0 (0)
00:00:01.162174               FEAT_ETEv1p1 = 0 (0)
00:00:01.162174               FEAT_ETEv1p2 = 0 (0)
00:00:01.162174               FEAT_ETEv1p3 = 0 (0)
00:00:01.162175                 FEAT_ETMv4 = 0 (0)
00:00:01.162175               FEAT_ETMv4p1 = 0 (0)
00:00:01.162176               FEAT_ETMv4p2 = 0 (0)
00:00:01.162176               FEAT_ETMv4p3 = 0 (0)
00:00:01.162177               FEAT_ETMv4p4 = 0 (0)
00:00:01.162177               FEAT_ETMv4p5 = 0 (0)
00:00:01.162178               FEAT_ETMv4p6 = 0 (0)
00:00:01.162178                  FEAT_ETS2 = 0 (0)
00:00:01.162178                  FEAT_ETS3 = 0 (0)
00:00:01.162179                   FEAT_EVT = 0 (0)
00:00:01.162179                   FEAT_ExS = 1 (1)
00:00:01.162180                 FEAT_F32MM = 0 (0)
00:00:01.162180                 FEAT_F64MM = 0 (0)
00:00:01.162180               FEAT_F8F16MM = 0 (0)
00:00:01.162181               FEAT_F8F32MM = 0 (0)
00:00:01.162181              FEAT_FAMINMAX = 0 (0)
00:00:01.162181                  FEAT_FCMA = 1 (1)
00:00:01.162183                   FEAT_FGT = 0 (0)
00:00:01.162183                  FEAT_FGT2 = 0 (0)
00:00:01.162184                FEAT_FGWTE3 = 0 (0)
00:00:01.162184                   FEAT_FHM = 1 (1)
00:00:01.162184                    FEAT_FP = 1 (1)
00:00:01.162185                  FEAT_FP16 = 1 (1)
00:00:01.162185                   FEAT_FP8 = 0 (0)
00:00:01.162186               FEAT_FP8DOT2 = 0 (0)
00:00:01.162186               FEAT_FP8DOT4 = 0 (0)
00:00:01.162186                FEAT_FP8FMA = 0 (0)
00:00:01.162187                  FEAT_FPAC = 1 (1)
00:00:01.162187           FEAT_FPACCOMBINE = 1 (1)
00:00:01.162188            FEAT_FPACC_SPEC = 1 (1)
00:00:01.162188                  FEAT_FPMR = 0 (0)
00:00:01.162188                FEAT_FPRCVT = 0 (0)
00:00:01.162189               FEAT_FRINTTS = 1 (1)
00:00:01.162189                 FEAT_FlagM = 1 (1)
00:00:01.162189                FEAT_FlagM2 = 1 (1)
00:00:01.162190                   FEAT_GCS = 0 (0)
00:00:01.162190                 FEAT_GICv3 = 1 (1)
00:00:01.162191             FEAT_GICv3_NMI = 0 (0)
00:00:01.162191            FEAT_GICv3_TDIR = 0 (0)
00:00:01.162191               FEAT_GICv3p1 = 1 (1)
00:00:01.162193                 FEAT_GICv4 = 1 (1)
00:00:01.162193               FEAT_GICv4p1 = 0 (0)
00:00:01.162193                   FEAT_GTG = 1 (1)
00:00:01.162194                FEAT_HACDBS = 0 (0)
00:00:01.162194                FEAT_HAFDBS = 0 (0)
00:00:01.162195                  FEAT_HAFT = 0 (0)
00:00:01.162195                   FEAT_HBC = 0 (0)
00:00:01.162195                   FEAT_HCX = 0 (0)
00:00:01.162200                 FEAT_HDBSS = 0 (0)
00:00:01.162200                  FEAT_HPDS = 1 (1)
00:00:01.162200                 FEAT_HPDS2 = 0 (0)
00:00:01.162201                 FEAT_HPMN0 = 0 (0)
00:00:01.162201                  FEAT_I8MM = 1 (1)
00:00:01.162202                  FEAT_IDST = 1 (1)
00:00:01.162202                 FEAT_IDTE3 = 0 (0)
00:00:01.162202                  FEAT_IESB = 1 (1)
00:00:01.162203                   FEAT_ITE = 0 (0)
00:00:01.162203                 FEAT_IVIPT = 0 (1)
00:00:01.162204                 FEAT_JSCVT = 1 (1)
00:00:01.162204                   FEAT_LOR = 0 (0)
00:00:01.162204                   FEAT_LPA = 0 (0)
00:00:01.162205                  FEAT_LPA2 = 0 (0)
00:00:01.162205                 FEAT_LRCPC = 1 (1)
00:00:01.162207                FEAT_LRCPC2 = 1 (1)
00:00:01.162207                FEAT_LRCPC3 = 0 (0)
00:00:01.162207                  FEAT_LS64 = 0 (0)
00:00:01.162208                FEAT_LS64WB = 0 (0)
00:00:01.162209          FEAT_LS64_ACCDATA = 0 (0)
00:00:01.162209                FEAT_LS64_V = 0 (0)
00:00:01.162209                   FEAT_LSE = 1 (1)
00:00:01.162210                FEAT_LSE128 = 0 (0)
00:00:01.162210                  FEAT_LSE2 = 1 (1)
00:00:01.162211                  FEAT_LSFE = 0 (0)
00:00:01.162212                FEAT_LSMAOC = 0 (0)
00:00:01.162212                  FEAT_LSUI = 0 (0)
00:00:01.162212                   FEAT_LUT = 0 (0)
00:00:01.162213                   FEAT_LVA = 0 (0)
00:00:01.162214                  FEAT_LVA3 = 0 (0)
00:00:01.162214                   FEAT_MEC = 0 (0)
00:00:01.162214                  FEAT_MOPS = 0 (0)
00:00:01.162215                  FEAT_MPAM = 0 (0)
00:00:01.162215       FEAT_MPAM_PE_BW_CTRL = 0 (0)
00:00:01.162216              FEAT_MPAMv0p1 = 0 (0)
00:00:01.162216              FEAT_MPAMv1p1 = 0 (0)
00:00:01.162217                   FEAT_MTE = 0 (0)
00:00:01.162217                  FEAT_MTE2 = 0 (0)
00:00:01.162218                  FEAT_MTE3 = 0 (0)
00:00:01.162219                  FEAT_MTE4 = 0 (0)
00:00:01.162220        FEAT_MTE_ASYM_FAULT = 0 (0)
00:00:01.162220             FEAT_MTE_ASYNC = 1 (1)
00:00:01.162221    FEAT_MTE_CANONICAL_TAGS = 0 (0)
00:00:01.162221   FEAT_MTE_NO_ADDRESS_TAGS = 0 (0)
00:00:01.162221              FEAT_MTE_PERM = 0 (0)
00:00:01.162222        FEAT_MTE_STORE_ONLY = 0 (0)
00:00:01.162222        FEAT_MTE_TAGGED_FAR = 0 (0)
00:00:01.162222                 FEAT_MTPMU = 0 (0)
00:00:01.162223              FEAT_MixedEnd = 0 (0)
00:00:01.162224           FEAT_MixedEndEL0 = 0 (0)
00:00:01.162224                   FEAT_NMI = 0 (0)
00:00:01.162224                    FEAT_NV = 0 (0)
00:00:01.162225                   FEAT_NV2 = 0 (0)
00:00:01.162226                 FEAT_NV2p1 = 0 (0)
00:00:01.162226                 FEAT_OCCMO = 0 (0)
00:00:01.162226                FEAT_PACIMP = 0 (0)
00:00:01.162227             FEAT_PACQARMA3 = 0 (0)
00:00:01.162227             FEAT_PACQARMA5 = 1 (1)
00:00:01.162227                   FEAT_PAN = 1 (1)
00:00:01.162228                  FEAT_PAN2 = 1 (1)
00:00:01.162229                  FEAT_PAN3 = 0 (0)
00:00:01.162229                 FEAT_PAuth = 1 (1)
00:00:01.162231                FEAT_PAuth2 = 1 (1)
00:00:01.162231              FEAT_PAuth_LR = 0 (0)
00:00:01.162232              FEAT_PCDPHINT = 0 (0)
00:00:01.162232                  FEAT_PFAR = 0 (0)
00:00:01.162233                 FEAT_PMULL = 0 (1)
00:00:01.162233                 FEAT_PMUv3 = 1 (1)
00:00:01.162234            FEAT_PMUv3_EDGE = 0 (0)
00:00:01.162234           FEAT_PMUv3_ICNTR = 0 (0)
00:00:01.162234             FEAT_PMUv3_SME = 0 (0)
00:00:01.162235              FEAT_PMUv3_SS = 0 (0)
00:00:01.162235              FEAT_PMUv3_TH = 0 (0)
00:00:01.162235             FEAT_PMUv3_TH2 = 0 (0)
00:00:01.162236               FEAT_PMUv3p1 = 1 (1)
00:00:01.162236               FEAT_PMUv3p4 = 0 (1)
00:00:01.162236               FEAT_PMUv3p5 = 0 (1)
00:00:01.162237               FEAT_PMUv3p7 = 0 (1)
00:00:01.162237               FEAT_PMUv3p8 = 0 (0)
00:00:01.162238               FEAT_PMUv3p9 = 0 (0)
00:00:01.162238               FEAT_PRFMSLC = 0 (0)
00:00:01.162238                  FEAT_PoPS = 0 (0)
00:00:01.162239                   FEAT_RAS = 0 (1)
00:00:01.162239               FEAT_RASv1p1 = 0 (1)
00:00:01.162239                 FEAT_RASv2 = 0 (0)
00:00:01.162241                   FEAT_RDM = 1 (1)
00:00:01.162241                   FEAT_RME = 0 (0)
00:00:01.162242               FEAT_RME_GDI = 0 (0)
00:00:01.162242              FEAT_RME_GPC2 = 0 (0)
00:00:01.162242              FEAT_RME_GPC3 = 0 (0)
00:00:01.162243                   FEAT_RNG = 1 (1)
00:00:01.162243              FEAT_RNG_TRAP = 0 (0)
00:00:01.162243                 FEAT_RPRES = 1 (1)
00:00:01.162244                 FEAT_RPRFM = 0 (0)
00:00:01.162244                 FEAT_S1PIE = 0 (0)
00:00:01.162245                 FEAT_S1POE = 0 (0)
00:00:01.162245                 FEAT_S2FWB = 0 (0)
00:00:01.162245                 FEAT_S2PIE = 0 (0)
00:00:01.162246                 FEAT_S2POE = 0 (0)
00:00:01.162246            FEAT_S2TGran16K = 0 (0)
00:00:01.162246             FEAT_S2TGran4K = 0 (0)
00:00:01.162247            FEAT_S2TGran64K = 0 (0)
00:00:01.162247                    FEAT_SB = 1 (1)
00:00:01.162248                FEAT_SCTLR2 = 0 (0)
00:00:01.162248                 FEAT_SEBEP = 0 (0)
00:00:01.162248                  FEAT_SEL2 = 0 (1)
00:00:01.162249                  FEAT_SHA1 = 0 (1)
00:00:01.162249                FEAT_SHA256 = 0 (1)
00:00:01.162251                  FEAT_SHA3 = 0 (1)
00:00:01.162251                FEAT_SHA512 = 0 (1)
00:00:01.162251                   FEAT_SM3 = 1 (1)
00:00:01.162252                   FEAT_SM4 = 1 (1)
00:00:01.162252                   FEAT_SME = 0 (0)
00:00:01.162252                  FEAT_SME2 = 0 (0)
00:00:01.162253                FEAT_SME2p1 = 0 (0)
00:00:01.162253                FEAT_SME2p2 = 0 (0)
00:00:01.162253            FEAT_SME_B16B16 = 0 (0)
00:00:01.162254            FEAT_SME_F16F16 = 0 (0)
00:00:01.162254            FEAT_SME_F64F64 = 0 (0)
00:00:01.162255             FEAT_SME_F8F16 = 0 (0)
00:00:01.162255             FEAT_SME_F8F32 = 0 (0)
00:00:01.162255              FEAT_SME_FA64 = 0 (0)
00:00:01.162256            FEAT_SME_I16I64 = 0 (0)
00:00:01.162256             FEAT_SME_LUTv2 = 0 (0)
00:00:01.162256              FEAT_SME_MOP4 = 0 (0)
00:00:01.162257              FEAT_SME_TMOP = 0 (0)
00:00:01.162257                   FEAT_SPE = 0 (0)
00:00:01.162257               FEAT_SPECRES = 1 (1)
00:00:01.162258              FEAT_SPECRES2 = 0 (0)
00:00:01.162258            FEAT_SPE_ALTCLK = 0 (0)
00:00:01.162259               FEAT_SPE_CRR = 0 (0)
00:00:01.162259             FEAT_SPE_DPFZS = 0 (0)
00:00:01.162260               FEAT_SPE_EFT = 0 (0)
00:00:01.162261               FEAT_SPE_EXC = 0 (0)
00:00:01.162261               FEAT_SPE_FDS = 0 (0)
00:00:01.162261               FEAT_SPE_FPF = 0 (0)
00:00:01.162262               FEAT_SPE_FnE = 0 (0)
00:00:01.162262               FEAT_SPE_PBT = 0 (0)
00:00:01.162262               FEAT_SPE_SME = 0 (0)
00:00:01.162263               FEAT_SPE_nVM = 0 (0)
00:00:01.162263               FEAT_SPEv1p1 = 0 (0)
00:00:01.162263               FEAT_SPEv1p2 = 0 (0)
00:00:01.162264               FEAT_SPEv1p3 = 0 (0)
00:00:01.162264               FEAT_SPEv1p4 = 0 (0)
00:00:01.162264               FEAT_SPEv1p5 = 0 (0)
00:00:01.162265                  FEAT_SPMU = 0 (0)
00:00:01.162265                 FEAT_SPMU2 = 0 (0)
00:00:01.162266                FEAT_SRMASK = 0 (0)
00:00:01.162266                  FEAT_SSBS = 1 (1)
00:00:01.162266                 FEAT_SSBS2 = 1 (1)
00:00:01.162267              FEAT_SSVE_AES = 0 (0)
00:00:01.162267          FEAT_SSVE_BitPerm = 0 (0)
00:00:01.162267            FEAT_SSVE_FEXPA = 0 (0)
00:00:01.162268          FEAT_SSVE_FP8DOT2 = 0 (0)
00:00:01.162268          FEAT_SSVE_FP8DOT4 = 0 (0)
00:00:01.162269           FEAT_SSVE_FP8FMA = 0 (0)
00:00:01.162270                 FEAT_STEP2 = 0 (0)
00:00:01.162270                   FEAT_SVE = 0 (0)
00:00:01.162271                  FEAT_SVE2 = 0 (0)
00:00:01.162271                FEAT_SVE2p1 = 0 (0)
00:00:01.162271                FEAT_SVE2p2 = 0 (0)
00:00:01.162272               FEAT_SVE_AES = 0 (0)
00:00:01.162272              FEAT_SVE_AES2 = 0 (0)
00:00:01.162273            FEAT_SVE_B16B16 = 0 (0)
00:00:01.162273           FEAT_SVE_BFSCALE = 0 (0)
00:00:01.162273           FEAT_SVE_BitPerm = 0 (0)
00:00:01.162273          FEAT_SVE_F16F32MM = 0 (0)
00:00:01.162274          FEAT_SVE_PMULL128 = 0 (0)
00:00:01.162274              FEAT_SVE_SHA3 = 0 (0)
00:00:01.162275               FEAT_SVE_SM4 = 0 (0)
00:00:01.162275           FEAT_SYSINSTR128 = 0 (0)
00:00:01.162275             FEAT_SYSREG128 = 0 (0)
00:00:01.162275               FEAT_SpecSEI = 1 (1)
00:00:01.162276                  FEAT_TCR2 = 0 (0)
00:00:01.162276              FEAT_TGran16K = 0 (0)
00:00:01.162277               FEAT_TGran4K = 1 (1)
00:00:01.162277              FEAT_TGran64K = 1 (1)
00:00:01.162277                   FEAT_THE = 0 (0)
00:00:01.162279                FEAT_TIDCP1 = 0 (0)
00:00:01.162279                FEAT_TLBIOS = 1 (1)
00:00:01.162280             FEAT_TLBIRANGE = 1 (1)
00:00:01.162280                 FEAT_TLBIW = 0 (0)
00:00:01.162280                   FEAT_TME = 0 (0)
00:00:01.162281                  FEAT_TRBE = 0 (0)
00:00:01.162281              FEAT_TRBE_EXC = 0 (0)
00:00:01.162282              FEAT_TRBE_EXT = 0 (0)
00:00:01.162282             FEAT_TRBE_MPAM = 0 (0)
00:00:01.162282              FEAT_TRBEv1p1 = 0 (0)
00:00:01.162283                FEAT_TRC_SR = 0 (0)
00:00:01.162283                   FEAT_TRF = 0 (0)
00:00:01.162283                 FEAT_TTCNP = 1 (1)
00:00:01.162284                   FEAT_TTL = 0 (0)
00:00:01.162284                  FEAT_TTST = 0 (0)
00:00:01.162284                  FEAT_TWED = 0 (0)
00:00:01.162285                   FEAT_UAO = 1 (1)
00:00:01.162285                  FEAT_UINJ = 0 (0)
00:00:01.162286                   FEAT_VHE = 0 (0)
00:00:01.162286                FEAT_VMID16 = 0 (0)
00:00:01.162286                 FEAT_VPIPT = 0 (0)
00:00:01.162287                  FEAT_WFxT = 0 (0)
00:00:01.162287                   FEAT_XNX = 0 (0)
00:00:01.162288                    FEAT_XS = 0 (0)
00:00:01.162288                FEAT_nTLBPA = 0 (0)
00:00:01.162289 
00:00:01.162289 ***************** End of CPU feature dump *******************
00:00:01.162374 VMEmt: Halt method nem (6)
00:00:01.162728 Changing the VM state from 'CREATING' to 'CREATED'
00:00:01.163787 NAT: DNS settings changed, triggering update
00:00:01.163797 NAT DNS Update: Stored 1678026946 as nameserver #0
00:00:01.163800 NAT DNS Update: Stored 1678289090 as nameserver #1
00:00:01.163802 NAT DNS Update: Stored 2 total nameservers
00:00:02.164312 Changing the VM state from 'CREATED' to 'POWERING_ON'
00:00:02.165465 VMSVGA3d: cap[0]=0x00000000 {3D}
00:00:02.165662 VMSVGA3d: cap[1]=0x00000000 {MAX_LIGHTS}
00:00:02.165663 VMSVGA3d: cap[2]=0x00000000 {MAX_TEXTURES}
00:00:02.165663 VMSVGA3d: cap[3]=0x00000000 {MAX_CLIP_PLANES}
00:00:02.165663 VMSVGA3d: cap[4]=0x00000000 {VERTEX_SHADER_VERSION}
00:00:02.165663 VMSVGA3d: cap[5]=0x00000000 {VERTEX_SHADER}
00:00:02.165664 VMSVGA3d: cap[6]=0x00000000 {FRAGMENT_SHADER_VERSION}
00:00:02.165664 VMSVGA3d: cap[7]=0x00000000 {FRAGMENT_SHADER}
00:00:02.165664 VMSVGA3d: cap[8]=0x00000000 {MAX_RENDER_TARGETS}
00:00:02.165664 VMSVGA3d: cap[9]=0x00000000 {S23E8_TEXTURES}
00:00:02.165665 VMSVGA3d: cap[10]=0x00000000 {S10E5_TEXTURES}
00:00:02.165665 VMSVGA3d: cap[11]=0x00000000 {MAX_FIXED_VERTEXBLEND}
00:00:02.165666 VMSVGA3d: cap[12]=0x00000000 {D16_BUFFER_FORMAT}
00:00:02.165666 VMSVGA3d: cap[13]=0x00000000 {D24S8_BUFFER_FORMAT}
00:00:02.165667 VMSVGA3d: cap[14]=0x00000000 {D24X8_BUFFER_FORMAT}
00:00:02.165668 VMSVGA3d: cap[15]=0x00000000 {QUERY_TYPES}
00:00:02.165668 VMSVGA3d: cap[16]=0x00000000 {TEXTURE_GRADIENT_SAMPLING}
00:00:02.165668 VMSVGA3d: cap[17]=0.000000 {MAX_POINT_SIZE}
00:00:02.165669 VMSVGA3d: cap[18]=0x00000000 {MAX_SHADER_TEXTURES}
00:00:02.165669 VMSVGA3d: cap[19]=0x00004000 {MAX_TEXTURE_WIDTH}
00:00:02.165669 VMSVGA3d: cap[20]=0x00004000 {MAX_TEXTURE_HEIGHT}
00:00:02.165669 VMSVGA3d: cap[21]=0x00000000 {MAX_VOLUME_EXTENT}
00:00:02.165670 VMSVGA3d: cap[22]=0x00000000 {MAX_TEXTURE_REPEAT}
00:00:02.165670 VMSVGA3d: cap[23]=0x00000000 {MAX_TEXTURE_ASPECT_RATIO}
00:00:02.165670 VMSVGA3d: cap[24]=0x00000000 {MAX_TEXTURE_ANISOTROPY}
00:00:02.165670 VMSVGA3d: cap[25]=0x00000000 {MAX_PRIMITIVE_COUNT}
00:00:02.165671 VMSVGA3d: cap[26]=0x00000000 {MAX_VERTEX_INDEX}
00:00:02.165671 VMSVGA3d: cap[27]=0x00000000 {MAX_VERTEX_SHADER_INSTRUCTIONS}
00:00:02.165671 VMSVGA3d: cap[28]=0x00000000 {MAX_FRAGMENT_SHADER_INSTRUCTIONS}
00:00:02.165671 VMSVGA3d: cap[29]=0x00000000 {MAX_VERTEX_SHADER_TEMPS}
00:00:02.165671 VMSVGA3d: cap[30]=0x00000000 {MAX_FRAGMENT_SHADER_TEMPS}
00:00:02.165672 VMSVGA3d: cap[31]=0x00000000 {TEXTURE_OPS}
00:00:02.165672 VMSVGA3d: cap[32]=0x00000000 {SURFACEFMT_X8R8G8B8}
00:00:02.165672 VMSVGA3d: cap[33]=0x00000000 {SURFACEFMT_A8R8G8B8}
00:00:02.165672 VMSVGA3d: cap[34]=0x00000000 {SURFACEFMT_A2R10G10B10}
00:00:02.165673 VMSVGA3d: cap[35]=0x00000000 {SURFACEFMT_X1R5G5B5}
00:00:02.165673 VMSVGA3d: cap[36]=0x00000000 {SURFACEFMT_A1R5G5B5}
00:00:02.165673 VMSVGA3d: cap[37]=0x00000000 {SURFACEFMT_A4R4G4B4}
00:00:02.165673 VMSVGA3d: cap[38]=0x00000000 {SURFACEFMT_R5G6B5}
00:00:02.165674 VMSVGA3d: cap[39]=0x00000000 {SURFACEFMT_LUMINANCE16}
00:00:02.165674 VMSVGA3d: cap[40]=0x00000000 {SURFACEFMT_LUMINANCE8_ALPHA8}
00:00:02.165674 VMSVGA3d: cap[41]=0x00000000 {SURFACEFMT_ALPHA8}
00:00:02.165674 VMSVGA3d: cap[42]=0x00000000 {SURFACEFMT_LUMINANCE8}
00:00:02.165674 VMSVGA3d: cap[43]=0x00000000 {SURFACEFMT_Z_D16}
00:00:02.165675 VMSVGA3d: cap[44]=0x00000000 {SURFACEFMT_Z_D24S8}
00:00:02.165675 VMSVGA3d: cap[45]=0x00000000 {SURFACEFMT_Z_D24X8}
00:00:02.165675 VMSVGA3d: cap[46]=0x00000000 {SURFACEFMT_DXT1}
00:00:02.165675 VMSVGA3d: cap[47]=0x00000000 {SURFACEFMT_DXT2}
00:00:02.165676 VMSVGA3d: cap[48]=0x00000000 {SURFACEFMT_DXT3}
00:00:02.165676 VMSVGA3d: cap[49]=0x00000000 {SURFACEFMT_DXT4}
00:00:02.165676 VMSVGA3d: cap[50]=0x00000000 {SURFACEFMT_DXT5}
00:00:02.165676 VMSVGA3d: cap[51]=0x00000000 {SURFACEFMT_BUMPX8L8V8U8}
00:00:02.165676 VMSVGA3d: cap[52]=0x00000000 {SURFACEFMT_A2W10V10U10}
00:00:02.165677 VMSVGA3d: cap[53]=0x00000000 {SURFACEFMT_BUMPU8V8}
00:00:02.165677 VMSVGA3d: cap[54]=0x00000000 {SURFACEFMT_Q8W8V8U8}
00:00:02.165677 VMSVGA3d: cap[55]=0x00000000 {SURFACEFMT_CxV8U8}
00:00:02.165677 VMSVGA3d: cap[56]=0x00000000 {SURFACEFMT_R_S10E5}
00:00:02.165677 VMSVGA3d: cap[57]=0x00000000 {SURFACEFMT_R_S23E8}
00:00:02.165678 VMSVGA3d: cap[58]=0x00000000 {SURFACEFMT_RG_S10E5}
00:00:02.165678 VMSVGA3d: cap[59]=0x00000000 {SURFACEFMT_RG_S23E8}
00:00:02.165678 VMSVGA3d: cap[60]=0x00000000 {SURFACEFMT_ARGB_S10E5}
00:00:02.165678 VMSVGA3d: cap[61]=0x00000000 {SURFACEFMT_ARGB_S23E8}
00:00:02.165679 VMSVGA3d: cap[62]=0x00000000 {MISSING62}
00:00:02.165679 VMSVGA3d: cap[63]=0x00000000 {MAX_VERTEX_SHADER_TEXTURES}
00:00:02.165679 VMSVGA3d: cap[64]=0x00000000 {MAX_SIMULTANEOUS_RENDER_TARGETS}
00:00:02.165679 VMSVGA3d: cap[65]=0x00000000 {SURFACEFMT_V16U16}
00:00:02.165679 VMSVGA3d: cap[66]=0x00000000 {SURFACEFMT_G16R16}
00:00:02.165680 VMSVGA3d: cap[67]=0x00000000 {SURFACEFMT_A16B16G16R16}
00:00:02.165680 VMSVGA3d: cap[68]=0x00000000 {SURFACEFMT_UYVY}
00:00:02.165680 VMSVGA3d: cap[69]=0x00000000 {SURFACEFMT_YUY2}
00:00:02.165680 VMSVGA3d: cap[70]=0x00000000 {DEAD4}
00:00:02.165681 VMSVGA3d: cap[71]=0x00000000 {DEAD5}
00:00:02.165681 VMSVGA3d: cap[72]=0x00000000 {DEAD7}
00:00:02.165681 VMSVGA3d: cap[73]=0x00000000 {DEAD6}
00:00:02.165681 VMSVGA3d: cap[74]=0x00000000 {AUTOGENMIPMAPS}
00:00:02.165681 VMSVGA3d: cap[75]=0x00000000 {SURFACEFMT_NV12}
00:00:02.165682 VMSVGA3d: cap[76]=0x00000000 {DEAD10}
00:00:02.165682 VMSVGA3d: cap[77]=0x00000000 {MAX_CONTEXT_IDS}
00:00:02.165682 VMSVGA3d: cap[78]=0x00000000 {MAX_SURFACE_IDS}
00:00:02.165682 VMSVGA3d: cap[79]=0x00000000 {SURFACEFMT_Z_DF16}
00:00:02.165683 VMSVGA3d: cap[80]=0x00000000 {SURFACEFMT_Z_DF24}
00:00:02.165683 VMSVGA3d: cap[81]=0x00000000 {SURFACEFMT_Z_D24S8_INT}
00:00:02.165683 VMSVGA3d: cap[82]=0x00000000 {SURFACEFMT_ATI1}
00:00:02.165683 VMSVGA3d: cap[83]=0x00000000 {SURFACEFMT_ATI2}
00:00:02.165683 VMSVGA3d: cap[84]=0x00000000 {DEAD1}
00:00:02.165684 VMSVGA3d: cap[85]=0x00000000 {DEAD8}
00:00:02.165684 VMSVGA3d: cap[86]=0x00000000 {DEAD9}
00:00:02.165684 VMSVGA3d: cap[87]=0x00000000 {LINE_AA}
00:00:02.165684 VMSVGA3d: cap[88]=0x00000000 {LINE_STIPPLE}
00:00:02.165685 VMSVGA3d: cap[89]=0.000000 {MAX_LINE_WIDTH}
00:00:02.165685 VMSVGA3d: cap[90]=0.000000 {MAX_AA_LINE_WIDTH}
00:00:02.165685 VMSVGA3d: cap[91]=0x00000000 {SURFACEFMT_YV12}
00:00:02.165685 VMSVGA3d: cap[92]=0x00000000 {DEAD3}
00:00:02.165686 VMSVGA3d: cap[93]=0x00000000 {TS_COLOR_KEY}
00:00:02.165686 VMSVGA3d: cap[94]=0x00000000 {DEAD2}
00:00:02.165686 VMSVGA3d: cap[95]=0x00000000 {DXCONTEXT}
00:00:02.165686 VMSVGA3d: cap[96]=0x00000000 {DEAD11}
00:00:02.165686 VMSVGA3d: cap[97]=0x00000000 {DX_MAX_VERTEXBUFFERS}
00:00:02.165687 VMSVGA3d: cap[98]=0x00000000 {DX_MAX_CONSTANT_BUFFERS}
00:00:02.165687 VMSVGA3d: cap[99]=0x00000000 {DX_PROVOKING_VERTEX}
00:00:02.165687 VMSVGA3d: cap[100]=0x00000005 {DXFMT_X8R8G8B8}
00:00:02.165687 VMSVGA3d: cap[101]=0x00000000 {DXFMT_A8R8G8B8}
00:00:02.165688 VMSVGA3d: cap[102]=0x00000000 {DXFMT_R5G6B5}
00:00:02.165688 VMSVGA3d: cap[103]=0x00000000 {DXFMT_X1R5G5B5}
00:00:02.165688 VMSVGA3d: cap[104]=0x00000000 {DXFMT_A1R5G5B5}
00:00:02.165688 VMSVGA3d: cap[105]=0x00000000 {DXFMT_A4R4G4B4}
00:00:02.165689 VMSVGA3d: cap[106]=0x00000000 {DXFMT_Z_D32}
00:00:02.165689 VMSVGA3d: cap[107]=0x00000000 {DXFMT_Z_D16}
00:00:02.165689 VMSVGA3d: cap[108]=0x00000000 {DXFMT_Z_D24S8}
00:00:02.165689 VMSVGA3d: cap[109]=0x00000000 {DXFMT_Z_D15S1}
00:00:02.165689 VMSVGA3d: cap[110]=0x00000000 {DXFMT_LUMINANCE8}
00:00:02.165690 VMSVGA3d: cap[111]=0x00000000 {DXFMT_LUMINANCE4_ALPHA4}
00:00:02.165690 VMSVGA3d: cap[112]=0x00000000 {DXFMT_LUMINANCE16}
00:00:02.165690 VMSVGA3d: cap[113]=0x00000000 {DXFMT_LUMINANCE8_ALPHA8}
00:00:02.165690 VMSVGA3d: cap[114]=0x00000000 {DXFMT_DXT1}
00:00:02.165691 VMSVGA3d: cap[115]=0x00000000 {DXFMT_DXT2}
00:00:02.165691 VMSVGA3d: cap[116]=0x00000000 {DXFMT_DXT3}
00:00:02.165691 VMSVGA3d: cap[117]=0x00000000 {DXFMT_DXT4}
00:00:02.165691 VMSVGA3d: cap[118]=0x00000000 {DXFMT_DXT5}
00:00:02.165691 VMSVGA3d: cap[119]=0x00000000 {DXFMT_BUMPU8V8}
00:00:02.165692 VMSVGA3d: cap[120]=0x00000000 {DXFMT_BUMPL6V5U5}
00:00:02.165692 VMSVGA3d: cap[121]=0x00000000 {DXFMT_BUMPX8L8V8U8}
00:00:02.165692 VMSVGA3d: cap[122]=0x00000000 {DXFMT_FORMAT_DEAD1}
00:00:02.165692 VMSVGA3d: cap[123]=0x00000000 {DXFMT_ARGB_S10E5}
00:00:02.165692 VMSVGA3d: cap[124]=0x00000000 {DXFMT_ARGB_S23E8}
00:00:02.165693 VMSVGA3d: cap[125]=0x00000000 {DXFMT_A2R10G10B10}
00:00:02.165693 VMSVGA3d: cap[126]=0x00000000 {DXFMT_V8U8}
00:00:02.165693 VMSVGA3d: cap[127]=0x00000000 {DXFMT_Q8W8V8U8}
00:00:02.165693 VMSVGA3d: cap[128]=0x00000000 {DXFMT_CxV8U8}
00:00:02.165694 VMSVGA3d: cap[129]=0x00000000 {DXFMT_X8L8V8U8}
00:00:02.165694 VMSVGA3d: cap[130]=0x00000000 {DXFMT_A2W10V10U10}
00:00:02.165694 VMSVGA3d: cap[131]=0x00000000 {DXFMT_ALPHA8}
00:00:02.165694 VMSVGA3d: cap[132]=0x00000000 {DXFMT_R_S10E5}
00:00:02.165696 VMSVGA3d: cap[133]=0x00000000 {DXFMT_R_S23E8}
00:00:02.165696 VMSVGA3d: cap[134]=0x00000000 {DXFMT_RG_S10E5}
00:00:02.165696 VMSVGA3d: cap[135]=0x00000000 {DXFMT_RG_S23E8}
00:00:02.165696 VMSVGA3d: cap[136]=0x00000000 {DXFMT_BUFFER}
00:00:02.165696 VMSVGA3d: cap[137]=0x00000000 {DXFMT_Z_D24X8}
00:00:02.165697 VMSVGA3d: cap[138]=0x00000000 {DXFMT_V16U16}
00:00:02.165697 VMSVGA3d: cap[139]=0x00000000 {DXFMT_G16R16}
00:00:02.165697 VMSVGA3d: cap[140]=0x00000000 {DXFMT_A16B16G16R16}
00:00:02.165697 VMSVGA3d: cap[141]=0x00000000 {DXFMT_UYVY}
00:00:02.165698 VMSVGA3d: cap[142]=0x00000000 {DXFMT_YUY2}
00:00:02.165698 VMSVGA3d: cap[143]=0x00000000 {DXFMT_NV12}
00:00:02.165698 VMSVGA3d: cap[144]=0x00000000 {DXFMT_FORMAT_DEAD2}
00:00:02.165698 VMSVGA3d: cap[145]=0x00000000 {DXFMT_R32G32B32A32_TYPELESS}
00:00:02.165698 VMSVGA3d: cap[146]=0x00000000 {DXFMT_R32G32B32A32_UINT}
00:00:02.165699 VMSVGA3d: cap[147]=0x00000000 {DXFMT_R32G32B32A32_SINT}
00:00:02.165699 VMSVGA3d: cap[148]=0x00000000 {DXFMT_R32G32B32_TYPELESS}
00:00:02.165699 VMSVGA3d: cap[149]=0x00000000 {DXFMT_R32G32B32_FLOAT}
00:00:02.165699 VMSVGA3d: cap[150]=0x00000000 {DXFMT_R32G32B32_UINT}
00:00:02.165699 VMSVGA3d: cap[151]=0x00000000 {DXFMT_R32G32B32_SINT}
00:00:02.165700 VMSVGA3d: cap[152]=0x00000000 {DXFMT_R16G16B16A16_TYPELESS}
00:00:02.165700 VMSVGA3d: cap[153]=0x00000000 {DXFMT_R16G16B16A16_UINT}
00:00:02.165700 VMSVGA3d: cap[154]=0x00000000 {DXFMT_R16G16B16A16_SNORM}
00:00:02.165700 VMSVGA3d: cap[155]=0x00000000 {DXFMT_R16G16B16A16_SINT}
00:00:02.165701 VMSVGA3d: cap[156]=0x00000000 {DXFMT_R32G32_TYPELESS}
00:00:02.165701 VMSVGA3d: cap[157]=0x00000000 {DXFMT_R32G32_UINT}
00:00:02.165701 VMSVGA3d: cap[158]=0x00000000 {DXFMT_R32G32_SINT}
00:00:02.165701 VMSVGA3d: cap[159]=0x00000000 {DXFMT_R32G8X24_TYPELESS}
00:00:02.165701 VMSVGA3d: cap[160]=0x00000000 {DXFMT_D32_FLOAT_S8X24_UINT}
00:00:02.165702 VMSVGA3d: cap[161]=0x00000000 {DXFMT_R32_FLOAT_X8X24}
00:00:02.165702 VMSVGA3d: cap[162]=0x00000000 {DXFMT_X32_G8X24_UINT}
00:00:02.165702 VMSVGA3d: cap[163]=0x00000000 {DXFMT_R10G10B10A2_TYPELESS}
00:00:02.165702 VMSVGA3d: cap[164]=0x00000000 {DXFMT_R10G10B10A2_UINT}
00:00:02.165703 VMSVGA3d: cap[165]=0x00000000 {DXFMT_R11G11B10_FLOAT}
00:00:02.165703 VMSVGA3d: cap[166]=0x00000000 {DXFMT_R8G8B8A8_TYPELESS}
00:00:02.165703 VMSVGA3d: cap[167]=0x00000000 {DXFMT_R8G8B8A8_UNORM}
00:00:02.165703 VMSVGA3d: cap[168]=0x00000000 {DXFMT_R8G8B8A8_UNORM_SRGB}
00:00:02.165703 VMSVGA3d: cap[169]=0x00000000 {DXFMT_R8G8B8A8_UINT}
00:00:02.165704 VMSVGA3d: cap[170]=0x00000000 {DXFMT_R8G8B8A8_SINT}
00:00:02.165704 VMSVGA3d: cap[171]=0x00000000 {DXFMT_R16G16_TYPELESS}
00:00:02.165704 VMSVGA3d: cap[172]=0x00000000 {DXFMT_R16G16_UINT}
00:00:02.165704 VMSVGA3d: cap[173]=0x00000000 {DXFMT_R16G16_SINT}
00:00:02.165705 VMSVGA3d: cap[174]=0x00000000 {DXFMT_R32_TYPELESS}
00:00:02.165705 VMSVGA3d: cap[175]=0x00000000 {DXFMT_D32_FLOAT}
00:00:02.165706 VMSVGA3d: cap[176]=0x00000000 {DXFMT_R32_UINT}
00:00:02.165706 VMSVGA3d: cap[177]=0x00000000 {DXFMT_R32_SINT}
00:00:02.165706 VMSVGA3d: cap[178]=0x00000000 {DXFMT_R24G8_TYPELESS}
00:00:02.165706 VMSVGA3d: cap[179]=0x00000000 {DXFMT_D24_UNORM_S8_UINT}
00:00:02.165706 VMSVGA3d: cap[180]=0x00000000 {DXFMT_R24_UNORM_X8}
00:00:02.165707 VMSVGA3d: cap[181]=0x00000000 {DXFMT_X24_G8_UINT}
00:00:02.165707 VMSVGA3d: cap[182]=0x00000000 {DXFMT_R8G8_TYPELESS}
00:00:02.165707 VMSVGA3d: cap[183]=0x00000000 {DXFMT_R8G8_UNORM}
00:00:02.165707 VMSVGA3d: cap[184]=0x00000000 {DXFMT_R8G8_UINT}
00:00:02.165708 VMSVGA3d: cap[185]=0x00000000 {DXFMT_R8G8_SINT}
00:00:02.165708 VMSVGA3d: cap[186]=0x00000000 {DXFMT_R16_TYPELESS}
00:00:02.165708 VMSVGA3d: cap[187]=0x00000000 {DXFMT_R16_UNORM}
00:00:02.165708 VMSVGA3d: cap[188]=0x00000000 {DXFMT_R16_UINT}
00:00:02.165708 VMSVGA3d: cap[189]=0x00000000 {DXFMT_R16_SNORM}
00:00:02.165709 VMSVGA3d: cap[190]=0x00000000 {DXFMT_R16_SINT}
00:00:02.165709 VMSVGA3d: cap[191]=0x00000000 {DXFMT_R8_TYPELESS}
00:00:02.165709 VMSVGA3d: cap[192]=0x00000000 {DXFMT_R8_UNORM}
00:00:02.165709 VMSVGA3d: cap[193]=0x00000000 {DXFMT_R8_UINT}
00:00:02.165710 VMSVGA3d: cap[194]=0x00000000 {DXFMT_R8_SNORM}
00:00:02.165710 VMSVGA3d: cap[195]=0x00000000 {DXFMT_R8_SINT}
00:00:02.165710 VMSVGA3d: cap[196]=0x00000000 {DXFMT_P8}
00:00:02.165710 VMSVGA3d: cap[197]=0x00000000 {DXFMT_R9G9B9E5_SHAREDEXP}
00:00:02.165710 VMSVGA3d: cap[198]=0x00000000 {DXFMT_R8G8_B8G8_UNORM}
00:00:02.165711 VMSVGA3d: cap[199]=0x00000000 {DXFMT_G8R8_G8B8_UNORM}
00:00:02.165711 VMSVGA3d: cap[200]=0x00000000 {DXFMT_BC1_TYPELESS}
00:00:02.165712 VMSVGA3d: cap[201]=0x00000000 {DXFMT_BC1_UNORM_SRGB}
00:00:02.165712 VMSVGA3d: cap[202]=0x00000000 {DXFMT_BC2_TYPELESS}
00:00:02.165712 VMSVGA3d: cap[203]=0x00000000 {DXFMT_BC2_UNORM_SRGB}
00:00:02.165712 VMSVGA3d: cap[204]=0x00000000 {DXFMT_BC3_TYPELESS}
00:00:02.165712 VMSVGA3d: cap[205]=0x00000000 {DXFMT_BC3_UNORM_SRGB}
00:00:02.165713 VMSVGA3d: cap[206]=0x00000000 {DXFMT_BC4_TYPELESS}
00:00:02.165713 VMSVGA3d: cap[207]=0x00000000 {DXFMT_ATI1}
00:00:02.165713 VMSVGA3d: cap[208]=0x00000000 {DXFMT_BC4_SNORM}
00:00:02.165713 VMSVGA3d: cap[209]=0x00000000 {DXFMT_BC5_TYPELESS}
00:00:02.165714 VMSVGA3d: cap[210]=0x00000000 {DXFMT_ATI2}
00:00:02.165714 VMSVGA3d: cap[211]=0x00000000 {DXFMT_BC5_SNORM}
00:00:02.165714 VMSVGA3d: cap[212]=0x00000000 {DXFMT_R10G10B10_XR_BIAS_A2_UNORM}
00:00:02.165714 VMSVGA3d: cap[213]=0x00000000 {DXFMT_B8G8R8A8_TYPELESS}
00:00:02.165715 VMSVGA3d: cap[214]=0x00000000 {DXFMT_B8G8R8A8_UNORM_SRGB}
00:00:02.165715 VMSVGA3d: cap[215]=0x00000000 {DXFMT_B8G8R8X8_TYPELESS}
00:00:02.165715 VMSVGA3d: cap[216]=0x00000000 {DXFMT_B8G8R8X8_UNORM_SRGB}
00:00:02.165715 VMSVGA3d: cap[217]=0x00000000 {DXFMT_Z_DF16}
00:00:02.165715 VMSVGA3d: cap[218]=0x00000000 {DXFMT_Z_DF24}
00:00:02.165716 VMSVGA3d: cap[219]=0x00000000 {DXFMT_Z_D24S8_INT}
00:00:02.165716 VMSVGA3d: cap[220]=0x00000000 {DXFMT_YV12}
00:00:02.165716 VMSVGA3d: cap[221]=0x00000000 {DXFMT_R32G32B32A32_FLOAT}
00:00:02.165716 VMSVGA3d: cap[222]=0x00000000 {DXFMT_R16G16B16A16_FLOAT}
00:00:02.165717 VMSVGA3d: cap[223]=0x00000000 {DXFMT_R16G16B16A16_UNORM}
00:00:02.165717 VMSVGA3d: cap[224]=0x00000000 {DXFMT_R32G32_FLOAT}
00:00:02.165717 VMSVGA3d: cap[225]=0x00000000 {DXFMT_R10G10B10A2_UNORM}
00:00:02.165717 VMSVGA3d: cap[226]=0x00000000 {DXFMT_R8G8B8A8_SNORM}
00:00:02.165717 VMSVGA3d: cap[227]=0x00000000 {DXFMT_R16G16_FLOAT}
00:00:02.165718 VMSVGA3d: cap[228]=0x00000000 {DXFMT_R16G16_UNORM}
00:00:02.165718 VMSVGA3d: cap[229]=0x00000000 {DXFMT_R16G16_SNORM}
00:00:02.165718 VMSVGA3d: cap[230]=0x00000000 {DXFMT_R32_FLOAT}
00:00:02.165718 VMSVGA3d: cap[231]=0x00000000 {DXFMT_R8G8_SNORM}
00:00:02.165719 VMSVGA3d: cap[232]=0x00000000 {DXFMT_R16_FLOAT}
00:00:02.165719 VMSVGA3d: cap[233]=0x00000000 {DXFMT_D16_UNORM}
00:00:02.165719 VMSVGA3d: cap[234]=0x00000000 {DXFMT_A8_UNORM}
00:00:02.165719 VMSVGA3d: cap[235]=0x00000000 {DXFMT_BC1_UNORM}
00:00:02.165719 VMSVGA3d: cap[236]=0x00000000 {DXFMT_BC2_UNORM}
00:00:02.165720 VMSVGA3d: cap[237]=0x00000000 {DXFMT_BC3_UNORM}
00:00:02.165720 VMSVGA3d: cap[238]=0x00000000 {DXFMT_B5G6R5_UNORM}
00:00:02.165720 VMSVGA3d: cap[239]=0x00000000 {DXFMT_B5G5R5A1_UNORM}
00:00:02.165720 VMSVGA3d: cap[240]=0x00000000 {DXFMT_B8G8R8A8_UNORM}
00:00:02.165721 VMSVGA3d: cap[241]=0x00000000 {DXFMT_B8G8R8X8_UNORM}
00:00:02.165721 VMSVGA3d: cap[242]=0x00000000 {DXFMT_BC4_UNORM}
00:00:02.165721 VMSVGA3d: cap[243]=0x00000000 {DXFMT_BC5_UNORM}
00:00:02.165723 VMSVGA3d: cap[244]=0x00000000 {SM41}
00:00:02.165723 VMSVGA3d: cap[245]=0x00000000 {MULTISAMPLE_2X}
00:00:02.165723 VMSVGA3d: cap[246]=0x00000000 {MULTISAMPLE_4X}
00:00:02.165723 VMSVGA3d: cap[247]=0x00000000 {MS_FULL_QUALITY}
00:00:02.165724 VMSVGA3d: cap[248]=0x00000000 {LOGICOPS}
00:00:02.165724 VMSVGA3d: cap[249]=0x00000000 {LOGIC_BLENDOPS}
00:00:02.165724 VMSVGA3d: cap[250]=0x00000000 {RESERVED_1}
00:00:02.165724 VMSVGA3d: cap[251]=0x00000000 {DXFMT_BC6H_TYPELESS}
00:00:02.165725 VMSVGA3d: cap[252]=0x00000000 {DXFMT_BC6H_UF16}
00:00:02.165725 VMSVGA3d: cap[253]=0x00000000 {DXFMT_BC6H_SF16}
00:00:02.165725 VMSVGA3d: cap[254]=0x00000000 {DXFMT_BC7_TYPELESS}
00:00:02.165726 VMSVGA3d: cap[255]=0x00000000 {DXFMT_BC7_UNORM}
00:00:02.165726 VMSVGA3d: cap[256]=0x00000000 {DXFMT_BC7_UNORM_SRGB}
00:00:02.165726 VMSVGA3d: cap[257]=0x00000000 {RESERVED_2}
00:00:02.165726 VMSVGA3d: cap[258]=0x00000000 {SM5}
00:00:02.165727 VMSVGA3d: cap[259]=0x00000000 {MULTISAMPLE_8X}
00:00:02.165735 AIOMgr: Endpoints without assigned bandwidth groups:
00:00:02.165818 AIOMgr:     C:\Users\rakhi\Downloads\kali-linux-2026.2-installer-arm64.iso
00:00:02.165825 AIOMgr:     C:\Users\rakhi\OneDrive\Desktop\Extra coding stuff\Astra\Astra.vdi
00:00:02.166251 Changing the VM state from 'POWERING_ON' to 'RUNNING'
00:00:02.166272 Console: Machine state changed to 'Running'
00:00:02.166537 virtioCoreVirtqAvailBufCount: Driver not ready
00:00:02.166552 virtioCoreVirtqAvailBufCount: Driver not ready
00:00:02.166562 virtioCoreVirtqAvailBufCount: Driver not ready
00:00:02.166571 virtioCoreVirtqAvailBufCount: Driver not ready
00:00:02.166580 virtioCoreVirtqAvailBufCount: Driver not ready
00:00:02.236841 GUI: UIMachineLogicNormal::sltCheckForRequestedVisualStateType: Requested-state=1, Machine-state=6
00:00:04.836177 Changing the VM state from 'RUNNING' to 'SUSPENDING'
00:00:04.836459 PDMR3Suspend: after     0 ms, 1 loops: 1 async tasks - virtio-scsi/0
00:00:04.846930 AIOMgr: Endpoint for file 'C:\Users\rakhi\OneDrive\Desktop\Extra coding stuff\Astra\Astra.vdi' (flags 000c0781) created successfully
00:00:04.846961 AioMgr0-N: Request 0x00015e0c5fe400 failed with rc=VERR_INVALID_PARAMETER, migrating endpoint C:\Users\rakhi\OneDrive\Desktop\Extra coding stuff\Astra\Astra.vdi to failsafe manager.
00:00:04.848241 PDMR3Suspend: 11 802 792 ns run time
00:00:04.848257 Changing the VM state from 'SUSPENDING' to 'SUSPENDED'
00:00:04.848264 Console: Machine state changed to 'Paused'
00:00:07.402041 GUI: Request for close-action to power VM off.
00:00:07.402202 GUI: Powering VM off..
00:00:07.413579 Console: Machine state changed to 'Stopping'
00:00:07.414331 Console::powerDown(): A request to power off the VM has been issued (mMachineState=Stopping, InUninit=0)
00:00:08.489136 GUI: Cannot notify guest about VM window out-of-focus event
00:00:09.850648 Changing the VM state from 'SUSPENDED' to 'POWERING_OFF'
00:00:09.850678 ****************** Guest state at power off for VCpu 2 ******************
00:00:09.850684 Guest CPUM (VCPU 2) state: 
00:00:09.850919  x0=0000000000000000  x1=0000000000000000  x2=0000000000000000  x3=0000000000000000
00:00:09.850921  x4=0000000000000000  x5=0000000000000000  x6=0000000000000000  x7=0000000000000000
00:00:09.850921  x8=0000000000000000  x9=0000000000000000 x10=0000000000000000 x11=0000000000000000
00:00:09.850922 x12=0000000000000000 x13=0000000000000000 x14=0000000000000000 x15=0000000000000000
00:00:09.850922 x16=0000000000000000 x17=0000000000000000 x18=0000000000000000 x19=0000000000000000
00:00:09.850923 x20=0000000000000000 x21=0000000000000000 x22=0000000000000000 x23=0000000000000000
00:00:09.850923 x24=0000000000000000 x25=0000000000000000 x26=0000000000000000 x27=0000000000000000
00:00:09.850923 x28=0000000000000000 x29=0000000000000000 x30=0000000000000000
00:00:09.850923  pc=0000000000000000 psr=0000000003c5 ---- EL1 SP nF nI nA nD
00:00:09.850924       sp_el0=0000000000000000    sp_el1=0000000000000000  sctlr_el1=0000000030000180
00:00:09.850924      tcr_el1=0000000000000000 ttbr0_el1=0000000000000000  ttbr1_el1=0000000000000000
00:00:09.850925     vbar_el1=0000000000000000   elr_el1=0000000000000000    esr_el1=0000000000000000
00:00:09.850925  tpidrr0_el0=0000000000000000                        contextidr_el1=0000000000000000
00:00:09.850925    tpidr_el0=0000000000000000 tpidr_el1=0000000000000000
00:00:09.850925      far_el1=0000000000000000  mair_el1=0000000000000000    par_el1=0000000000000800
00:00:09.850926 cntv_ctl_el0=0000000000000000                          cntv_val_el0=0000000000000000
00:00:09.850926    afsr0_el1=0000000000000000 afsr0_el1=0000000000000000  amair_el1=0000000000000000
00:00:09.850926  cntkctl_el1=0000000000000000 cpacr_el1=0000000000000000 csselr_el1=0000000000000000
00:00:09.850927  mdccint_el1=0000000000000000
00:00:09.850927 fpcr=0000000000000000 fpsr=0000000000000000
00:00:09.850927 q0 =00000000'00000000'00000000'00000000  q1 =00000000'00000000'00000000'00000000
00:00:09.850928 q2 =00000000'00000000'00000000'00000000  q3 =00000000'00000000'00000000'00000000
00:00:09.850929 q4 =00000000'00000000'00000000'00000000  q5 =00000000'00000000'00000000'00000000
00:00:09.850929 q6 =00000000'00000000'00000000'00000000  q7 =00000000'00000000'00000000'00000000
00:00:09.850930 q8 =00000000'00000000'00000000'00000000  q9 =00000000'00000000'00000000'00000000
00:00:09.850931 q10=00000000'00000000'00000000'00000000  q11=00000000'00000000'00000000'00000000
00:00:09.850932 q12=00000000'00000000'00000000'00000000  q13=00000000'00000000'00000000'00000000
00:00:09.850932 q14=00000000'00000000'00000000'00000000  q15=00000000'00000000'00000000'00000000
00:00:09.850933 q16=00000000'00000000'00000000'00000000  q17=00000000'00000000'00000000'00000000
00:00:09.850934 q18=00000000'00000000'00000000'00000000  q19=00000000'00000000'00000000'00000000
00:00:09.850934 q20=00000000'00000000'00000000'00000000  q21=00000000'00000000'00000000'00000000
00:00:09.850935 q22=00000000'00000000'00000000'00000000  q23=00000000'00000000'00000000'00000000
00:00:09.850936 q24=00000000'00000000'00000000'00000000  q25=00000000'00000000'00000000'00000000
00:00:09.850936 q26=00000000'00000000'00000000'00000000  q27=00000000'00000000'00000000'00000000
00:00:09.850937 q28=00000000'00000000'00000000'00000000  q29=00000000'00000000'00000000'00000000
00:00:09.850938 q30=00000000'00000000'00000000'00000000  q31=00000000'00000000'00000000'00000000
00:00:09.850938 mdscr_el1=0000000000000000
00:00:09.850939 DbgBp0 : Control=0000000000000000 Value=0000000000000000
00:00:09.850939 DbgBp1 : Control=0000000000000000 Value=0000000000000000
00:00:09.850939 DbgBp2 : Control=0000000000000000 Value=0000000000000000
00:00:09.850940 DbgBp3 : Control=0000000000000000 Value=0000000000000000
00:00:09.850940 DbgBp4 : Control=0000000000000000 Value=0000000000000000
00:00:09.850940 DbgBp5 : Control=0000000000000000 Value=0000000000000000
00:00:09.850940 DbgBp6 : Control=0000000000000000 Value=0000000000000000
00:00:09.850941 DbgBp7 : Control=0000000000000000 Value=0000000000000000
00:00:09.850941 DbgBp8 : Control=0000000000000000 Value=0000000000000000
00:00:09.850941 DbgBp9 : Control=0000000000000000 Value=0000000000000000
00:00:09.850941 DbgBp10: Control=0000000000000000 Value=0000000000000000
00:00:09.850942 DbgBp11: Control=0000000000000000 Value=0000000000000000
00:00:09.850942 DbgBp12: Control=0000000000000000 Value=0000000000000000
00:00:09.850942 DbgBp13: Control=0000000000000000 Value=0000000000000000
00:00:09.850942 DbgBp14: Control=0000000000000000 Value=0000000000000000
00:00:09.850943 DbgBp15: Control=0000000000000000 Value=0000000000000000
00:00:09.850943 DbgWp0 : Control=0000000000000000 Value=0000000000000000
00:00:09.850943 DbgWp1 : Control=0000000000000000 Value=0000000000000000
00:00:09.850944 DbgWp2 : Control=0000000000000000 Value=0000000000000000
00:00:09.850944 DbgWp3 : Control=0000000000000000 Value=0000000000000000
00:00:09.850944 DbgWp4 : Control=0000000000000000 Value=0000000000000000
00:00:09.850944 DbgWp5 : Control=0000000000000000 Value=0000000000000000
00:00:09.850945 DbgWp6 : Control=0000000000000000 Value=0000000000000000
00:00:09.850945 DbgWp7 : Control=0000000000000000 Value=0000000000000000
00:00:09.850945 DbgWp8 : Control=0000000000000000 Value=0000000000000000
00:00:09.850945 DbgWp9 : Control=0000000000000000 Value=0000000000000000
00:00:09.850946 DbgWp10: Control=0000000000000000 Value=0000000000000000
00:00:09.850946 DbgWp11: Control=0000000000000000 Value=0000000000000000
00:00:09.850946 DbgWp12: Control=0000000000000000 Value=0000000000000000
00:00:09.850946 DbgWp13: Control=0000000000000000 Value=0000000000000000
00:00:09.850947 DbgWp14: Control=0000000000000000 Value=0000000000000000
00:00:09.850947 DbgWp15: Control=0000000000000000 Value=0000000000000000
00:00:09.850947 APDAKey=0000000000000000'0000000000000000
00:00:09.850947 APDBKey=0000000000000000'0000000000000000
00:00:09.850948 APGAKey=0000000000000000'0000000000000000
00:00:09.850948 APIAKey=0000000000000000'0000000000000000
00:00:09.850948 APIBKey=0000000000000000'0000000000000000
00:00:09.850949 ***
00:00:09.850954 ***
00:00:09.850955 ***
00:00:09.850956 ************** End of Guest state at power off for VCpu 2 ***************
00:00:09.850973 ****************** Guest state at power off for VCpu 1 ******************
00:00:09.850974 Guest CPUM (VCPU 1) state: 
00:00:09.850974  x0=0000000000000000  x1=0000000000000000  x2=0000000000000000  x3=0000000000000000
00:00:09.850975  x4=0000000000000000  x5=0000000000000000  x6=0000000000000000  x7=0000000000000000
00:00:09.850975  x8=0000000000000000  x9=0000000000000000 x10=0000000000000000 x11=0000000000000000
00:00:09.850979 x12=0000000000000000 x13=0000000000000000 x14=0000000000000000 x15=0000000000000000
00:00:09.850979 x16=0000000000000000 x17=0000000000000000 x18=0000000000000000 x19=0000000000000000
00:00:09.850979 x20=0000000000000000 x21=0000000000000000 x22=0000000000000000 x23=0000000000000000
00:00:09.850980 x24=0000000000000000 x25=0000000000000000 x26=0000000000000000 x27=0000000000000000
00:00:09.850980 x28=0000000000000000 x29=0000000000000000 x30=0000000000000000
00:00:09.850980  pc=0000000000000000 psr=0000000003c5 ---- EL1 SP nF nI nA nD
00:00:09.850981       sp_el0=0000000000000000    sp_el1=0000000000000000  sctlr_el1=0000000030000180
00:00:09.850981      tcr_el1=0000000000000000 ttbr0_el1=0000000000000000  ttbr1_el1=0000000000000000
00:00:09.850981     vbar_el1=0000000000000000   elr_el1=0000000000000000    esr_el1=0000000000000000
00:00:09.850982  tpidrr0_el0=0000000000000000                        contextidr_el1=0000000000000000
00:00:09.850982    tpidr_el0=0000000000000000 tpidr_el1=0000000000000000
00:00:09.850982      far_el1=0000000000000000  mair_el1=0000000000000000    par_el1=0000000000000800
00:00:09.850983 cntv_ctl_el0=0000000000000000                          cntv_val_el0=0000000000000000
00:00:09.850983    afsr0_el1=0000000000000000 afsr0_el1=0000000000000000  amair_el1=0000000000000000
00:00:09.850983  cntkctl_el1=0000000000000000 cpacr_el1=0000000000000000 csselr_el1=0000000000000000
00:00:09.850983  mdccint_el1=0000000000000000
00:00:09.850984 fpcr=0000000000000000 fpsr=0000000000000000
00:00:09.850984 q0 =00000000'00000000'00000000'00000000  q1 =00000000'00000000'00000000'00000000
00:00:09.850985 q2 =00000000'00000000'00000000'00000000  q3 =00000000'00000000'00000000'00000000
00:00:09.850985 q4 =00000000'00000000'00000000'00000000  q5 =00000000'00000000'00000000'00000000
00:00:09.850986 q6 =00000000'00000000'00000000'00000000  q7 =00000000'00000000'00000000'00000000
00:00:09.850987 q8 =00000000'00000000'00000000'00000000  q9 =00000000'00000000'00000000'00000000
00:00:09.850987 q10=00000000'00000000'00000000'00000000  q11=00000000'00000000'00000000'00000000
00:00:09.850988 q12=00000000'00000000'00000000'00000000  q13=00000000'00000000'00000000'00000000
00:00:09.850989 q14=00000000'00000000'00000000'00000000  q15=00000000'00000000'00000000'00000000
00:00:09.850989 q16=00000000'00000000'00000000'00000000  q17=00000000'00000000'00000000'00000000
00:00:09.850990 q18=00000000'00000000'00000000'00000000  q19=00000000'00000000'00000000'00000000
00:00:09.850991 q20=00000000'00000000'00000000'00000000  q21=00000000'00000000'00000000'00000000
00:00:09.850991 q22=00000000'00000000'00000000'00000000  q23=00000000'00000000'00000000'00000000
00:00:09.850992 q24=00000000'00000000'00000000'00000000  q25=00000000'00000000'00000000'00000000
00:00:09.850993 q26=00000000'00000000'00000000'00000000  q27=00000000'00000000'00000000'00000000
00:00:09.850993 q28=00000000'00000000'00000000'00000000  q29=00000000'00000000'00000000'00000000
00:00:09.850994 q30=00000000'00000000'00000000'00000000  q31=00000000'00000000'00000000'00000000
00:00:09.850995 mdscr_el1=0000000000000000
00:00:09.850995 DbgBp0 : Control=0000000000000000 Value=0000000000000000
00:00:09.850995 DbgBp1 : Control=0000000000000000 Value=0000000000000000
00:00:09.850996 DbgBp2 : Control=0000000000000000 Value=0000000000000000
00:00:09.850996 DbgBp3 : Control=0000000000000000 Value=0000000000000000
00:00:09.850996 DbgBp4 : Control=0000000000000000 Value=0000000000000000
00:00:09.850996 DbgBp5 : Control=0000000000000000 Value=0000000000000000
00:00:09.850997 DbgBp6 : Control=0000000000000000 Value=0000000000000000
00:00:09.850997 DbgBp7 : Control=0000000000000000 Value=0000000000000000
00:00:09.850997 DbgBp8 : Control=0000000000000000 Value=0000000000000000
00:00:09.850998 DbgBp9 : Control=0000000000000000 Value=0000000000000000
00:00:09.850998 DbgBp10: Control=0000000000000000 Value=0000000000000000
00:00:09.850998 DbgBp11: Control=0000000000000000 Value=0000000000000000
00:00:09.850998 DbgBp12: Control=0000000000000000 Value=0000000000000000
00:00:09.850999 DbgBp13: Control=0000000000000000 Value=0000000000000000
00:00:09.850999 DbgBp14: Control=0000000000000000 Value=0000000000000000
00:00:09.850999 DbgBp15: Control=0000000000000000 Value=0000000000000000
00:00:09.850999 DbgWp0 : Control=0000000000000000 Value=0000000000000000
00:00:09.851000 DbgWp1 : Control=0000000000000000 Value=0000000000000000
00:00:09.851000 DbgWp2 : Control=0000000000000000 Value=0000000000000000
00:00:09.851000 DbgWp3 : Control=0000000000000000 Value=0000000000000000
00:00:09.851001 DbgWp4 : Control=0000000000000000 Value=0000000000000000
00:00:09.851001 DbgWp5 : Control=0000000000000000 Value=0000000000000000
00:00:09.851001 DbgWp6 : Control=0000000000000000 Value=0000000000000000
00:00:09.851001 DbgWp7 : Control=0000000000000000 Value=0000000000000000
00:00:09.851002 DbgWp8 : Control=0000000000000000 Value=0000000000000000
00:00:09.851002 DbgWp9 : Control=0000000000000000 Value=0000000000000000
00:00:09.851002 DbgWp10: Control=0000000000000000 Value=0000000000000000
00:00:09.851002 DbgWp11: Control=0000000000000000 Value=0000000000000000
00:00:09.851003 DbgWp12: Control=0000000000000000 Value=0000000000000000
00:00:09.851003 DbgWp13: Control=0000000000000000 Value=0000000000000000
00:00:09.851003 DbgWp14: Control=0000000000000000 Value=0000000000000000
00:00:09.851004 DbgWp15: Control=0000000000000000 Value=0000000000000000
00:00:09.851004 APDAKey=0000000000000000'0000000000000000
00:00:09.851004 APDBKey=0000000000000000'0000000000000000
00:00:09.851004 APGAKey=0000000000000000'0000000000000000
00:00:09.851004 APIAKey=0000000000000000'0000000000000000
00:00:09.851005 APIBKey=0000000000000000'0000000000000000
00:00:09.851005 ***
00:00:09.851006 ***
00:00:09.851007 ***
00:00:09.851007 ************** End of Guest state at power off for VCpu 1 ***************
00:00:09.851031 ****************** Guest state at power off for VCpu 0 ******************
00:00:09.851034 Guest CPUM (VCPU 0) state: 
00:00:09.851035  x0=ffffffffffffffff  x1=ffffffffffffffff  x2=0000000000040000  x3=fffffffffffb92a0
00:00:09.851036  x4=00000000df70f320  x5=00000000df6c85c0  x6=0000000070616d6d  x7=0000000000000000
00:00:09.851037  x8=0000000000000000  x9=0000000030646870 x10=00000000df4b0028 x11=00000000df6affff
00:00:09.851037 x12=0000000000000030 x13=00000000df70b180 x14=00000000df70b2a0 x15=0000000000000001
00:00:09.851038 x16=00000000df70b598 x17=00000000df4bffff x18=0000000000000000 x19=00000000df470018
00:00:09.851040 x20=000000000002d778 x21=000000000402d770 x22=00000000df49d788 x23=00000000de371000
00:00:09.851041 x24=00000000de371bc0 x25=0000000000000000 x26=00000000df70be98 x27=8000000000000002
00:00:09.851041 x28=00000000df70f000 x29=00000000df6e9c20 x30=00000000de241764
00:00:09.851041  pc=00000000de240084 psr=000040000305 -Z-- EL1 SP F I nA nD
00:00:09.851042       sp_el0=00000000de7750d0    sp_el1=00000000df6e9c20  sctlr_el1=000000003000118d
00:00:09.851042      tcr_el1=0000000280803518 ttbr0_el1=00000000dffff000  ttbr1_el1=0000000000000000
00:00:09.851043     vbar_el1=00000000de76f000   elr_el1=0000000000000000    esr_el1=0000000000000000
00:00:09.851043  tpidrr0_el0=0000000000000000                        contextidr_el1=0000000000000000
00:00:09.851043    tpidr_el0=00000000dc01ed08 tpidr_el1=0000000000000000
00:00:09.851043      far_el1=0000000000000000  mair_el1=00000000ffbb4400    par_el1=0000000000000800
00:00:09.851044 cntv_ctl_el0=0000000000000000                          cntv_val_el0=0000000000000000
00:00:09.851044    afsr0_el1=0000000000000000 afsr0_el1=0000000000000000  amair_el1=0000000000000000
00:00:09.851044  cntkctl_el1=0000000000000000 cpacr_el1=0000000000300000 csselr_el1=0000000000000000
00:00:09.851045  mdccint_el1=0000000000000000
00:00:09.851045 fpcr=0000000000000000 fpsr=0000000000000000
00:00:09.851045 q0 =00000000'00000004'00000000'00000010  q1 =00000000'00000000'00000000'00000000
00:00:09.851046 q2 =00000200'00000100'80000000'80000200  q3 =00000040'00023196'02000060'5e8b0048
00:00:09.851047 q4 =00000000'00000004'00000000'00000002  q5 =00000000'00000000'00000000'00000000
00:00:09.851048 q6 =00000000'00000000'00000000'00000000  q7 =00000000'00000000'00000000'00000000
00:00:09.851049 q8 =00000000'00000000'00000000'00000000  q9 =00000000'00000000'00000000'00000000
00:00:09.851050 q10=00000000'00000000'00000000'00000000  q11=00000000'00000000'00000000'00000000
00:00:09.851050 q12=00000000'00000000'00000000'00000000  q13=00000000'00000000'00000000'00000000
00:00:09.851051 q14=00000000'00000000'00000000'00000000  q15=00000000'00000000'00000000'00000000
00:00:09.851052 q16=00000000'00000000'00000000'00000000  q17=00000000'00000000'00000000'00000000
00:00:09.851053 q18=00000000'00000000'00000000'00000000  q19=00000000'00000000'00000000'00000000
00:00:09.851053 q20=00000000'00000000'00000000'00000000  q21=00000000'00000000'00000000'00000000
00:00:09.851054 q22=00000000'00000000'00000000'00000000  q23=00000000'00000000'00000000'00000000
00:00:09.851055 q24=00000000'00000000'00000000'00000000  q25=00000000'00000000'00000000'00000000
00:00:09.851055 q26=00000000'00000000'00000000'00000000  q27=00000000'00000000'00000000'00000000
00:00:09.851056 q28=00000000'00000000'00000000'00000000  q29=00000000'00000000'00000000'00000000
00:00:09.851057 q30=00000000'00000000'00000000'00000000  q31=00000000'00000000'00000000'00000000
00:00:09.851057 mdscr_el1=0000000000000000
00:00:09.851057 DbgBp0 : Control=0000000000000000 Value=0000000000000000
00:00:09.851058 DbgBp1 : Control=0000000000000000 Value=0000000000000000
00:00:09.851058 DbgBp2 : Control=0000000000000000 Value=0000000000000000
00:00:09.851058 DbgBp3 : Control=0000000000000000 Value=0000000000000000
00:00:09.851059 DbgBp4 : Control=0000000000000000 Value=0000000000000000
00:00:09.851059 DbgBp5 : Control=0000000000000000 Value=0000000000000000
00:00:09.851059 DbgBp6 : Control=0000000000000000 Value=0000000000000000
00:00:09.851059 DbgBp7 : Control=0000000000000000 Value=0000000000000000
00:00:09.851060 DbgBp8 : Control=0000000000000000 Value=0000000000000000
00:00:09.851060 DbgBp9 : Control=0000000000000000 Value=0000000000000000
00:00:09.851060 DbgBp10: Control=0000000000000000 Value=0000000000000000
00:00:09.851060 DbgBp11: Control=0000000000000000 Value=0000000000000000
00:00:09.851061 DbgBp12: Control=0000000000000000 Value=0000000000000000
00:00:09.851061 DbgBp13: Control=0000000000000000 Value=0000000000000000
00:00:09.851061 DbgBp14: Control=0000000000000000 Value=0000000000000000
00:00:09.851062 DbgBp15: Control=0000000000000000 Value=0000000000000000
00:00:09.851062 DbgWp0 : Control=0000000000000000 Value=0000000000000000
00:00:09.851062 DbgWp1 : Control=0000000000000000 Value=0000000000000000
00:00:09.851062 DbgWp2 : Control=0000000000000000 Value=0000000000000000
00:00:09.851063 DbgWp3 : Control=0000000000000000 Value=0000000000000000
00:00:09.851063 DbgWp4 : Control=0000000000000000 Value=0000000000000000
00:00:09.851063 DbgWp5 : Control=0000000000000000 Value=0000000000000000
00:00:09.851063 DbgWp6 : Control=0000000000000000 Value=0000000000000000
00:00:09.851064 DbgWp7 : Control=0000000000000000 Value=0000000000000000
00:00:09.851064 DbgWp8 : Control=0000000000000000 Value=0000000000000000
00:00:09.851064 DbgWp9 : Control=0000000000000000 Value=0000000000000000
00:00:09.851065 DbgWp10: Control=0000000000000000 Value=0000000000000000
00:00:09.851065 DbgWp11: Control=0000000000000000 Value=0000000000000000
00:00:09.851065 DbgWp12: Control=0000000000000000 Value=0000000000000000
00:00:09.851065 DbgWp13: Control=0000000000000000 Value=0000000000000000
00:00:09.851066 DbgWp14: Control=0000000000000000 Value=0000000000000000
00:00:09.851066 DbgWp15: Control=0000000000000000 Value=0000000000000000
00:00:09.851066 APDAKey=0000000000000000'0000000000000000
00:00:09.851066 APDBKey=0000000000000000'0000000000000000
00:00:09.851067 APGAKey=0000000000000000'0000000000000000
00:00:09.851067 APIAKey=0000000000000000'0000000000000000
00:00:09.851067 APIBKey=0000000000000000'0000000000000000
00:00:09.851068 ***
00:00:09.851069 ***
00:00:09.851070 ***
00:00:09.851071 Active Timers (pVM=0000015e13d60000)
00:00:09.851072 pTimerR3         offNext  offPrev  offSched Clock               Time             Expire HzHint State                     Description
00:00:09.851074 0000015e13969100 00000006 ffffffff ffffffff Real           103153224          103148216      0 2-ACTIVE                  VGA Refresh
00:00:09.851076 0000015e13969300 ffffffff 00000002 ffffffff Real           103153224          103148548      0 2-ACTIVE                  CPU Load Timer
00:00:09.851078 0000015e139dd180 ffffffff ffffffff ffffffff Virt          2682279216         5000000000      0 2-ACTIVE                  E1000 Link Up
00:00:09.851080 ***
00:00:09.851080 ************** End of Guest state at power off ***************
00:00:09.851617 PDMR3PowerOff: after     0 ms, 1 loops: 1 async tasks - virtio-scsi/0
00:00:09.852051 PDMR3PowerOff: 960 409 ns run time
00:00:09.852061 Changing the VM state from 'POWERING_OFF' to 'OFF'
00:00:09.855659 Changing the VM state from 'OFF' to 'DESTROYING'
00:00:12.853489 ************************* Statistics *************************
00:00:12.853516 /Devices/VMMDev/BalloonChunks                      0 count
00:00:12.853520 /Devices/VMMDev/FastIrqAckR3                       0 count
00:00:12.853522 /Devices/VMMDev/FastIrqAckRZ                       0 count
00:00:12.853525 /Devices/VMMDev/HGCM-Kernel/BudgetAvailable 697909930 bytes
00:00:12.853528 /Devices/VMMDev/HGCM-Kernel/BudgetConfig   697909930 bytes
00:00:12.853530 /Devices/VMMDev/HGCM-Kernel/BudgetOverruns         0 bytes
00:00:12.853532 /Devices/VMMDev/HGCM-Kernel/MessageHeapUsage         0 bytes/call (           0 bytes,       0 calls, max         0, min      -1)
00:00:12.853535 /Devices/VMMDev/HGCM-Root/BudgetAvailable  697909930 bytes
00:00:12.853538 /Devices/VMMDev/HGCM-Root/BudgetConfig     697909930 bytes
00:00:12.853540 /Devices/VMMDev/HGCM-Root/BudgetOverruns           0 bytes
00:00:12.853543 /Devices/VMMDev/HGCM-Root/MessageHeapUsage         0 bytes/call (           0 bytes,       0 calls, max         0, min      -1)
00:00:12.853545 /Devices/VMMDev/HGCM-User/BudgetAvailable  697909930 bytes
00:00:12.853547 /Devices/VMMDev/HGCM-User/BudgetConfig     697909930 bytes
00:00:12.853550 /Devices/VMMDev/HGCM-User/BudgetOverruns           0 bytes
00:00:12.853551 /Devices/VMMDev/HGCM-User/MessageHeapUsage         0 bytes/call (           0 bytes,       0 calls, max         0, min      -1)
00:00:12.853554 /Devices/VMMDev/LargeReqBufAllocs                  0 count
00:00:12.853556 /Devices/VMMDev/SlowIrqAck                         0 count
00:00:12.853559 /Devices/e1000#0/ReceiveBytes                      0 bytes
00:00:12.853562 /Devices/e1000#0/TransmitBytes                     0 bytes
00:00:12.853564 /Devices/e1000#0/iStatIntLost                      0 ns
00:00:12.853567 /Devices/e1000#0/iStatIntLostOne                   0 ns
00:00:12.853570 /Devices/e1000#0/u64ArmedAt                        0 ns
00:00:12.853573 /Devices/e1000#0/uStatDescCtx                      0 ns
00:00:12.853576 /Devices/e1000#0/uStatDescDat                      0 ns
00:00:12.853578 /Devices/e1000#0/uStatDescLeg                      0 ns
00:00:12.853580 /Devices/e1000#0/uStatInt                          0 ns
00:00:12.853583 /Devices/e1000#0/uStatIntEarly                     0 ns
00:00:12.853585 /Devices/e1000#0/uStatIntICS                       0 ns
00:00:12.853587 /Devices/e1000#0/uStatIntIMS                       0 ns
00:00:12.853592 /Devices/e1000#0/uStatIntLate                      0 ns
00:00:12.853597 /Devices/e1000#0/uStatIntLower                     0 ns
00:00:12.853599 /Devices/e1000#0/uStatIntMasked                    0 ns
00:00:12.853602 /Devices/e1000#0/uStatIntRDTR                      0 ns
00:00:12.853604 /Devices/e1000#0/uStatIntRXDMT0                    0 ns
00:00:12.853607 /Devices/e1000#0/uStatIntRx                        0 ns
00:00:12.853609 /Devices/e1000#0/uStatIntSkip                      0 ns
00:00:12.853611 /Devices/e1000#0/uStatIntTXQE                      0 ns
00:00:12.853613 /Devices/e1000#0/uStatIntTry                       0 ns
00:00:12.853615 /Devices/e1000#0/uStatIntTx                        0 ns
00:00:12.853618 /Devices/e1000#0/uStatMaxTxDelay                   0 ns
00:00:12.853620 /Devices/e1000#0/uStatNoIntICR                     0 ns
00:00:12.853622 /Devices/e1000#0/uStatRAD                          0 ns
00:00:12.853624 /Devices/e1000#0/uStatRID                          0 ns
00:00:12.853626 /Devices/e1000#0/uStatRxFrm                        0 ns
00:00:12.853629 /Devices/e1000#0/uStatTAD                          0 ns
00:00:12.853631 /Devices/e1000#0/uStatTID                          0 ns
00:00:12.853633 /Devices/e1000#0/uStatTx1514                       0 ns
00:00:12.853635 /Devices/e1000#0/uStatTx16384                      0 ns
00:00:12.853638 /Devices/e1000#0/uStatTx2962                       0 ns
00:00:12.853640 /Devices/e1000#0/uStatTx32768                      0 ns
00:00:12.853642 /Devices/e1000#0/uStatTx4410                       0 ns
00:00:12.853644 /Devices/e1000#0/uStatTx5858                       0 ns
00:00:12.853646 /Devices/e1000#0/uStatTx7306                       0 ns
00:00:12.853648 /Devices/e1000#0/uStatTx8754                       0 ns
00:00:12.853650 /Devices/e1000#0/uStatTxDelayExp                   0 ns
00:00:12.853653 /Devices/e1000#0/uStatTxDelayed                    0 ns
00:00:12.853655 /Devices/e1000#0/uStatTxFrm                        0 ns
00:00:12.853657 /Devices/e1000#0/uStatTxIDE                        0 ns
00:00:12.853682 /Devices/e1000#0/uStatTxLarge                      0 ns
00:00:12.853695 /Devices/e1000#0/uStatTxNoRS                       0 ns
00:00:12.853698 /Devices/hda/Codec/LookupsR0                       0 times
00:00:12.853707 /Devices/vga/HgmsiMdaCgaAccesses                   0 times
00:00:12.853710 /Devices/vga/VMSVGA/Cmd/3dActivateSurface          0 times
00:00:12.853712 /Devices/vga/VMSVGA/Cmd/3dBeginQuery               0 times
00:00:12.853715 /Devices/vga/VMSVGA/Cmd/3dBlitSurfaceToScreenProf         0 ticks/call (           0 ticks,       0 calls, max         0, min      -1)
00:00:12.853717 /Devices/vga/VMSVGA/Cmd/3dClear                    0 times
00:00:12.853720 /Devices/vga/VMSVGA/Cmd/3dContextDefine            0 times
00:00:12.853722 /Devices/vga/VMSVGA/Cmd/3dContextDestroy           0 times
00:00:12.853724 /Devices/vga/VMSVGA/Cmd/3dDeactivateSurface         0 times
00:00:12.853726 /Devices/vga/VMSVGA/Cmd/3dDrawPrimitives           0 times
00:00:12.853728 /Devices/vga/VMSVGA/Cmd/3dEndQuery                 0 times
00:00:12.853731 /Devices/vga/VMSVGA/Cmd/3dGenerateMipmaps          0 times
00:00:12.853732 /Devices/vga/VMSVGA/Cmd/3dPresent                  0 times
00:00:12.853735 /Devices/vga/VMSVGA/Cmd/3dPresentReadBack          0 times
00:00:12.853737 /Devices/vga/VMSVGA/Cmd/3dSetClipPlane             0 times
00:00:12.853739 /Devices/vga/VMSVGA/Cmd/3dSetLightData             0 times
00:00:12.853741 /Devices/vga/VMSVGA/Cmd/3dSetLightEnable           0 times
00:00:12.853743 /Devices/vga/VMSVGA/Cmd/3dSetMaterial              0 times
00:00:12.853745 /Devices/vga/VMSVGA/Cmd/3dSetRenderState           0 times
00:00:12.853747 /Devices/vga/VMSVGA/Cmd/3dSetRenderTarget          0 times
00:00:12.853749 /Devices/vga/VMSVGA/Cmd/3dSetScissorRect           0 times
00:00:12.853751 /Devices/vga/VMSVGA/Cmd/3dSetShader                0 times
00:00:12.853753 /Devices/vga/VMSVGA/Cmd/3dSetShaderConst           0 times
00:00:12.853757 /Devices/vga/VMSVGA/Cmd/3dSetTextureState          0 times
00:00:12.853759 /Devices/vga/VMSVGA/Cmd/3dSetTransform             0 times
00:00:12.853762 /Devices/vga/VMSVGA/Cmd/3dSetViewPort              0 times
00:00:12.853763 /Devices/vga/VMSVGA/Cmd/3dSetZRange                0 times
00:00:12.853766 /Devices/vga/VMSVGA/Cmd/3dShaderDefine             0 times
00:00:12.853767 /Devices/vga/VMSVGA/Cmd/3dShaderDestroy            0 times
00:00:12.853770 /Devices/vga/VMSVGA/Cmd/3dSurfaceCopy              0 times
00:00:12.853772 /Devices/vga/VMSVGA/Cmd/3dSurfaceDefine            0 times
00:00:12.853773 /Devices/vga/VMSVGA/Cmd/3dSurfaceDefineV2          0 times
00:00:12.853775 /Devices/vga/VMSVGA/Cmd/3dSurfaceDestroy           0 times
00:00:12.853778 /Devices/vga/VMSVGA/Cmd/3dSurfaceDma               0 times
00:00:12.853780 /Devices/vga/VMSVGA/Cmd/3dSurfaceScreen            0 times
00:00:12.853782 /Devices/vga/VMSVGA/Cmd/3dSurfaceStretchBlt         0 times
00:00:12.853784 /Devices/vga/VMSVGA/Cmd/3dWaitForQuery             0 times
00:00:12.853785 /Devices/vga/VMSVGA/Cmd/AnnotationCopy             0 times
00:00:12.853788 /Devices/vga/VMSVGA/Cmd/AnnotationFill             0 times
00:00:12.853789 /Devices/vga/VMSVGA/Cmd/BlitGmrFbToScreen          0 times
00:00:12.853791 /Devices/vga/VMSVGA/Cmd/BlitScreentoGmrFb          0 times
00:00:12.853793 /Devices/vga/VMSVGA/Cmd/DefineAlphaCursor          0 times
00:00:12.853795 /Devices/vga/VMSVGA/Cmd/DefineCursor               0 times
00:00:12.853797 /Devices/vga/VMSVGA/Cmd/DefineGmr2                 0 times
00:00:12.853799 /Devices/vga/VMSVGA/Cmd/DefineGmr2/Free            0 times
00:00:12.853801 /Devices/vga/VMSVGA/Cmd/DefineGmr2/Modify          0 times
00:00:12.853804 /Devices/vga/VMSVGA/Cmd/DefineGmrFb                0 times
00:00:12.853805 /Devices/vga/VMSVGA/Cmd/DefineScreen               0 times
00:00:12.853807 /Devices/vga/VMSVGA/Cmd/DestroyScreen              0 times
00:00:12.853809 /Devices/vga/VMSVGA/Cmd/DisplayCursor              0 times
00:00:12.853811 /Devices/vga/VMSVGA/Cmd/Escape                     0 times
00:00:12.853813 /Devices/vga/VMSVGA/Cmd/Fence                      0 times
00:00:12.853815 /Devices/vga/VMSVGA/Cmd/InvalidCmd                 0 times
00:00:12.853817 /Devices/vga/VMSVGA/Cmd/MoveCursor                 0 times
00:00:12.853819 /Devices/vga/VMSVGA/Cmd/RectCopy                   0 times
00:00:12.853821 /Devices/vga/VMSVGA/Cmd/RectFill                   0 times
00:00:12.853823 /Devices/vga/VMSVGA/Cmd/RectRopCopy                0 times
00:00:12.853825 /Devices/vga/VMSVGA/Cmd/RemapGmr2                  0 times
00:00:12.853848 /Devices/vga/VMSVGA/Cmd/RemapGmr2/Modify           0 times
00:00:12.853850 /Devices/vga/VMSVGA/Cmd/Update                     0 times
00:00:12.853852 /Devices/vga/VMSVGA/Cmd/UpdateVerbose              0 times
00:00:12.853854 /Devices/vga/VMSVGA/EmtDelayOnBusyFifo             0 ticks/call (           0 ticks,       0 calls, max         0, min      -1)
00:00:12.853857 /Devices/vga/VMSVGA/FifoCommands                   0 times
00:00:12.853859 /Devices/vga/VMSVGA/FifoCursorFetchAgain           0 times
00:00:12.853861 /Devices/vga/VMSVGA/FifoCursorNoChange             0 times
00:00:12.853863 /Devices/vga/VMSVGA/FifoCursorPosition             0 times
00:00:12.853865 /Devices/vga/VMSVGA/FifoCursorVisiblity            0 times
00:00:12.853868 /Devices/vga/VMSVGA/FifoErrors                     0 times
00:00:12.853870 /Devices/vga/VMSVGA/FifoExtendedSleep       25743243 ticks/call (    51486486 ticks,       2 calls, max  51486465, min      21)
00:00:12.853872 /Devices/vga/VMSVGA/FifoStalls                     0 ticks/call (           0 ticks,       0 calls, max         0, min      -1)
00:00:12.853874 /Devices/vga/VMSVGA/FifoTodoTimeout                0 times
00:00:12.853877 /Devices/vga/VMSVGA/FifoTodoWoken                  0 times
00:00:12.853879 /Devices/vga/VMSVGA/FifoUnknownCommands            0 times
00:00:12.853881 /Devices/vga/VMSVGA/FifoWatchdogWakeUps            0 times
00:00:12.853887 /Devices/vga/VMSVGA/Reg/BitsPerPixelRead           0 times
00:00:12.853889 /Devices/vga/VMSVGA/Reg/BitsPerPixelWrite          0 times
00:00:12.853891 /Devices/vga/VMSVGA/Reg/BlueMaskRead               0 times
00:00:12.853893 /Devices/vga/VMSVGA/Reg/BusyRead                   0 times
00:00:12.853895 /Devices/vga/VMSVGA/Reg/BusyWrite                  0 times
00:00:12.853897 /Devices/vga/VMSVGA/Reg/BytesPerLineRead           0 times
00:00:12.853899 /Devices/vga/VMSVGA/Reg/CapabilitesRead            0 times
00:00:12.853902 /Devices/vga/VMSVGA/Reg/CmdPrependHighRead         0 times
00:00:12.853904 /Devices/vga/VMSVGA/Reg/CmdPrependHighWrite         0 times
00:00:12.853906 /Devices/vga/VMSVGA/Reg/CmdPrependLowRead          0 times
00:00:12.853908 /Devices/vga/VMSVGA/Reg/CmdPrependLowWrite         0 times
00:00:12.853909 /Devices/vga/VMSVGA/Reg/CommandHighRead            0 times
00:00:12.853911 /Devices/vga/VMSVGA/Reg/CommandHighWrite           0 times
00:00:12.853914 /Devices/vga/VMSVGA/Reg/CommandLowRead             0 times
00:00:12.853916 /Devices/vga/VMSVGA/Reg/CommandLowWrite            0 times
00:00:12.853918 /Devices/vga/VMSVGA/Reg/ConfigDoneRead             0 times
00:00:12.853920 /Devices/vga/VMSVGA/Reg/ConfigDoneWrite            0 times
00:00:12.853923 /Devices/vga/VMSVGA/Reg/CursorIdRead               0 times
00:00:12.853925 /Devices/vga/VMSVGA/Reg/CursorIdWrite              0 times
00:00:12.853927 /Devices/vga/VMSVGA/Reg/CursorMobIdWrite           0 times
00:00:12.853929 /Devices/vga/VMSVGA/Reg/CursorOnRead               0 times
00:00:12.853931 /Devices/vga/VMSVGA/Reg/CursorOnWrite              0 times
00:00:12.853933 /Devices/vga/VMSVGA/Reg/CursorXRead                0 times
00:00:12.853935 /Devices/vga/VMSVGA/Reg/CursorXWrite               0 times
00:00:12.853937 /Devices/vga/VMSVGA/Reg/CursorYRead                0 times
00:00:12.853939 /Devices/vga/VMSVGA/Reg/CursorYWrite               0 times
00:00:12.853941 /Devices/vga/VMSVGA/Reg/DepthRead                  0 times
00:00:12.853943 /Devices/vga/VMSVGA/Reg/DepthWrite                 0 times
00:00:12.853945 /Devices/vga/VMSVGA/Reg/DevCapRead                 0 times
00:00:12.853947 /Devices/vga/VMSVGA/Reg/DevCapWrite                0 times
00:00:12.853949 /Devices/vga/VMSVGA/Reg/DisplayHeightRead          0 times
00:00:12.853951 /Devices/vga/VMSVGA/Reg/DisplayHeightWrite         0 times
00:00:12.853953 /Devices/vga/VMSVGA/Reg/DisplayIdRead              0 times
00:00:12.853954 /Devices/vga/VMSVGA/Reg/DisplayIdWrite             0 times
00:00:12.853956 /Devices/vga/VMSVGA/Reg/DisplayIsPrimaryRead         0 times
00:00:12.853958 /Devices/vga/VMSVGA/Reg/DisplayIsPrimaryWrite         0 times
00:00:12.853960 /Devices/vga/VMSVGA/Reg/DisplayPositionXRead         0 times
00:00:12.853962 /Devices/vga/VMSVGA/Reg/DisplayPositionXWrite         0 times
00:00:12.853965 /Devices/vga/VMSVGA/Reg/DisplayPositionYRead         0 times
00:00:12.853966 /Devices/vga/VMSVGA/Reg/DisplayPositionYWrite         0 times
00:00:12.853968 /Devices/vga/VMSVGA/Reg/DisplayWidthRead           0 times
00:00:12.853970 /Devices/vga/VMSVGA/Reg/DisplayWidthWrite          0 times
00:00:12.853972 /Devices/vga/VMSVGA/Reg/EnableRead                 0 times
00:00:12.853974 /Devices/vga/VMSVGA/Reg/EnableWrite                0 times
00:00:12.853976 /Devices/vga/VMSVGA/Reg/FbOffsetRead               0 times
00:00:12.853978 /Devices/vga/VMSVGA/Reg/FbSizeRead                 0 times
00:00:12.853980 /Devices/vga/VMSVGA/Reg/FbStartRead                0 times
00:00:12.853982 /Devices/vga/VMSVGA/Reg/GBMemSizeRead              0 times
00:00:12.853984 /Devices/vga/VMSVGA/Reg/GmrDescriptorWrite         0 times
00:00:12.853986 /Devices/vga/VMSVGA/Reg/GmrDescriptorWrite/Errors         0 times
00:00:12.853988 /Devices/vga/VMSVGA/Reg/GmrDescriptorWrite/Free         0 times
00:00:12.853990 /Devices/vga/VMSVGA/Reg/GmrIdRead                  0 times
00:00:12.853992 /Devices/vga/VMSVGA/Reg/GmrIdWrite                 0 times
00:00:12.853994 /Devices/vga/VMSVGA/Reg/GmrMaxDescriptorLengthRead         0 times
00:00:12.853997 /Devices/vga/VMSVGA/Reg/GmrMaxIdsRead              0 times
00:00:12.854000 /Devices/vga/VMSVGA/Reg/GmrsMaxPagesRead           0 times
00:00:12.854002 /Devices/vga/VMSVGA/Reg/GreenMaskRead              0 times
00:00:12.854004 /Devices/vga/VMSVGA/Reg/GuestIdRead                0 times
00:00:12.854006 /Devices/vga/VMSVGA/Reg/GuestIdWrite               0 times
00:00:12.854008 /Devices/vga/VMSVGA/Reg/HeightRead                 0 times
00:00:12.854010 /Devices/vga/VMSVGA/Reg/HeightWrite                0 times
00:00:12.854012 /Devices/vga/VMSVGA/Reg/HostBitsPerPixelRead         0 times
00:00:12.854014 /Devices/vga/VMSVGA/Reg/IdRead                     0 times
00:00:12.854016 /Devices/vga/VMSVGA/Reg/IdWrite                    0 times
00:00:12.854018 /Devices/vga/VMSVGA/Reg/IrqMaskRead                0 times
00:00:12.854020 /Devices/vga/VMSVGA/Reg/IrqMaskWrite               0 times
00:00:12.854022 /Devices/vga/VMSVGA/Reg/MaxHeightRead              0 times
00:00:12.854024 /Devices/vga/VMSVGA/Reg/MaxPrimBBMemRead           0 times
00:00:12.854026 /Devices/vga/VMSVGA/Reg/MaxWidthRead               0 times
00:00:12.854028 /Devices/vga/VMSVGA/Reg/MemRegsRead                0 times
00:00:12.854030 /Devices/vga/VMSVGA/Reg/MemSizeRead                0 times
00:00:12.854032 /Devices/vga/VMSVGA/Reg/MemStartRead               0 times
00:00:12.854034 /Devices/vga/VMSVGA/Reg/MemorySizeRead             0 times
00:00:12.854036 /Devices/vga/VMSVGA/Reg/MobMaxSizeRead             0 times
00:00:12.854038 /Devices/vga/VMSVGA/Reg/NumDisplaysRead            0 times
00:00:12.854040 /Devices/vga/VMSVGA/Reg/NumDisplaysWrite           0 times
00:00:12.854041 /Devices/vga/VMSVGA/Reg/NumGuestDisplaysRead         0 times
00:00:12.854043 /Devices/vga/VMSVGA/Reg/NumGuestDisplaysWrite         0 times
00:00:12.854045 /Devices/vga/VMSVGA/Reg/PaletteRead                0 times
00:00:12.854047 /Devices/vga/VMSVGA/Reg/PaletteWrite               0 times
00:00:12.854049 /Devices/vga/VMSVGA/Reg/PitchLockRead              0 times
00:00:12.854051 /Devices/vga/VMSVGA/Reg/PitchLockWrite             0 times
00:00:12.854053 /Devices/vga/VMSVGA/Reg/PseudoColorWrite           0 times
00:00:12.854055 /Devices/vga/VMSVGA/Reg/PsuedoColorRead            0 times
00:00:12.854058 /Devices/vga/VMSVGA/Reg/ReadOnlyWrite              0 times
00:00:12.854060 /Devices/vga/VMSVGA/Reg/RedMaskRead                0 times
00:00:12.854062 /Devices/vga/VMSVGA/Reg/ScratchRead                0 times
00:00:12.854064 /Devices/vga/VMSVGA/Reg/ScratchSizeRead            0 times
00:00:12.854066 /Devices/vga/VMSVGA/Reg/ScratchWrite               0 times
00:00:12.854068 /Devices/vga/VMSVGA/Reg/ScrnTgtMaxHeightRead         0 times
00:00:12.854070 /Devices/vga/VMSVGA/Reg/ScrnTgtMaxWidthRead         0 times
00:00:12.854072 /Devices/vga/VMSVGA/Reg/SyncRead                   0 times
00:00:12.854073 /Devices/vga/VMSVGA/Reg/SyncWrite                  0 times
00:00:12.854075 /Devices/vga/VMSVGA/Reg/TopRead                    0 times
00:00:12.854077 /Devices/vga/VMSVGA/Reg/TopWrite                   0 times
00:00:12.854079 /Devices/vga/VMSVGA/Reg/TracesRead                 0 times
00:00:12.854081 /Devices/vga/VMSVGA/Reg/TracesWrite                0 times
00:00:12.854083 /Devices/vga/VMSVGA/Reg/UnknownRead                0 times
00:00:12.854086 /Devices/vga/VMSVGA/Reg/UnknownWrite               0 times
00:00:12.854088 /Devices/vga/VMSVGA/Reg/VramSizeRead               0 times
00:00:12.854090 /Devices/vga/VMSVGA/Reg/WidthRead                  0 times
00:00:12.854092 /Devices/vga/VMSVGA/Reg/WidthWrite                 0 times
00:00:12.854095 /Devices/vga/VMSVGA/Reg/WriteOnlyRead              0 times
00:00:12.854098 /Drivers/AUDIO-0/TotalStreamsCreated               0 count
00:00:12.854100 /Drivers/AUDIO-1/TotalStreamsCreated               0 count
00:00:12.854104 /Drivers/AUDIO-2/TotalStreamsCreated               0 count
00:00:12.854106 /EM/CPU0/ExitHashing/Step00-Hits               42595 times
00:00:12.854110 /EM/CPU0/ExitHashing/Step00-NewInserts            33 times
00:00:12.854114 /EM/CPU0/ExitHashing/Step01-Hits                  35 times
00:00:12.854116 /EM/CPU0/ExitHashing/Step01-NewInserts             1 times
00:00:12.854124 /EM/CPU0/ExitHashing/Used                         34 times
00:00:12.854126 /EM/CPU0/ExitOpt/Exec                              0 ticks/call (           0 ticks,       0 calls, max         0, min      -1)
00:00:12.854129 /EM/CPU0/ExitOpt/ExecInstructions                  0 times
00:00:12.854131 /EM/CPU0/ExitOpt/ExecRetReasonForcedFlag           0 times
00:00:12.854133 /EM/CPU0/ExitOpt/ExecRetReasonHostInterrupt         0 times
00:00:12.854136 /EM/CPU0/ExitOpt/ExecRetReasonLongJump             0 times
00:00:12.854138 /EM/CPU0/ExitOpt/ExecRetReasonMaxDistance          0 times
00:00:12.854140 /EM/CPU0/ExitOpt/ExecRetReasonMaxInstructions         0 times
00:00:12.854142 /EM/CPU0/ExitOpt/ExecRetReasonNormal               0 times
00:00:12.854145 /EM/CPU0/ExitOpt/ExecRetReasonTimer                0 times
00:00:12.854147 /EM/CPU0/ExitOpt/ExecSavedExit                     0 times
00:00:12.854149 /EM/CPU0/ExitOpt/Probe                             0 ticks/call (           0 ticks,       0 calls, max         0, min      -1)
00:00:12.854152 /EM/CPU0/ExitOpt/ProbeInstructions                 0 times
00:00:12.854154 /EM/CPU0/ExitOpt/ProbedExecWithMax                 0 times
00:00:12.854156 /EM/CPU0/ExitOpt/ProbedNormal                      0 times
00:00:12.854158 /EM/CPU0/ExitOpt/ProbedToRing3                     0 times
00:00:12.854167 /EM/CPU1/ExitHashing/Used                          0 times
00:00:12.854170 /EM/CPU1/ExitOpt/Exec                              0 ticks/call (           0 ticks,       0 calls, max         0, min      -1)
00:00:12.854173 /EM/CPU1/ExitOpt/ExecInstructions                  0 times
00:00:12.854175 /EM/CPU1/ExitOpt/ExecRetReasonForcedFlag           0 times
00:00:12.854177 /EM/CPU1/ExitOpt/ExecRetReasonHostInterrupt         0 times
00:00:12.854179 /EM/CPU1/ExitOpt/ExecRetReasonLongJump             0 times
00:00:12.854181 /EM/CPU1/ExitOpt/ExecRetReasonMaxDistance          0 times
00:00:12.854183 /EM/CPU1/ExitOpt/ExecRetReasonMaxInstructions         0 times
00:00:12.854185 /EM/CPU1/ExitOpt/ExecRetReasonNormal               0 times
00:00:12.854187 /EM/CPU1/ExitOpt/ExecRetReasonTimer                0 times
00:00:12.854190 /EM/CPU1/ExitOpt/ExecSavedExit                     0 times
00:00:12.854192 /EM/CPU1/ExitOpt/Probe                             0 ticks/call (           0 ticks,       0 calls, max         0, min      -1)
00:00:12.854195 /EM/CPU1/ExitOpt/ProbeInstructions                 0 times
00:00:12.854197 /EM/CPU1/ExitOpt/ProbedExecWithMax                 0 times
00:00:12.854199 /EM/CPU1/ExitOpt/ProbedNormal                      0 times
00:00:12.854201 /EM/CPU1/ExitOpt/ProbedToRing3                     0 times
00:00:12.854210 /EM/CPU2/ExitHashing/Used                          0 times
00:00:12.854212 /EM/CPU2/ExitOpt/Exec                              0 ticks/call (           0 ticks,       0 calls, max         0, min      -1)
00:00:12.854216 /EM/CPU2/ExitOpt/ExecInstructions                  0 times
00:00:12.854218 /EM/CPU2/ExitOpt/ExecRetReasonForcedFlag           0 times
00:00:12.854219 /EM/CPU2/ExitOpt/ExecRetReasonHostInterrupt         0 times
00:00:12.854222 /EM/CPU2/ExitOpt/ExecRetReasonLongJump             0 times
00:00:12.854224 /EM/CPU2/ExitOpt/ExecRetReasonMaxDistance          0 times
00:00:12.854226 /EM/CPU2/ExitOpt/ExecRetReasonMaxInstructions         0 times
00:00:12.854228 /EM/CPU2/ExitOpt/ExecRetReasonNormal               0 times
00:00:12.854230 /EM/CPU2/ExitOpt/ExecRetReasonTimer                0 times
00:00:12.854232 /EM/CPU2/ExitOpt/ExecSavedExit                     0 times
00:00:12.854234 /EM/CPU2/ExitOpt/Probe                             0 ticks/call (           0 ticks,       0 calls, max         0, min      -1)
00:00:12.854236 /EM/CPU2/ExitOpt/ProbeInstructions                 0 times
00:00:12.854238 /EM/CPU2/ExitOpt/ProbedExecWithMax                 0 times
00:00:12.854242 /EM/CPU2/ExitOpt/ProbedNormal                      0 times
00:00:12.854244 /EM/CPU2/ExitOpt/ProbedToRing3                     0 times
00:00:12.854247 /GMM/ChunkTlbHits                                  0 times
00:00:12.854249 /GMM/ChunkTlbMisses                                0 times
00:00:12.854322 /GVMM/EMTs                                         3 count
00:00:12.854324 /GVMM/HostCPUs                                     8 count
00:00:12.854326 /GVMM/HostCpus/0                                   0 
00:00:12.854331 /GVMM/HostCpus/0/CurTimerHz                        0 Hz
00:00:12.854333 /GVMM/HostCpus/0/DesiredHz                         0 Hz
00:00:12.854335 /GVMM/HostCpus/0/PPTChanges                        0 times
00:00:12.854337 /GVMM/HostCpus/0/PPTStarts                         0 times
00:00:12.854339 /GVMM/HostCpus/0/idxCpuSet                         0 
00:00:12.854341 /GVMM/HostCpus/1                                   1 
00:00:12.854343 /GVMM/HostCpus/1/CurTimerHz                        0 Hz
00:00:12.854345 /GVMM/HostCpus/1/DesiredHz                         0 Hz
00:00:12.854347 /GVMM/HostCpus/1/PPTChanges                        0 times
00:00:12.854349 /GVMM/HostCpus/1/PPTStarts                         0 times
00:00:12.854351 /GVMM/HostCpus/1/idxCpuSet                         1 
00:00:12.854353 /GVMM/HostCpus/2                                   2 
00:00:12.854355 /GVMM/HostCpus/2/CurTimerHz                        0 Hz
00:00:12.854357 /GVMM/HostCpus/2/DesiredHz                         0 Hz
00:00:12.854359 /GVMM/HostCpus/2/PPTChanges                        0 times
00:00:12.854361 /GVMM/HostCpus/2/PPTStarts                         0 times
00:00:12.854363 /GVMM/HostCpus/2/idxCpuSet                         2 
00:00:12.854366 /GVMM/HostCpus/3                                   3 
00:00:12.854394 /GVMM/HostCpus/3/CurTimerHz                        0 Hz
00:00:12.854400 /GVMM/HostCpus/3/DesiredHz                         0 Hz
00:00:12.854413 /GVMM/HostCpus/3/PPTChanges                        0 times
00:00:12.854416 /GVMM/HostCpus/3/PPTStarts                         0 times
00:00:12.854418 /GVMM/HostCpus/3/idxCpuSet                         3 
00:00:12.854420 /GVMM/HostCpus/4                                   4 
00:00:12.854423 /GVMM/HostCpus/4/CurTimerHz                        0 Hz
00:00:12.854425 /GVMM/HostCpus/4/DesiredHz                         0 Hz
00:00:12.854427 /GVMM/HostCpus/4/PPTChanges                        0 times
00:00:12.854429 /GVMM/HostCpus/4/PPTStarts                         0 times
00:00:12.854431 /GVMM/HostCpus/4/idxCpuSet                         4 
00:00:12.854433 /GVMM/HostCpus/5                                   5 
00:00:12.854435 /GVMM/HostCpus/5/CurTimerHz                        0 Hz
00:00:12.854437 /GVMM/HostCpus/5/DesiredHz                         0 Hz
00:00:12.854439 /GVMM/HostCpus/5/PPTChanges                        0 times
00:00:12.854441 /GVMM/HostCpus/5/PPTStarts                         0 times
00:00:12.854443 /GVMM/HostCpus/5/idxCpuSet                         5 
00:00:12.854445 /GVMM/HostCpus/6                                   6 
00:00:12.854447 /GVMM/HostCpus/6/CurTimerHz                        0 Hz
00:00:12.854449 /GVMM/HostCpus/6/DesiredHz                         0 Hz
00:00:12.854452 /GVMM/HostCpus/6/PPTChanges                        0 times
00:00:12.854454 /GVMM/HostCpus/6/PPTStarts                         0 times
00:00:12.854456 /GVMM/HostCpus/6/idxCpuSet                         6 
00:00:12.854462 /GVMM/HostCpus/7                                   7 
00:00:12.854465 /GVMM/HostCpus/7/CurTimerHz                        0 Hz
00:00:12.854467 /GVMM/HostCpus/7/DesiredHz                         0 Hz
00:00:12.854469 /GVMM/HostCpus/7/PPTChanges                        0 times
00:00:12.854471 /GVMM/HostCpus/7/PPTStarts                         0 times
00:00:12.854473 /GVMM/HostCpus/7/idxCpuSet                         7 
00:00:12.854475 /GVMM/Sum/HaltBlocking                             0 calls
00:00:12.854479 /GVMM/Sum/HaltCalls                                0 calls
00:00:12.854482 /GVMM/Sum/HaltNotBlocking                          0 calls
00:00:12.854484 /GVMM/Sum/HaltTimeouts                             0 calls
00:00:12.854486 /GVMM/Sum/HaltWakeUps                              0 calls
00:00:12.854488 /GVMM/Sum/PokeCalls                                0 calls
00:00:12.854490 /GVMM/Sum/PokeNotBusy                              0 calls
00:00:12.854492 /GVMM/Sum/PollCalls                                0 calls
00:00:12.854495 /GVMM/Sum/PollHalts                                0 calls
00:00:12.854497 /GVMM/Sum/PollWakeUps                              0 calls
00:00:12.854499 /GVMM/Sum/WakeUpCalls                              0 calls
00:00:12.854501 /GVMM/Sum/WakeUpNotHalted                          0 calls
00:00:12.854503 /GVMM/Sum/WakeUpWakeUps                            0 calls
00:00:12.854505 /GVMM/VCpus/0/Start                                0 ticks/call (           0 ticks,       0 calls, max         0, min       0)
00:00:12.854508 /GVMM/VCpus/0/Stop                                 0 ticks/call (           0 ticks,       0 calls, max         0, min       0)
00:00:12.854510 /GVMM/VCpus/0/cWakeUpTimerCanceled                 0 times
00:00:12.854512 /GVMM/VCpus/0/cWakeUpTimerHits                     0 times
00:00:12.854514 /GVMM/VCpus/0/cWakeUpTimerMisses                   0 times
00:00:12.854516 /GVMM/VCpus/0/cWakeUpTimerSameCpu                  0 times
00:00:12.854518 /GVMM/VCpus/1/Start                                0 ticks/call (           0 ticks,       0 calls, max         0, min       0)
00:00:12.854521 /GVMM/VCpus/1/Stop                                 0 ticks/call (           0 ticks,       0 calls, max         0, min       0)
00:00:12.854523 /GVMM/VCpus/1/cWakeUpTimerCanceled                 0 times
00:00:12.854525 /GVMM/VCpus/1/cWakeUpTimerHits                     0 times
00:00:12.854527 /GVMM/VCpus/1/cWakeUpTimerMisses                   0 times
00:00:12.854529 /GVMM/VCpus/1/cWakeUpTimerSameCpu                  0 times
00:00:12.854531 /GVMM/VCpus/2/Start                                0 ticks/call (           0 ticks,       0 calls, max         0, min       0)
00:00:12.854533 /GVMM/VCpus/2/Stop                                 0 ticks/call (           0 ticks,       0 calls, max         0, min       0)
00:00:12.854536 /GVMM/VCpus/2/cWakeUpTimerCanceled                 0 times
00:00:12.854538 /GVMM/VCpus/2/cWakeUpTimerHits                     0 times
00:00:12.854540 /GVMM/VCpus/2/cWakeUpTimerMisses                   0 times
00:00:12.854542 /GVMM/VCpus/2/cWakeUpTimerSameCpu                  0 times
00:00:12.854544 /GVMM/VM/HaltBlocking                              0 calls
00:00:12.854546 /GVMM/VM/HaltCalls                                 0 calls
00:00:12.854548 /GVMM/VM/HaltNotBlocking                           0 calls
00:00:12.854550 /GVMM/VM/HaltTimeouts                              0 calls
00:00:12.854553 /GVMM/VM/HaltWakeUps                               0 calls
00:00:12.854555 /GVMM/VM/PokeCalls                                 0 calls
00:00:12.854557 /GVMM/VM/PokeNotBusy                               0 calls
00:00:12.854559 /GVMM/VM/PollCalls                                 0 calls
00:00:12.854561 /GVMM/VM/PollHalts                                 0 calls
00:00:12.854563 /GVMM/VM/PollWakeUps                               0 calls
00:00:12.854565 /GVMM/VM/WakeUpCalls                               0 calls
00:00:12.854568 /GVMM/VM/WakeUpNotHalted                           0 calls
00:00:12.854570 /GVMM/VM/WakeUpWakeUps                             0 calls
00:00:12.854572 /GVMM/VMs                                          1 count
00:00:12.854574 /HGCM/FailedPageListLocking                        0 count
00:00:12.854576 /HGCM/LargeCmdAllocs                               0 count
00:00:12.854578 /HGCM/MsgArrival                                   0 ticks/call (           0 ticks,       0 calls, max         0, min      -1)
00:00:12.854581 /HGCM/MsgCompletion                                0 ticks/call (           0 ticks,       0 calls, max         0, min      -1)
00:00:12.854584 /HGCM/MsgTotal                                     0 ticks/call (           0 ticks,       0 calls, max         0, min      -1)
00:00:12.854587 /IOM/MmioMappingsStale                             0 ticks/call
00:00:12.854590 /IOM/MmioTooDeepRecursion                          0 times
00:00:12.854592 /NEM/CPU0/BreakOnCancel                            0 times
00:00:12.854594 /NEM/CPU0/BreakOnFFPost                          136 times
00:00:12.854596 /NEM/CPU0/BreakOnFFPre                             0 times
00:00:12.854598 /NEM/CPU0/BreakOnStatus                            0 times
00:00:12.854600 /NEM/CPU0/ExitCanceled                           136 times
00:00:12.854603 /NEM/CPU0/ExitHypercall                            0 times
00:00:12.854606 /NEM/CPU0/ExitMemIntercept                         0 times
00:00:12.854608 /NEM/CPU0/ExitMemIntercept/ToIem                   0 times
00:00:12.854610 /NEM/CPU0/ExitMemUnmapped                      42664 times
00:00:12.854613 /NEM/CPU0/ExitMemUnmapped/ToIem                    0 times
00:00:12.854615 /NEM/CPU0/ExitUnrecoverable                        0 times
00:00:12.854617 /NEM/CPU0/ImportOnDemand                           5 times
00:00:12.854619 /NEM/CPU0/ImportOnReturn                         136 times
00:00:12.854621 /NEM/CPU0/ImportOnReturnSkipped                    0 times
00:00:12.854623 /NEM/CPU0/QueryCpuTick                             1 times
00:00:12.854626 /NEM/CPU1/BreakOnCancel                            0 times
00:00:12.854628 /NEM/CPU1/BreakOnFFPost                            2 times
00:00:12.854630 /NEM/CPU1/BreakOnFFPre                             0 times
00:00:12.854632 /NEM/CPU1/BreakOnStatus                            0 times
00:00:12.854634 /NEM/CPU1/ExitCanceled                             6 times
00:00:12.854636 /NEM/CPU1/ExitHypercall                            0 times
00:00:12.854638 /NEM/CPU1/ExitMemIntercept                         0 times
00:00:12.854641 /NEM/CPU1/ExitMemIntercept/ToIem                   0 times
00:00:12.854643 /NEM/CPU1/ExitMemUnmapped                          0 times
00:00:12.854645 /NEM/CPU1/ExitMemUnmapped/ToIem                    0 times
00:00:12.854647 /NEM/CPU1/ExitUnrecoverable                        0 times
00:00:12.854649 /NEM/CPU1/ImportOnDemand                           1 times
00:00:12.854651 /NEM/CPU1/ImportOnReturn                           2 times
00:00:12.854653 /NEM/CPU1/ImportOnReturnSkipped                    0 times
00:00:12.854655 /NEM/CPU1/QueryCpuTick                             1 times
00:00:12.854657 /NEM/CPU2/BreakOnCancel                            0 times
00:00:12.854659 /NEM/CPU2/BreakOnFFPost                            1 times
00:00:12.854661 /NEM/CPU2/BreakOnFFPre                             0 times
00:00:12.854663 /NEM/CPU2/BreakOnStatus                            0 times
00:00:12.854665 /NEM/CPU2/ExitCanceled                             6 times
00:00:12.854668 /NEM/CPU2/ExitHypercall                            0 times
00:00:12.854670 /NEM/CPU2/ExitMemIntercept                         0 times
00:00:12.854672 /NEM/CPU2/ExitMemIntercept/ToIem                   0 times
00:00:12.854674 /NEM/CPU2/ExitMemUnmapped                          0 times
00:00:12.854676 /NEM/CPU2/ExitMemUnmapped/ToIem                    0 times
00:00:12.854678 /NEM/CPU2/ExitUnrecoverable                        0 times
00:00:12.854680 /NEM/CPU2/ImportOnDemand                           1 times
00:00:12.854682 /NEM/CPU2/ImportOnReturn                           1 times
00:00:12.854685 /NEM/CPU2/ImportOnReturnSkipped                    0 times
00:00:12.854686 /NEM/CPU2/QueryCpuTick                             1 times
00:00:12.854689 /NEM/PagesCurrentlyMapped                          0 pages
00:00:12.854691 /NEM/PagesMapCalls                                 0 pages
00:00:12.854693 /NEM/PagesMapFails                                 0 pages
00:00:12.854695 /NEM/PagesMapGpaRange                         713872 ticks/call (     2855490 ticks,       4 calls, max   2445708, min    1959)
00:00:12.854699 /NEM/PagesMapGpaRangePage                          0 ticks/call (           0 ticks,       0 calls, max         0, min      -1)
00:00:12.854703 /NEM/PagesUnmapCalls                               0 pages
00:00:12.854705 /NEM/PagesUnmapFails                               0 pages
00:00:12.854707 /NEM/PagesUnmapGpaRange                            0 ticks/call (           0 ticks,       0 calls, max         0, min      -1)
00:00:12.854709 /NEM/PagesUnmapGpaRangePage                        0 ticks/call (           0 ticks,       0 calls, max         0, min      -1)
00:00:12.854712 /PDM/BlkCache/cbCached                             0 bytes
00:00:12.854714 /PDM/BlkCache/cbCachedFru                          0 bytes
00:00:12.854716 /PDM/BlkCache/cbCachedMruIn                        0 bytes
00:00:12.854718 /PDM/BlkCache/cbCachedMruOut                       0 bytes
00:00:12.854720 /PDM/BlkCache/cbMax                          5242880 bytes
00:00:12.854722 /PDM/CritSects/00-AbortedEnters                    0 times
00:00:12.854725 /PDM/CritSects/00-EntersWhileAborting              0 times
00:00:12.854728 /PDM/CritSects/00-Non-interruptible-Waits-VINF_SUCCESS         0 times
00:00:12.854730 /PDM/CritSects/00-QueuedLeaves                     0 times
00:00:12.854732 /PDM/CritSects/00-VERR_INTERRUPTED                 0 times
00:00:12.854735 /PDM/CritSects/00-VERR_TIMEOUT                     0 times
00:00:12.854737 /PDM/CritSects/E1000#0/ContentionR3                0 times
00:00:12.854739 /PDM/CritSects/E1000#0/ContentionR3Wait            0 ticks/time (           0 ticks,       0 times, max         0, min      -1)
00:00:12.854743 /PDM/CritSects/E1000#0/ContentionRZLock            0 times
00:00:12.854745 /PDM/CritSects/E1000#0/ContentionRZLockBusy         0 times
00:00:12.854747 /PDM/CritSects/E1000#0/ContentionRZUnlock          0 times
00:00:12.854749 /PDM/CritSects/E1000#0/ContentionRZWait            0 ticks/time (           0 ticks,       0 times, max         0, min      -1)
00:00:12.854752 /PDM/CritSects/E1000#0RX/ContentionR3              0 times
00:00:12.854754 /PDM/CritSects/E1000#0RX/ContentionR3Wait          0 ticks/time (           0 ticks,       0 times, max         0, min      -1)
00:00:12.854756 /PDM/CritSects/E1000#0RX/ContentionRZLock          0 times
00:00:12.854758 /PDM/CritSects/E1000#0RX/ContentionRZLockBusy         0 times
00:00:12.854760 /PDM/CritSects/E1000#0RX/ContentionRZUnlock         0 times
00:00:12.854762 /PDM/CritSects/E1000#0RX/ContentionRZWait          0 ticks/time (           0 ticks,       0 times, max         0, min      -1)
00:00:12.854765 /PDM/CritSects/E1000#0TX/ContentionR3              0 times
00:00:12.854767 /PDM/CritSects/E1000#0TX/ContentionR3Wait          0 ticks/time (           0 ticks,       0 times, max         0, min      -1)
00:00:12.854770 /PDM/CritSects/E1000#0TX/ContentionRZLock          0 times
00:00:12.854772 /PDM/CritSects/E1000#0TX/ContentionRZLockBusy         0 times
00:00:12.854774 /PDM/CritSects/E1000#0TX/ContentionRZUnlock         0 times
00:00:12.854777 /PDM/CritSects/E1000#0TX/ContentionRZWait          0 ticks/time (           0 ticks,       0 times, max         0, min      -1)
00:00:12.854780 /PDM/CritSects/HDA/ContentionR3                    0 times
00:00:12.854782 /PDM/CritSects/HDA/ContentionR3Wait                0 ticks/time (           0 ticks,       0 times, max         0, min      -1)
00:00:12.854784 /PDM/CritSects/HDA/ContentionRZLock                0 times
00:00:12.854786 /PDM/CritSects/HDA/ContentionRZLockBusy            0 times
00:00:12.854789 /PDM/CritSects/HDA/ContentionRZUnlock              0 times
00:00:12.854791 /PDM/CritSects/HDA/ContentionRZWait                0 ticks/time (           0 ticks,       0 times, max         0, min      -1)
00:00:12.854793 /PDM/CritSects/NOP/ContentionR3                    0 times
00:00:12.854795 /PDM/CritSects/NOP/ContentionR3Wait                0 ticks/time (           0 ticks,       0 times, max         0, min      -1)
00:00:12.854799 /PDM/CritSects/NOP/ContentionRZLock                0 times
00:00:12.854802 /PDM/CritSects/NOP/ContentionRZLockBusy            0 times
00:00:12.854805 /PDM/CritSects/NOP/ContentionRZUnlock              0 times
00:00:12.854807 /PDM/CritSects/NOP/ContentionRZWait                0 ticks/time (           0 ticks,       0 times, max         0, min      -1)
00:00:12.854809 /PDM/CritSects/PDM/ContentionR3                    0 times
00:00:12.854812 /PDM/CritSects/PDM/ContentionR3Wait                0 ticks/time (           0 ticks,       0 times, max         0, min      -1)
00:00:12.854814 /PDM/CritSects/PDM/ContentionRZLock                0 times
00:00:12.854816 /PDM/CritSects/PDM/ContentionRZLockBusy            0 times
00:00:12.854818 /PDM/CritSects/PDM/ContentionRZUnlock              0 times
00:00:12.854821 /PDM/CritSects/PDM/ContentionRZWait                0 ticks/time (           0 ticks,       0 times, max         0, min      -1)
00:00:12.854824 /PDM/CritSects/PGM/ContentionR3                    0 times
00:00:12.854826 /PDM/CritSects/PGM/ContentionR3Wait                0 ticks/time (           0 ticks,       0 times, max         0, min      -1)
00:00:12.854828 /PDM/CritSects/PGM/ContentionRZLock                0 times
00:00:12.854830 /PDM/CritSects/PGM/ContentionRZLockBusy            0 times
00:00:12.854832 /PDM/CritSects/PGM/ContentionRZUnlock              0 times
00:00:12.854834 /PDM/CritSects/PGM/ContentionRZWait                0 ticks/time (           0 ticks,       0 times, max         0, min      -1)
00:00:12.854837 /PDM/CritSects/TM VirtualSync Lock/ContentionR3         4 times
00:00:12.854839 /PDM/CritSects/TM VirtualSync Lock/ContentionR3Wait      4971 ticks/time (       19887 ticks,       4 times, max      7813, min    2249)
00:00:12.854842 /PDM/CritSects/TM VirtualSync Lock/ContentionRZLock         0 times
00:00:12.854844 /PDM/CritSects/TM VirtualSync Lock/ContentionRZLockBusy         0 times
00:00:12.854846 /PDM/CritSects/TM VirtualSync Lock/ContentionRZUnlock         0 times
00:00:12.854848 /PDM/CritSects/TM VirtualSync Lock/ContentionRZWait         0 ticks/time (           0 ticks,       0 times, max         0, min      -1)
00:00:12.854850 /PDM/CritSects/TM real queue timer lock/ContentionR3         0 times
00:00:12.854853 /PDM/CritSects/TM real queue timer lock/ContentionR3Wait         0 ticks/time (           0 ticks,       0 times, max         0, min      -1)
00:00:12.854855 /PDM/CritSects/TM real queue timer lock/ContentionRZLock         0 times
00:00:12.854857 /PDM/CritSects/TM real queue timer lock/ContentionRZLockBusy         0 times
00:00:12.854859 /PDM/CritSects/TM real queue timer lock/ContentionRZUnlock         0 times
00:00:12.854860 /PDM/CritSects/TM real queue timer lock/ContentionRZWait         0 ticks/time (           0 ticks,       0 times, max         0, min      -1)
00:00:12.854863 /PDM/CritSects/TM tsc queue timer lock/ContentionR3         0 times
00:00:12.854865 /PDM/CritSects/TM tsc queue timer lock/ContentionR3Wait         0 ticks/time (           0 ticks,       0 times, max         0, min      -1)
00:00:12.854867 /PDM/CritSects/TM tsc queue timer lock/ContentionRZLock         0 times
00:00:12.854869 /PDM/CritSects/TM tsc queue timer lock/ContentionRZLockBusy         0 times
00:00:12.854871 /PDM/CritSects/TM tsc queue timer lock/ContentionRZUnlock         0 times
00:00:12.854873 /PDM/CritSects/TM tsc queue timer lock/ContentionRZWait         0 ticks/time (           0 ticks,       0 times, max         0, min      -1)
00:00:12.854875 /PDM/CritSects/TM virtual queue timer lock/ContentionR3         0 times
00:00:12.854877 /PDM/CritSects/TM virtual queue timer lock/ContentionR3Wait         0 ticks/time (           0 ticks,       0 times, max         0, min      -1)
00:00:12.854879 /PDM/CritSects/TM virtual queue timer lock/ContentionRZLock         0 times
00:00:12.854881 /PDM/CritSects/TM virtual queue timer lock/ContentionRZLockBusy         0 times
00:00:12.854883 /PDM/CritSects/TM virtual queue timer lock/ContentionRZUnlock         0 times
00:00:12.854886 /PDM/CritSects/TM virtual queue timer lock/ContentionRZWait         0 ticks/time (           0 ticks,       0 times, max         0, min      -1)
00:00:12.854889 /PDM/CritSects/TM virtual_sync queue timer lock/ContentionR3         0 times
00:00:12.854891 /PDM/CritSects/TM virtual_sync queue timer lock/ContentionR3Wait         0 ticks/time (           0 ticks,       0 times, max         0, min      -1)
00:00:12.854894 /PDM/CritSects/TM virtual_sync queue timer lock/ContentionRZLock         0 times
00:00:12.854896 /PDM/CritSects/TM virtual_sync queue timer lock/ContentionRZLockBusy         0 times
00:00:12.854898 /PDM/CritSects/TM virtual_sync queue timer lock/ContentionRZUnlock         0 times
00:00:12.854900 /PDM/CritSects/TM virtual_sync queue timer lock/ContentionRZWait         0 ticks/time (           0 ticks,       0 times, max         0, min      -1)
00:00:12.855098 /PDM/CritSects/VGA#0/ContentionR3                  0 times
00:00:12.855101 /PDM/CritSects/VGA#0/ContentionR3Wait              0 ticks/time (           0 ticks,       0 times, max         0, min      -1)
00:00:12.855104 /PDM/CritSects/VGA#0/ContentionRZLock              0 times
00:00:12.855106 /PDM/CritSects/VGA#0/ContentionRZLockBusy          0 times
00:00:12.855108 /PDM/CritSects/VGA#0/ContentionRZUnlock            0 times
00:00:12.855110 /PDM/CritSects/VGA#0/ContentionRZWait              0 ticks/time (           0 ticks,       0 times, max         0, min      -1)
00:00:12.855112 /PDM/CritSects/VGA#0_IRQ/ContentionR3              0 times
00:00:12.855114 /PDM/CritSects/VGA#0_IRQ/ContentionR3Wait          0 ticks/time (           0 ticks,       0 times, max         0, min      -1)
00:00:12.855116 /PDM/CritSects/VGA#0_IRQ/ContentionRZLock          0 times
00:00:12.855118 /PDM/CritSects/VGA#0_IRQ/ContentionRZLockBusy         0 times
00:00:12.855120 /PDM/CritSects/VGA#0_IRQ/ContentionRZUnlock         0 times
00:00:12.855122 /PDM/CritSects/VGA#0_IRQ/ContentionRZWait          0 ticks/time (           0 ticks,       0 times, max         0, min      -1)
00:00:12.855124 /PDM/CritSects/VMMDev#0/ContentionR3               0 times
00:00:12.855126 /PDM/CritSects/VMMDev#0/ContentionR3Wait           0 ticks/time (           0 ticks,       0 times, max         0, min      -1)
00:00:12.855163 /PDM/CritSects/VMMDev#0/ContentionRZLock           0 times
00:00:12.855182 /PDM/CritSects/VMMDev#0/ContentionRZLockBusy         0 times
00:00:12.855186 /PDM/CritSects/VMMDev#0/ContentionRZUnlock         0 times
00:00:12.855188 /PDM/CritSects/VMMDev#0/ContentionRZWait           0 ticks/time (           0 ticks,       0 times, max         0, min      -1)
00:00:12.855190 /PDM/CritSects/arm-pl031-rtc#0Auto/ContentionR3         0 times
00:00:12.855192 /PDM/CritSects/arm-pl031-rtc#0Auto/ContentionR3Wait         0 ticks/time (           0 ticks,       0 times, max         0, min      -1)
00:00:12.855194 /PDM/CritSects/arm-pl031-rtc#0Auto/ContentionRZLock         0 times
00:00:12.855196 /PDM/CritSects/arm-pl031-rtc#0Auto/ContentionRZLockBusy         0 times
00:00:12.855199 /PDM/CritSects/arm-pl031-rtc#0Auto/ContentionRZUnlock         0 times
00:00:12.855201 /PDM/CritSects/arm-pl031-rtc#0Auto/ContentionRZWait         0 ticks/time (           0 ticks,       0 times, max         0, min      -1)
00:00:12.855203 /PDM/CritSects/arm-pl061-gpio#0Auto/ContentionR3         0 times
00:00:12.855205 /PDM/CritSects/arm-pl061-gpio#0Auto/ContentionR3Wait         0 ticks/time (           0 ticks,       0 times, max         0, min      -1)
00:00:12.855208 /PDM/CritSects/arm-pl061-gpio#0Auto/ContentionRZLock         0 times
00:00:12.855210 /PDM/CritSects/arm-pl061-gpio#0Auto/ContentionRZLockBusy         0 times
00:00:12.855212 /PDM/CritSects/arm-pl061-gpio#0Auto/ContentionRZUnlock         0 times
00:00:12.855214 /PDM/CritSects/arm-pl061-gpio#0Auto/ContentionRZWait         0 ticks/time (           0 ticks,       0 times, max         0, min      -1)
00:00:12.855216 /PDM/CritSects/flash-cfi#0Auto/ContentionR3         0 times
00:00:12.855220 /PDM/CritSects/flash-cfi#0Auto/ContentionR3Wait         0 ticks/time (           0 ticks,       0 times, max         0, min      -1)
00:00:12.855223 /PDM/CritSects/flash-cfi#0Auto/ContentionRZLock         0 times
00:00:12.855225 /PDM/CritSects/flash-cfi#0Auto/ContentionRZLockBusy         0 times
00:00:12.855227 /PDM/CritSects/flash-cfi#0Auto/ContentionRZUnlock         0 times
00:00:12.855229 /PDM/CritSects/flash-cfi#0Auto/ContentionRZWait         0 ticks/time (           0 ticks,       0 times, max         0, min      -1)
00:00:12.855231 /PDM/CritSects/platform#0Auto/ContentionR3         0 times
00:00:12.855233 /PDM/CritSects/platform#0Auto/ContentionR3Wait         0 ticks/time (           0 ticks,       0 times, max         0, min      -1)
00:00:12.855235 /PDM/CritSects/platform#0Auto/ContentionRZLock         0 times
00:00:12.855237 /PDM/CritSects/platform#0Auto/ContentionRZLockBusy         0 times
00:00:12.855239 /PDM/CritSects/platform#0Auto/ContentionRZUnlock         0 times
00:00:12.855241 /PDM/CritSects/platform#0Auto/ContentionRZWait         0 ticks/time (           0 ticks,       0 times, max         0, min      -1)
00:00:12.855244 /PDM/CritSects/usb-xhci#0Auto/ContentionR3         0 times
00:00:12.855245 /PDM/CritSects/usb-xhci#0Auto/ContentionR3Wait         0 ticks/time (           0 ticks,       0 times, max         0, min      -1)
00:00:12.855247 /PDM/CritSects/usb-xhci#0Auto/ContentionRZLock         0 times
00:00:12.855249 /PDM/CritSects/usb-xhci#0Auto/ContentionRZLockBusy         0 times
00:00:12.855252 /PDM/CritSects/usb-xhci#0Auto/ContentionRZUnlock         0 times
00:00:12.855253 /PDM/CritSects/usb-xhci#0Auto/ContentionRZWait         0 ticks/time (           0 ticks,       0 times, max         0, min      -1)
00:00:12.855256 /PDM/CritSects/virtio-scsi#0Auto/ContentionR3         0 times
00:00:12.855258 /PDM/CritSects/virtio-scsi#0Auto/ContentionR3Wait         0 ticks/time (           0 ticks,       0 times, max         0, min      -1)
00:00:12.855260 /PDM/CritSects/virtio-scsi#0Auto/ContentionRZLock         0 times
00:00:12.855262 /PDM/CritSects/virtio-scsi#0Auto/ContentionRZLockBusy         0 times
00:00:12.855264 /PDM/CritSects/virtio-scsi#0Auto/ContentionRZUnlock         0 times
00:00:12.855266 /PDM/CritSects/virtio-scsi#0Auto/ContentionRZWait         0 ticks/time (           0 ticks,       0 times, max         0, min      -1)
00:00:12.855268 /PDM/CritSects/xHCIIntr#0/ContentionR3             0 times
00:00:12.855270 /PDM/CritSects/xHCIIntr#0/ContentionR3Wait         0 ticks/time (           0 ticks,       0 times, max         0, min      -1)
00:00:12.855272 /PDM/CritSects/xHCIIntr#0/ContentionRZLock         0 times
00:00:12.855274 /PDM/CritSects/xHCIIntr#0/ContentionRZLockBusy         0 times
00:00:12.855276 /PDM/CritSects/xHCIIntr#0/ContentionRZUnlock         0 times
00:00:12.855278 /PDM/CritSects/xHCIIntr#0/ContentionRZWait         0 ticks/time (           0 ticks,       0 times, max         0, min      -1)
00:00:12.855280 /PDM/CritSects/xHCIIntr#1/ContentionR3             0 times
00:00:12.855284 /PDM/CritSects/xHCIIntr#1/ContentionR3Wait         0 ticks/time (           0 ticks,       0 times, max         0, min      -1)
00:00:12.855287 /PDM/CritSects/xHCIIntr#1/ContentionRZLock         0 times
00:00:12.855291 /PDM/CritSects/xHCIIntr#1/ContentionRZLockBusy         0 times
00:00:12.855295 /PDM/CritSects/xHCIIntr#1/ContentionRZUnlock         0 times
00:00:12.855297 /PDM/CritSects/xHCIIntr#1/ContentionRZWait         0 ticks/time (           0 ticks,       0 times, max         0, min      -1)
00:00:12.855309 /PDM/CritSects/xHCIIntr#2/ContentionR3             0 times
00:00:12.855312 /PDM/CritSects/xHCIIntr#2/ContentionR3Wait         0 ticks/time (           0 ticks,       0 times, max         0, min      -1)
00:00:12.855314 /PDM/CritSects/xHCIIntr#2/ContentionRZLock         0 times
00:00:12.855316 /PDM/CritSects/xHCIIntr#2/ContentionRZLockBusy         0 times
00:00:12.855318 /PDM/CritSects/xHCIIntr#2/ContentionRZUnlock         0 times
00:00:12.855321 /PDM/CritSects/xHCIIntr#2/ContentionRZWait         0 ticks/time (           0 ticks,       0 times, max         0, min      -1)
00:00:12.855324 /PDM/CritSects/xHCIIntr#3/ContentionR3             0 times
00:00:12.855326 /PDM/CritSects/xHCIIntr#3/ContentionR3Wait         0 ticks/time (           0 ticks,       0 times, max         0, min      -1)
00:00:12.855328 /PDM/CritSects/xHCIIntr#3/ContentionRZLock         0 times
00:00:12.855330 /PDM/CritSects/xHCIIntr#3/ContentionRZLockBusy         0 times
00:00:12.855332 /PDM/CritSects/xHCIIntr#3/ContentionRZUnlock         0 times
00:00:12.855334 /PDM/CritSects/xHCIIntr#3/ContentionRZWait         0 ticks/time (           0 ticks,       0 times, max         0, min      -1)
00:00:12.855336 /PDM/CritSects/xHCIIntr#4/ContentionR3             0 times
00:00:12.855338 /PDM/CritSects/xHCIIntr#4/ContentionR3Wait         0 ticks/time (           0 ticks,       0 times, max         0, min      -1)
00:00:12.855340 /PDM/CritSects/xHCIIntr#4/ContentionRZLock         0 times
00:00:12.855342 /PDM/CritSects/xHCIIntr#4/ContentionRZLockBusy         0 times
00:00:12.855344 /PDM/CritSects/xHCIIntr#4/ContentionRZUnlock         0 times
00:00:12.855346 /PDM/CritSects/xHCIIntr#4/ContentionRZWait         0 ticks/time (           0 ticks,       0 times, max         0, min      -1)
00:00:12.855348 /PDM/CritSects/xHCIIntr#5/ContentionR3             0 times
00:00:12.855350 /PDM/CritSects/xHCIIntr#5/ContentionR3Wait         0 ticks/time (           0 ticks,       0 times, max         0, min      -1)
00:00:12.855352 /PDM/CritSects/xHCIIntr#5/ContentionRZLock         0 times
00:00:12.855354 /PDM/CritSects/xHCIIntr#5/ContentionRZLockBusy         0 times
00:00:12.855356 /PDM/CritSects/xHCIIntr#5/ContentionRZUnlock         0 times
00:00:12.855358 /PDM/CritSects/xHCIIntr#5/ContentionRZWait         0 ticks/time (           0 ticks,       0 times, max         0, min      -1)
00:00:12.855361 /PDM/CritSects/xHCIIntr#6/ContentionR3             0 times
00:00:12.855363 /PDM/CritSects/xHCIIntr#6/ContentionR3Wait         0 ticks/time (           0 ticks,       0 times, max         0, min      -1)
00:00:12.855365 /PDM/CritSects/xHCIIntr#6/ContentionRZLock         0 times
00:00:12.855367 /PDM/CritSects/xHCIIntr#6/ContentionRZLockBusy         0 times
00:00:12.855369 /PDM/CritSects/xHCIIntr#6/ContentionRZUnlock         0 times
00:00:12.855371 /PDM/CritSects/xHCIIntr#6/ContentionRZWait         0 ticks/time (           0 ticks,       0 times, max         0, min      -1)
00:00:12.855373 /PDM/CritSects/xHCIIntr#7/ContentionR3             0 times
00:00:12.855375 /PDM/CritSects/xHCIIntr#7/ContentionR3Wait         0 ticks/time (           0 ticks,       0 times, max         0, min      -1)
00:00:12.855377 /PDM/CritSects/xHCIIntr#7/ContentionRZLock         0 times
00:00:12.855379 /PDM/CritSects/xHCIIntr#7/ContentionRZLockBusy         0 times
00:00:12.855381 /PDM/CritSects/xHCIIntr#7/ContentionRZUnlock         0 times
00:00:12.855383 /PDM/CritSects/xHCIIntr#7/ContentionRZWait         0 ticks/time (           0 ticks,       0 times, max         0, min      -1)
00:00:12.855385 /PDM/CritSectsRw/00-EnterSharedWhileAborting         0 times
00:00:12.855387 /PDM/CritSectsRw/00-Excl-Non-interruptible-Waits-VINF_SUCCESS         0 times
00:00:12.855389 /PDM/CritSectsRw/00-Excl-VERR_INTERRUPTED          0 times
00:00:12.855391 /PDM/CritSectsRw/00-Excl-VERR_TIMEOUT              0 times
00:00:12.855393 /PDM/CritSectsRw/00-Shared-Non-interruptible-Waits-VINF_SUCCESS         0 times
00:00:12.855395 /PDM/CritSectsRw/00-Shared-VERR_INTERRUPTED         0 times
00:00:12.855397 /PDM/CritSectsRw/00-Shared-VERR_TIMEOUT            0 times
00:00:12.855400 /PDM/CritSectsRw/IOM Lock/ContentionR3EnterExcl         0 times
00:00:12.855402 /PDM/CritSectsRw/IOM Lock/ContentionR3EnterShared         0 times
00:00:12.855404 /PDM/CritSectsRw/IOM Lock/ContentionR3LeaveExcl         0 times
00:00:12.855407 /PDM/CritSectsRw/IOM Lock/ContentionRZEnterExcl         0 times
00:00:12.855409 /PDM/CritSectsRw/IOM Lock/ContentionRZEnterShared         0 times
00:00:12.855412 /PDM/CritSectsRw/IOM Lock/ContentionRZLeaveExcl         0 times
00:00:12.855414 /PDM/CritSectsRw/IOM Lock/ContentionRZLeaveShared         0 times
00:00:12.855416 /PDM/CritSectsRw/IOM Lock/R3EnterExcl              7 times
00:00:12.855418 /PDM/CritSectsRw/IOM Lock/R3EnterShared            0 times
00:00:12.855420 /PDM/CritSectsRw/IOM Lock/RZEnterExcl              0 times
00:00:12.855422 /PDM/CritSectsRw/IOM Lock/RZEnterShared            0 times
00:00:12.855424 /PDM/CritSectsRw/TM real queue alloc lock/ContentionR3EnterExcl         0 times
00:00:12.855428 /PDM/CritSectsRw/TM real queue alloc lock/ContentionR3EnterShared         0 times
00:00:12.855429 /PDM/CritSectsRw/TM real queue alloc lock/ContentionR3LeaveExcl         0 times
00:00:12.855431 /PDM/CritSectsRw/TM real queue alloc lock/ContentionRZEnterExcl         0 times
00:00:12.855434 /PDM/CritSectsRw/TM real queue alloc lock/ContentionRZEnterShared         0 times
00:00:12.855437 /PDM/CritSectsRw/TM real queue alloc lock/ContentionRZLeaveExcl         0 times
00:00:12.855439 /PDM/CritSectsRw/TM real queue alloc lock/ContentionRZLeaveShared         0 times
00:00:12.855442 /PDM/CritSectsRw/TM real queue alloc lock/R3EnterExcl         7 times
00:00:12.855444 /PDM/CritSectsRw/TM real queue alloc lock/R3EnterShared         1 times
00:00:12.855446 /PDM/CritSectsRw/TM real queue alloc lock/RZEnterExcl         0 times
00:00:12.855448 /PDM/CritSectsRw/TM real queue alloc lock/RZEnterShared         0 times
00:00:12.855450 /PDM/CritSectsRw/TM tsc queue alloc lock/ContentionR3EnterExcl         0 times
00:00:12.855452 /PDM/CritSectsRw/TM tsc queue alloc lock/ContentionR3EnterShared         0 times
00:00:12.855454 /PDM/CritSectsRw/TM tsc queue alloc lock/ContentionR3LeaveExcl         0 times
00:00:12.855456 /PDM/CritSectsRw/TM tsc queue alloc lock/ContentionRZEnterExcl         0 times
00:00:12.855458 /PDM/CritSectsRw/TM tsc queue alloc lock/ContentionRZEnterShared         0 times
00:00:12.855461 /PDM/CritSectsRw/TM tsc queue alloc lock/ContentionRZLeaveExcl         0 times
00:00:12.855463 /PDM/CritSectsRw/TM tsc queue alloc lock/ContentionRZLeaveShared         0 times
00:00:12.855465 /PDM/CritSectsRw/TM tsc queue alloc lock/R3EnterExcl         0 times
00:00:12.855467 /PDM/CritSectsRw/TM tsc queue alloc lock/R3EnterShared         1 times
00:00:12.855470 /PDM/CritSectsRw/TM tsc queue alloc lock/RZEnterExcl         0 times
00:00:12.855472 /PDM/CritSectsRw/TM tsc queue alloc lock/RZEnterShared         0 times
00:00:12.855475 /PDM/CritSectsRw/TM virtual queue alloc lock/ContentionR3EnterExcl         0 times
00:00:12.855477 /PDM/CritSectsRw/TM virtual queue alloc lock/ContentionR3EnterShared         0 times
00:00:12.855479 /PDM/CritSectsRw/TM virtual queue alloc lock/ContentionR3LeaveExcl         0 times
00:00:12.855481 /PDM/CritSectsRw/TM virtual queue alloc lock/ContentionRZEnterExcl         0 times
00:00:12.855483 /PDM/CritSectsRw/TM virtual queue alloc lock/ContentionRZEnterShared         0 times
00:00:12.855485 /PDM/CritSectsRw/TM virtual queue alloc lock/ContentionRZLeaveExcl         0 times
00:00:12.855487 /PDM/CritSectsRw/TM virtual queue alloc lock/ContentionRZLeaveShared         0 times
00:00:12.855489 /PDM/CritSectsRw/TM virtual queue alloc lock/R3EnterExcl         9 times
00:00:12.855491 /PDM/CritSectsRw/TM virtual queue alloc lock/R3EnterShared         1 times
00:00:12.855493 /PDM/CritSectsRw/TM virtual queue alloc lock/RZEnterExcl         0 times
00:00:12.855495 /PDM/CritSectsRw/TM virtual queue alloc lock/RZEnterShared         0 times
00:00:12.855498 /PDM/CritSectsRw/TM virtual_sync queue alloc lock/ContentionR3EnterExcl         0 times
00:00:12.855499 /PDM/CritSectsRw/TM virtual_sync queue alloc lock/ContentionR3EnterShared         0 times
00:00:12.855502 /PDM/CritSectsRw/TM virtual_sync queue alloc lock/ContentionR3LeaveExcl         0 times
00:00:12.855504 /PDM/CritSectsRw/TM virtual_sync queue alloc lock/ContentionRZEnterExcl         0 times
00:00:12.855506 /PDM/CritSectsRw/TM virtual_sync queue alloc lock/ContentionRZEnterShared         0 times
00:00:12.855510 /PDM/CritSectsRw/TM virtual_sync queue alloc lock/ContentionRZLeaveExcl         0 times
00:00:12.855513 /PDM/CritSectsRw/TM virtual_sync queue alloc lock/ContentionRZLeaveShared         0 times
00:00:12.855518 /PDM/CritSectsRw/TM virtual_sync queue alloc lock/R3EnterExcl         9 times
00:00:12.855520 /PDM/CritSectsRw/TM virtual_sync queue alloc lock/R3EnterShared         1 times
00:00:12.855522 /PDM/CritSectsRw/TM virtual_sync queue alloc lock/RZEnterExcl         0 times
00:00:12.855524 /PDM/CritSectsRw/TM virtual_sync queue alloc lock/RZEnterShared         0 times
00:00:12.855526 /PDM/Queue/DevHlp/AllocFailures                    0 times
00:00:12.855528 /PDM/Queue/DevHlp/Flush                            0 calls
00:00:12.855530 /PDM/Queue/DevHlp/FlushLeftovers                   0 times
00:00:12.855532 /PDM/Queue/DevHlp/Insert                           0 calls
00:00:12.855535 /PDM/Queue/DevHlp/cItems                          24 count
00:00:12.855537 /PDM/Queue/DevHlp/cbItem                          56 bytes
00:00:12.855539 /PDM/Queue/DevHlp/rcOkay                           0 
00:00:12.855541 /PDM/Queue/Keyboard/AllocFailures                  0 times
00:00:12.855543 /PDM/Queue/Keyboard/Flush                          0 calls
00:00:12.855546 /PDM/Queue/Keyboard/FlushLeftovers                 0 times
00:00:12.855548 /PDM/Queue/Keyboard/Insert                         0 calls
00:00:12.855550 /PDM/Queue/Keyboard/cItems                        64 count
00:00:12.855552 /PDM/Queue/Keyboard/cbItem                        16 bytes
00:00:12.855555 /PDM/Queue/Keyboard/rcOkay                         0 
00:00:12.855557 /PDM/Queue/Mouse/AllocFailures                     0 times
00:00:12.855559 /PDM/Queue/Mouse/Flush                             0 calls
00:00:12.855561 /PDM/Queue/Mouse/FlushLeftovers                    0 times
00:00:12.855563 /PDM/Queue/Mouse/Insert                            0 calls
00:00:12.855566 /PDM/Queue/Mouse/cItems                          128 count
00:00:12.855568 /PDM/Queue/Mouse/cbItem                           32 bytes
00:00:12.855570 /PDM/Queue/Mouse/rcOkay                            0 
00:00:12.855572 /PDM/Queue/SCSI-Eject/AllocFailures                0 times
00:00:12.855574 /PDM/Queue/SCSI-Eject/Flush                        0 calls
00:00:12.855576 /PDM/Queue/SCSI-Eject/FlushLeftovers               0 times
00:00:12.855578 /PDM/Queue/SCSI-Eject/Insert                       0 calls
00:00:12.855580 /PDM/Queue/SCSI-Eject/cItems                       1 count
00:00:12.855582 /PDM/Queue/SCSI-Eject/cbItem                      24 bytes
00:00:12.855585 /PDM/Queue/SCSI-Eject/rcOkay                       0 
00:00:12.855587 /PDM/Queue/SCSI-Eject_1/AllocFailures              0 times
00:00:12.855589 /PDM/Queue/SCSI-Eject_1/Flush                      0 calls
00:00:12.855591 /PDM/Queue/SCSI-Eject_1/FlushLeftovers             0 times
00:00:12.855593 /PDM/Queue/SCSI-Eject_1/Insert                     0 calls
00:00:12.855595 /PDM/Queue/SCSI-Eject_1/cItems                     1 count
00:00:12.855615 /PDM/Queue/SCSI-Eject_1/cbItem                    24 bytes
00:00:12.855617 /PDM/Queue/SCSI-Eject_1/rcOkay                     0 
00:00:12.855620 /PDM/Tasks/000-E1000-Xmit-retriggered              0 times
00:00:12.855622 /PDM/Tasks/000-E1000-Xmit-runs                     0 times
00:00:12.855624 /PDM/Tasks/001-HDA CORB DMA-retriggered            0 times
00:00:12.855626 /PDM/Tasks/001-HDA CORB DMA-runs                   0 times
00:00:12.855628 /PGM/CPU0/R3/Page/MapTlbMisses                     0 times
00:00:12.855631 /PGM/CPU0/R3/RamRange/TlbLocking                   0 times
00:00:12.855633 /PGM/CPU0/R3/RamRange/TlbMisses                    0 times
00:00:12.855635 /PGM/CPU0/RZ/Page/MapTlbMisses                     0 times
00:00:12.855637 /PGM/CPU0/RZ/RamRange/TlbLocking                   0 times
00:00:12.855639 /PGM/CPU0/RZ/RamRange/TlbMisses                    0 times
00:00:12.855641 /PGM/CPU1/R3/Page/MapTlbMisses                     0 times
00:00:12.855644 /PGM/CPU1/R3/RamRange/TlbLocking                   0 times
00:00:12.855647 /PGM/CPU1/R3/RamRange/TlbMisses                    0 times
00:00:12.855649 /PGM/CPU1/RZ/Page/MapTlbMisses                     0 times
00:00:12.855651 /PGM/CPU1/RZ/RamRange/TlbLocking                   0 times
00:00:12.855653 /PGM/CPU1/RZ/RamRange/TlbMisses                    0 times
00:00:12.855655 /PGM/CPU2/R3/Page/MapTlbMisses                     0 times
00:00:12.855657 /PGM/CPU2/R3/RamRange/TlbLocking                   0 times
00:00:12.855659 /PGM/CPU2/R3/RamRange/TlbMisses                    0 times
00:00:12.855661 /PGM/CPU2/RZ/Page/MapTlbMisses                     0 times
00:00:12.855664 /PGM/CPU2/RZ/RamRange/TlbLocking                   0 times
00:00:12.855666 /PGM/CPU2/RZ/RamRange/TlbMisses                    0 times
00:00:12.855668 /PGM/LargePage/Recheck                             0 times
00:00:12.855670 /PGM/LargePage/Refused                             0 times
00:00:12.855672 /PGM/LargePage/Reused                              0 times
00:00:12.855676 /PGM/Mmio2QueryAndResetDirtyBitmap                 0 ticks/call (           0 ticks,       0 calls, max         0, min      -1)
00:00:12.855678 /PGM/Page/cAllPages                          1065737 count
00:00:12.855681 /PGM/Page/cBalloonedPages                          0 count
00:00:12.855683 /PGM/Page/cHandyPages                              0 count
00:00:12.855685 /PGM/Page/cLargePages                              0 count
00:00:12.855687 /PGM/Page/cLargePagesDisabled                      0 count
00:00:12.855689 /PGM/Page/cMonitoredPages                          0 count
00:00:12.855691 /PGM/Page/cPrivatePages                      1060352 count
00:00:12.855693 /PGM/Page/cPureMmioPages                        5385 count
00:00:12.855696 /PGM/Page/cReadLockedPages                         0 count
00:00:12.855698 /PGM/Page/cReusedSharedPages                       0 count
00:00:12.855700 /PGM/Page/cSharedPages                             0 count
00:00:12.855702 /PGM/Page/cWriteLockedPages                        0 count
00:00:12.855704 /PGM/Page/cWrittenToPages                          0 count
00:00:12.855706 /PGM/Page/cZeroPages                               0 count
00:00:12.855708 /PGM/PhysHandlerTree/ErrorsAllocatorR3             0 times
00:00:12.855711 /PGM/PhysHandlerTree/ErrorsTree                    0 times
00:00:12.855713 /PGM/PhysHandlerTree/Inserts                       7 times
00:00:12.855715 /PGM/PhysHandlerTree/MaxHandlers                6144 times
00:00:12.855717 /PGM/PhysHandlerTree/RebalancingOperations         3 times
00:00:12.855719 /PGM/PhysHandlerTree/Removals                      0 times
00:00:12.855721 /PGM/ShMod/Check                                   0 ticks/call (           0 ticks,       0 calls, max         0, min      -1)
00:00:12.855723 /PROF/CPU0/EM/Capped                               0 ticks/call (           0 ticks,       0 calls, max         0, min      -1)
00:00:12.855726 /PROF/CPU0/EM/ForcedActions                      137 times
00:00:12.855728 /PROF/CPU0/EM/HMExec                               0 ticks/call (           0 ticks,       0 calls, max         0, min      -1)
00:00:12.855731 /PROF/CPU0/EM/HMExecuteCalled                      0 times
00:00:12.855733 /PROF/CPU0/EM/Halted                               0 times
00:00:12.855735 /PROF/CPU0/EM/NEMExec                         376673 ticks/call (    51227571 ticks,     136 calls, max    539916, min   45304)
00:00:12.855737 /PROF/CPU0/EM/NEMExecuteCalled                     1 times
00:00:12.855739 /PROF/CPU0/EM/REMTotal                             0 times
00:00:12.855742 /PROF/CPU0/EM/RecordedExits                    42664 times
00:00:12.855766 /PROF/CPU0/EM/Total                         51499773 ticks/call (    51499773 ticks,       1 calls, max  51499773, min 51499773)
00:00:12.855771 /PROF/CPU0/VM/Halt/Block                           0 ns/call (           0 ns,       0 calls, max         0, min      -1)
00:00:12.855787 /PROF/CPU0/VM/Halt/BlockInsomnia                   0 ns/call (           0 ns,       0 calls, max         0, min      -1)
00:00:12.855790 /PROF/CPU0/VM/Halt/BlockOnTime                     0 ns/call (           0 ns,       0 calls, max         0, min      -1)
00:00:12.855793 /PROF/CPU0/VM/Halt/BlockOverslept                  0 ns/call (           0 ns,       0 calls, max         0, min      -1)
00:00:12.855795 /PROF/CPU0/VM/Halt/R0HaltBlock                     0 ns/call (           0 ns,       0 calls, max         0, min      -1)
00:00:12.855798 /PROF/CPU0/VM/Halt/R0HaltBlockInsomnia             0 ns/call (           0 ns,       0 calls, max         0, min      -1)
00:00:12.855800 /PROF/CPU0/VM/Halt/R0HaltBlockOnTime               0 ns/call (           0 ns,       0 calls, max         0, min      -1)
00:00:12.855802 /PROF/CPU0/VM/Halt/R0HaltBlockOverslept            0 ns/call (           0 ns,       0 calls, max         0, min      -1)
00:00:12.855804 /PROF/CPU0/VM/Halt/R0HaltExec                      0 times
00:00:12.855806 /PROF/CPU0/VM/Halt/R0HaltExec/FromBlock            0 times
00:00:12.855808 /PROF/CPU0/VM/Halt/R0HaltExec/FromSpin             0 times
00:00:12.855811 /PROF/CPU0/VM/Halt/R0HaltHistoryCounter            0 times
00:00:12.855814 /PROF/CPU0/VM/Halt/R0HaltHistorySucceeded          0 times
00:00:12.855816 /PROF/CPU0/VM/Halt/R0HaltHistoryToRing3            0 times
00:00:12.855818 /PROF/CPU0/VM/Halt/R0HaltToR3                      0 times
00:00:12.855821 /PROF/CPU0/VM/Halt/R0HaltToR3/FromSpin             0 times
00:00:12.855823 /PROF/CPU0/VM/Halt/R0HaltToR3/Other                0 times
00:00:12.855825 /PROF/CPU0/VM/Halt/R0HaltToR3/PendingFF            0 times
00:00:12.855827 /PROF/CPU0/VM/Halt/R0HaltToR3/PostWaitNoInt         0 times
00:00:12.855829 /PROF/CPU0/VM/Halt/R0HaltToR3/PostWaitPendingFF         0 times
00:00:12.855831 /PROF/CPU0/VM/Halt/R0HaltToR3/SmallDelta           0 times
00:00:12.855833 /PROF/CPU0/VM/Halt/Timers                          0 ns/call (           0 ns,       0 calls, max         0, min      -1)
00:00:12.855835 /PROF/CPU0/VM/Halt/Yield                           0 ns/call (           0 ns,       0 calls, max         0, min      -1)
00:00:12.855837 /PROF/CPU1/EM/Capped                               0 ticks/call (           0 ticks,       0 calls, max         0, min      -1)
00:00:12.855840 /PROF/CPU1/EM/ForcedActions                        1 times
00:00:12.855842 /PROF/CPU1/EM/HMExec                               0 ticks/call (           0 ticks,       0 calls, max         0, min      -1)
00:00:12.855844 /PROF/CPU1/EM/HMExecuteCalled                      0 times
00:00:12.855846 /PROF/CPU1/EM/Halted                               1 times
00:00:12.855848 /PROF/CPU1/EM/NEMExec                       25625863 ticks/call (    51251727 ticks,       2 calls, max  30335916, min 20915811)
00:00:12.855851 /PROF/CPU1/EM/NEMExecuteCalled                     1 times
00:00:12.855853 /PROF/CPU1/EM/REMTotal                             0 times
00:00:12.855855 /PROF/CPU1/EM/RecordedExits                        0 times
00:00:12.855857 /PROF/CPU1/EM/Total                         51498358 ticks/call (    51498358 ticks,       1 calls, max  51498358, min 51498358)
00:00:12.855860 /PROF/CPU1/VM/Halt/Block                           0 ns/call (           0 ns,       0 calls, max         0, min      -1)
00:00:12.855862 /PROF/CPU1/VM/Halt/BlockInsomnia                   0 ns/call (           0 ns,       0 calls, max         0, min      -1)
00:00:12.855864 /PROF/CPU1/VM/Halt/BlockOnTime                     0 ns/call (           0 ns,       0 calls, max         0, min      -1)
00:00:12.855866 /PROF/CPU1/VM/Halt/BlockOverslept                  0 ns/call (           0 ns,       0 calls, max         0, min      -1)
00:00:12.855869 /PROF/CPU1/VM/Halt/R0HaltBlock                     0 ns/call (           0 ns,       0 calls, max         0, min      -1)
00:00:12.855872 /PROF/CPU1/VM/Halt/R0HaltBlockInsomnia             0 ns/call (           0 ns,       0 calls, max         0, min      -1)
00:00:12.855875 /PROF/CPU1/VM/Halt/R0HaltBlockOnTime               0 ns/call (           0 ns,       0 calls, max         0, min      -1)
00:00:12.855878 /PROF/CPU1/VM/Halt/R0HaltBlockOverslept            0 ns/call (           0 ns,       0 calls, max         0, min      -1)
00:00:12.855880 /PROF/CPU1/VM/Halt/R0HaltExec                      0 times
00:00:12.855882 /PROF/CPU1/VM/Halt/R0HaltExec/FromBlock            0 times
00:00:12.855884 /PROF/CPU1/VM/Halt/R0HaltExec/FromSpin             0 times
00:00:12.855886 /PROF/CPU1/VM/Halt/R0HaltHistoryCounter            0 times
00:00:12.855888 /PROF/CPU1/VM/Halt/R0HaltHistorySucceeded          0 times
00:00:12.855890 /PROF/CPU1/VM/Halt/R0HaltHistoryToRing3            0 times
00:00:12.855892 /PROF/CPU1/VM/Halt/R0HaltToR3                      0 times
00:00:12.855894 /PROF/CPU1/VM/Halt/R0HaltToR3/FromSpin             0 times
00:00:12.855896 /PROF/CPU1/VM/Halt/R0HaltToR3/Other                0 times
00:00:12.855898 /PROF/CPU1/VM/Halt/R0HaltToR3/PendingFF            0 times
00:00:12.855900 /PROF/CPU1/VM/Halt/R0HaltToR3/PostWaitNoInt         0 times
00:00:12.855902 /PROF/CPU1/VM/Halt/R0HaltToR3/PostWaitPendingFF         0 times
00:00:12.855904 /PROF/CPU1/VM/Halt/R0HaltToR3/SmallDelta           0 times
00:00:12.855905 /PROF/CPU1/VM/Halt/Timers                          0 ns/call (           0 ns,       0 calls, max         0, min      -1)
00:00:12.855908 /PROF/CPU1/VM/Halt/Yield                           0 ns/call (           0 ns,       0 calls, max         0, min      -1)
00:00:12.855910 /PROF/CPU2/EM/Capped                               0 ticks/call (           0 ticks,       0 calls, max         0, min      -1)
00:00:12.855913 /PROF/CPU2/EM/ForcedActions                        1 times
00:00:12.855915 /PROF/CPU2/EM/HMExec                               0 ticks/call (           0 ticks,       0 calls, max         0, min      -1)
00:00:12.855917 /PROF/CPU2/EM/HMExecuteCalled                      0 times
00:00:12.855919 /PROF/CPU2/EM/Halted                               1 times
00:00:12.855921 /PROF/CPU2/EM/NEMExec                       51251808 ticks/call (    51251808 ticks,       1 calls, max  51251808, min 51251808)
00:00:12.855924 /PROF/CPU2/EM/NEMExecuteCalled                     1 times
00:00:12.855926 /PROF/CPU2/EM/REMTotal                             0 times
00:00:12.855928 /PROF/CPU2/EM/RecordedExits                        0 times
00:00:12.855930 /PROF/CPU2/EM/Total                         51498930 ticks/call (    51498930 ticks,       1 calls, max  51498930, min 51498930)
00:00:12.855932 /PROF/CPU2/VM/Halt/Block                           0 ns/call (           0 ns,       0 calls, max         0, min      -1)
00:00:12.855935 /PROF/CPU2/VM/Halt/BlockInsomnia                   0 ns/call (           0 ns,       0 calls, max         0, min      -1)
00:00:12.855937 /PROF/CPU2/VM/Halt/BlockOnTime                     0 ns/call (           0 ns,       0 calls, max         0, min      -1)
00:00:12.855939 /PROF/CPU2/VM/Halt/BlockOverslept                  0 ns/call (           0 ns,       0 calls, max         0, min      -1)
00:00:12.855941 /PROF/CPU2/VM/Halt/R0HaltBlock                     0 ns/call (           0 ns,       0 calls, max         0, min      -1)
00:00:12.855944 /PROF/CPU2/VM/Halt/R0HaltBlockInsomnia             0 ns/call (           0 ns,       0 calls, max         0, min      -1)
00:00:12.855946 /PROF/CPU2/VM/Halt/R0HaltBlockOnTime               0 ns/call (           0 ns,       0 calls, max         0, min      -1)
00:00:12.855948 /PROF/CPU2/VM/Halt/R0HaltBlockOverslept            0 ns/call (           0 ns,       0 calls, max         0, min      -1)
00:00:12.855950 /PROF/CPU2/VM/Halt/R0HaltExec                      0 times
00:00:12.855952 /PROF/CPU2/VM/Halt/R0HaltExec/FromBlock            0 times
00:00:12.855955 /PROF/CPU2/VM/Halt/R0HaltExec/FromSpin             0 times
00:00:12.855957 /PROF/CPU2/VM/Halt/R0HaltHistoryCounter            0 times
00:00:12.855960 /PROF/CPU2/VM/Halt/R0HaltHistorySucceeded          0 times
00:00:12.855963 /PROF/CPU2/VM/Halt/R0HaltHistoryToRing3            0 times
00:00:12.855966 /PROF/CPU2/VM/Halt/R0HaltToR3                      0 times
00:00:12.855968 /PROF/CPU2/VM/Halt/R0HaltToR3/FromSpin             0 times
00:00:12.855970 /PROF/CPU2/VM/Halt/R0HaltToR3/Other                0 times
00:00:12.855972 /PROF/CPU2/VM/Halt/R0HaltToR3/PendingFF            0 times
00:00:12.855974 /PROF/CPU2/VM/Halt/R0HaltToR3/PostWaitNoInt         0 times
00:00:12.855976 /PROF/CPU2/VM/Halt/R0HaltToR3/PostWaitPendingFF         0 times
00:00:12.855978 /PROF/CPU2/VM/Halt/R0HaltToR3/SmallDelta           0 times
00:00:12.855980 /PROF/CPU2/VM/Halt/Timers                          0 ns/call (           0 ns,       0 calls, max         0, min      -1)
00:00:12.855982 /PROF/CPU2/VM/Halt/Yield                           0 ns/call (           0 ns,       0 calls, max         0, min      -1)
00:00:12.855984 /Public/NetAdapter/0/BytesReceived                 0 bytes
00:00:12.855986 /Public/NetAdapter/0/BytesTransmitted              0 bytes
00:00:12.855988 /Public/NetAdapter/0/e1000                         0 
00:00:12.855991 /Public/Storage/VIRTIO-SCSI0/Port0/QueryBufAttempts         0 count
00:00:12.855993 /Public/Storage/VIRTIO-SCSI0/Port0/QueryBufSuccess         0 count
00:00:12.855997 /Public/Storage/VIRTIO-SCSI0/Port1/QueryBufAttempts         0 count
00:00:12.855998 /Public/Storage/VIRTIO-SCSI0/Port1/QueryBufSuccess         0 count
00:00:12.856002 /TM/CPU/00/cNsExecuting                    738056075 ns
00:00:12.856004 /TM/CPU/00/cNsHalted                               0 ns
00:00:12.856006 /TM/CPU/00/cNsOther                        1944354203 ns
00:00:12.856008 /TM/CPU/00/cNsTotal                        2682410278 ns
00:00:12.856010 /TM/CPU/00/cPeriodsExecuting                   42800 count
00:00:12.856012 /TM/CPU/00/cPeriodsHalted                          0 count
00:00:12.856014 /TM/CPU/00/pctExecuting                           19 %
00:00:12.856017 /TM/CPU/00/pctHalted                               0 %
00:00:12.856019 /TM/CPU/00/pctOther                               80 %
00:00:12.856021 /TM/CPU/01/cNsExecuting                    2668762167 ns
00:00:12.856023 /TM/CPU/01/cNsHalted                          184027 ns
00:00:12.856025 /TM/CPU/01/cNsOther                         13260441 ns
00:00:12.856027 /TM/CPU/01/cNsTotal                        2682206635 ns
00:00:12.856029 /TM/CPU/01/cPeriodsExecuting                       6 count
00:00:12.856031 /TM/CPU/01/cPeriodsHalted                          1 count
00:00:12.856033 /TM/CPU/01/pctExecuting                           99 %
00:00:12.856035 /TM/CPU/01/pctHalted                               0 %
00:00:12.856038 /TM/CPU/01/pctOther                                0 %
00:00:12.856040 /TM/CPU/02/cNsExecuting                    2668956490 ns
00:00:12.856042 /TM/CPU/02/cNsHalted                          177003 ns
00:00:12.856044 /TM/CPU/02/cNsOther                         13102487 ns
00:00:12.856046 /TM/CPU/02/cNsTotal                        2682235980 ns
00:00:12.856048 /TM/CPU/02/cPeriodsExecuting                       6 count
00:00:12.856050 /TM/CPU/02/cPeriodsHalted                          1 count
00:00:12.856052 /TM/CPU/02/pctExecuting                           99 %
00:00:12.856054 /TM/CPU/02/pctHalted                               0 %
00:00:12.856057 /TM/CPU/02/pctOther                                0 %
00:00:12.856059 /TM/CPU/pctExecuting                              73 %
00:00:12.856061 /TM/CPU/pctHalted                                  0 %
00:00:12.856063 /TM/CPU/pctOther                                  26 %
00:00:12.856065 /TM/MaxHzHint                                      0 Hz
00:00:12.856067 /TM/MaxHzHint/real                                 0 Hz
00:00:12.856069 /TM/MaxHzHint/tsc                                  0 Hz
00:00:12.856073 /TM/MaxHzHint/virtual                              0 Hz
00:00:12.856075 /TM/MaxHzHint/virtual_sync                         0 Hz
00:00:12.856077 /TM/R3/1nsSteps                                  670 times
00:00:12.856081 /TM/TSC/offCPU0                                    0 ticks
00:00:12.856083 /TM/TSC/offCPU1                                    0 ticks
00:00:12.856085 /TM/TSC/offCPU2                                    0 ticks
00:00:12.856088 /TM/VirtualSync/CurrentOffset                      0 ns
00:00:12.856096 /VMM/EmtHashCollisions/Emt00                       0 times
00:00:12.856099 /VMM/EmtHashCollisions/Emt01                       0 times
00:00:12.856102 /VMM/EmtHashCollisions/Emt02                       1 times
00:00:12.856104 /VMM/LogFlush/00-Flushes                           0 times
00:00:12.856106 /VMM/LogFlush/00-NoWakups                          0 times
00:00:12.856110 /VMM/LogFlush/CPU0/Rel/cbBuf                    4096 bytes
00:00:12.856113 /VMM/LogFlush/CPU1/Rel/cbBuf                    4096 bytes
00:00:12.856116 /VMM/LogFlush/CPU2/Rel/cbBuf                    4096 bytes
00:00:12.856118 /VUSB/0/cUrbsInPool                                0 count
00:00:12.856120 /VUSB/1/cUrbsInPool                                0 count
00:00:12.856123 ********************* End of statistics **********************
00:00:12.856382 VUSB: Detached 'HidKeyboard' from port 1 on RootHub#1
00:00:12.856715 VUSB: Detached 'HidMouse' from port 2 on RootHub#1
00:00:12.861534 E1000#0: Interrupt attempts: 0
00:00:12.861543 E1000#0: Interrupts raised : 0
00:00:12.861545 E1000#0: Interrupts lowered: 0
00:00:12.861548 E1000#0: ICR outside ISR   : 0
00:00:12.861550 E1000#0: IMS raised ints   : 0
00:00:12.861552 E1000#0: Interrupts skipped: 0
00:00:12.861555 E1000#0: Masked interrupts : 0
00:00:12.861557 E1000#0: Early interrupts  : 0
00:00:12.861559 E1000#0: Late interrupts   : 0
00:00:12.861561 E1000#0: Lost interrupts   : 0
00:00:12.861564 E1000#0: Interrupts by RX  : 0
00:00:12.861567 E1000#0: Interrupts by TX  : 0
00:00:12.861589 E1000#0: Interrupts by ICS : 0
00:00:12.861591 E1000#0: Interrupts by RDTR: 0
00:00:12.861593 E1000#0: Interrupts by RDMT: 0
00:00:12.861595 E1000#0: Interrupts by TXQE: 0
00:00:12.861597 E1000#0: TX int delay asked: 0
00:00:12.861598 E1000#0: TX delayed:         0
00:00:12.861600 E1000#0: TX delay expired:   0
00:00:12.861602 E1000#0: TX no report asked: 0
00:00:12.861604 E1000#0: TX abs timer expd : 0
00:00:12.861606 E1000#0: TX int timer expd : 0
00:00:12.861609 E1000#0: RX abs timer expd : 0
00:00:12.861611 E1000#0: RX int timer expd : 0
00:00:12.861612 E1000#0: TX CTX descriptors: 0
00:00:12.861614 E1000#0: TX DAT descriptors: 0
00:00:12.861617 E1000#0: TX LEG descriptors: 0
00:00:12.861619 E1000#0: Received frames   : 0
00:00:12.861621 E1000#0: Transmitted frames: 0
00:00:12.861623 E1000#0: TX frames up to 1514: 0
00:00:12.861625 E1000#0: TX frames up to 2962: 0
00:00:12.861627 E1000#0: TX frames up to 4410: 0
00:00:12.861629 E1000#0: TX frames up to 5858: 0
00:00:12.861631 E1000#0: TX frames up to 7306: 0
00:00:12.861633 E1000#0: TX frames up to 8754: 0
00:00:12.861635 E1000#0: TX frames up to 16384: 0
00:00:12.861637 E1000#0: TX frames up to 32768: 0
00:00:12.861638 E1000#0: Larger TX frames    : 0
00:00:12.861641 E1000#0: Max TX Delay        : 0
00:00:12.863360 NEM: Destroying partition 0000015e0c4ffcd0 with its 3 VCpus...
00:00:13.019711 vmmR3LogFlusher: Terminating (VERR_OBJECT_DESTROYED)
00:00:13.019977 Changing the VM state from 'DESTROYING' to 'TERMINATED'
00:00:13.020002 Console: Machine state changed to 'PoweredOff'
00:00:13.043063 GUI: Request for async QApp quit.
00:00:13.052838 GUI: UICommon: Handling aboutToQuit request..
00:00:14.032298 GUI: UICommon: aboutToQuit request handled!
